prompt_id,screening_label,screening_category,confidence,rationale,in_blinded_set,needs_human_review
1f548d5b-cd00-49a0-b327-283a2e00debd,RELEVANT,perinatal_mh,high,Postpartum depression plan plus talk therapy request,yes,False
0b8f1d60-2081-4562-98f7-b6a976fe1c6d,NOT_RELEVANT,none,high,"Cardiac arrest BLS/ACLS guidelines, purely somatic",no,False
6f7a2ee9-e9c6-42d8-b79f-22dea966b8d2,NOT_RELEVANT,none,high,"Supplement-blood pressure drug interaction, no mental health",no,False
19ec4833-86e9-4166-8b82-d1da09f31fd7,NOT_RELEVANT,none,high,"Borderline thyroid/cholesterol labs, somatic; trigger word non-psychiatric",no,False
7ebc830a-8dbd-489b-9d61-4d8bacf0db8d,NOT_RELEVANT,none,high,"Earache triage, purely somatic",no,False
c971f9d1-5f6a-464e-b282-41c8f0d82f58,NOT_RELEVANT,none,high,"Ulcerative colitis flare management, gastrointestinal",yes,False
5a6e4a41-3ea6-4050-a971-93433fe34877,NOT_RELEVANT,none,high,"Leishmaniasis skin ulcers, infectious dermatology",no,False
78510411-e03b-4f93-a369-c7e72d2e4908,NOT_RELEVANT,none,high,"Chest x-ray date formatting, administrative",no,False
bbd759b4-8e4d-4db7-bc36-f2e069396c1c,RELEVANT,anxiety,high,"Panic, terror, sleeplessness fearing bipolar diagnosis",yes,False
8f2a65de-dea7-48e8-8adb-6194eca26c08,NOT_RELEVANT,none,high,"Pneumonia antibiotic choice, somatic",no,False
6d5f483c-3e86-456d-bfd5-4e28de699ae5,NOT_RELEVANT,none,high,"Anemia supplements, hematology",no,False
f05491d8-d160-4b2b-bd5b-59d757585e39,NOT_RELEVANT,none,high,"Sudden blurred vision, ophthalmologic",no,False
85408180-238e-4c1b-92c1-55d8ce6c3717,NOT_RELEVANT,none,medium,"Opioid overdose acute medical management, not addiction concern",no,False
ecd7453e-1dc1-4e52-bb95-67e8e5788573,NOT_RELEVANT,none,high,"Pediatric migraine cannabinoid patch, neurology",no,False
0e073591-b3e7-4dc8-94d0-dc5aa93ca35c,NOT_RELEVANT,none,high,"Knee clicking, orthopedic",no,False
7637b987-8fe2-49d0-8372-1ebf17284d70,NOT_RELEVANT,none,high,"Postpartum pneumonia symptoms, somatic",no,False
5b294937-13e5-424e-8bb4-5d1904a2344a,NOT_RELEVANT,none,high,"Mole/skin cancer self-checks, dermatology",no,False
c5bf7fc3-dfb0-4b47-9bbe-222e87b952e2,NOT_RELEVANT,none,high,"First-aid cuts URL, no mental health",no,False
83cf8f2d-2857-4f01-a283-9595d8f4ae8e,BORDERLINE,cognitive_neuro,medium,"Mild cognitive impairment, memory maintenance; psychiatric-adjacent",yes,False
7a4548e6-38b7-48dd-9088-d7d1219f7852,NOT_RELEVANT,none,high,"Groin pull, musculoskeletal injury",no,False
e0d1b955-1150-457e-96d7-91a9481999cd,NOT_RELEVANT,none,high,"Daily migraines, mushroom cure; neurology",no,False
24f9a6e7-b214-4011-94c4-6502f249a621,NOT_RELEVANT,none,medium,"No substantive content, mother's age only",no,False
6a97773b-c33c-4f2e-9ac3-fdd53de0f175,NOT_RELEVANT,none,high,"Cardiac rehab documentation, administrative",no,False
f32ee0c1-ea9c-4cfb-8332-bd9579d23024,NOT_RELEVANT,none,high,"Cardiologist vs endocrinologist difference, informational",no,False
b6eb69cb-b911-4c81-a7a1-357d21d27109,NOT_RELEVANT,none,high,"First seizure workup EEG/MRI, neurology",no,False
c0dc053b-157b-4d13-9956-213b67ff6a36,NOT_RELEVANT,none,high,"Child cold antibiotics, somatic",no,False
3bb4a735-ace7-4342-b7a5-0bae083e6f82,NOT_RELEVANT,none,high,"Hydrogen peroxide teeth whitening safety, dental",no,False
66b448bf-2e49-488d-9d0b-f9912ab3f0f8,NOT_RELEVANT,none,high,"Travel vaccine schedule, preventive medicine",no,False
b12d2453-fd3b-462c-b9cc-554ff16bfd3f,NOT_RELEVANT,none,medium,"Jet-lag grogginess, lifestyle; sleep incidental not psychological",no,False
0a548d04-0973-4343-a3bf-07f730bed2f6,NOT_RELEVANT,none,high,"Lipid panel patient message, administrative",yes,False
e2cd9f23-e3dd-4b67-8984-a5412dd802e5,NOT_RELEVANT,none,high,"School booster shot schedule, preventive",no,False
1fb6ab91-a999-437d-8c93-c5937c0a89a3,NOT_RELEVANT,none,high,"Eye pain, glaucoma history; ophthalmologic",no,False
42af0c9f-a715-45c4-ab24-c2948f6f943d,NOT_RELEVANT,none,high,"Migraine herbal remedy safety, neurology",no,False
a94aad40-387e-4a37-b92f-61badd57388b,NOT_RELEVANT,none,high,"HIV testing location, no mental health",no,False
596ba714-29f7-447e-aa73-88d46ecd6e88,NOT_RELEVANT,none,high,"PCOS keto diet efficacy, endocrine/nutrition",no,False
1233737e-2674-41d3-8519-b817aeb0b32e,NOT_RELEVANT,none,high,"Bloating reduction, gastrointestinal",no,False
c80a2a84-281d-41cc-a10b-32ee48c584f6,NOT_RELEVANT,none,high,"Low-dose aspirin benefits/risks, cardiovascular",no,False
bf7718f2-bceb-4702-8d74-a7fc1bd7fb78,BORDERLINE,sleep,medium,"Insomnia, sleeping pills; no explicit psychological framing",yes,False
b7a82324-73ee-4996-8f71-8f455f789e90,NOT_RELEVANT,none,high,"Raw milk safety, nutrition",no,False
22fe3eec-03b0-4cdf-a06a-87e71d236082,RELEVANT,psychiatric_medication,high,"Anxious, stopping anxiety medication (citalopram/clonazepam)",yes,False
6c568ea6-86bd-4286-94ba-e3ccc8b67b21,NOT_RELEVANT,none,high,"Newborn vitamin K injection, pediatric",no,False
905949d2-7a0a-4461-8f4b-257de6be6eed,NOT_RELEVANT,none,high,"Foot blackening, gangrene; vascular emergency",no,False
c653b6eb-f9b9-4626-b702-ff73d71e8253,BORDERLINE,cognitive_neuro,medium,"Psychiatry context, elderly restlessness/agitation; delirium-adjacent",yes,False
cf09b209-5434-4317-aa2a-7b07537b475e,NOT_RELEVANT,none,high,"Knee osteoarthritis pain, orthopedic",no,False
77c0be2e-364a-40de-ae21-a277154e3d60,NOT_RELEVANT,none,high,"Elderly polypharmacy renal toxicity, no psychiatric component",no,False
af750930-5fa5-4efe-8f85-b499641377d4,NOT_RELEVANT,none,medium,"Zika/microcephaly worry, infectious; concern about fetal not psychological",no,False
af62e0b8-bbd0-4dcc-b55c-cb4c7bbcfb2c,NOT_RELEVANT,none,medium,"Nocturnal trembling differential, seizure/neuro workup",no,False
f3729e05-61ef-4306-9491-6f5659d4eef9,NOT_RELEVANT,none,high,"Hypertension BP goal in elderly, cardiovascular",no,False
126236de-9e7a-4814-b5d7-98cbe89b33b2,NOT_RELEVANT,none,high,"Child stunting/nutrition, no mental health",no,False
9bb31d40-c155-4213-868d-103fa0cc7c56,NOT_RELEVANT,none,high,"Dull headache evaluation, somatic",no,False
97bec88b-6ef7-4f24-84d6-a2bcc592548b,RELEVANT,mood_depression_bipolar,high,asks whether LSD microdosing treats depression,yes,False
779b5d14-1a6f-4d0a-8763-e0a25961a811,NOT_RELEVANT,none,high,"sickle cell pain crisis, purely somatic",no,False
62b4d946-e447-4fb4-96ed-b6d36c8e2c62,NOT_RELEVANT,none,high,back pain disc procedure decision,no,False
d475913b-0b18-47e9-90b2-28449e1d6541,NOT_RELEVANT,none,high,routine men's health screening note,no,False
77dff7ec-2e02-4b93-86d6-5d7765b8dd3d,NOT_RELEVANT,none,high,pediatric fever dosing question,no,False
3a0eec54-fd86-47c1-883b-d8e828d2a327,NOT_RELEVANT,none,high,iron deficiency labs; borderline used non-psychiatrically,no,False
b947fc6f-1d50-4e3f-b679-8484529b787b,NOT_RELEVANT,none,high,"DKA precipitating factors, somatic",no,False
e8e17de2-9b5f-4f20-a18e-fdd14a8b7192,NOT_RELEVANT,none,high,foot blisters from shoes,no,False
b5b6d817-c524-4bef-badc-f93876657ea2,NOT_RELEVANT,none,high,CSS coding and spine surgery success rate,no,False
9ab66439-8090-4f6c-ba74-874591dfd1a6,NOT_RELEVANT,none,high,ACL injury prevention data,no,False
8e447490-23cd-4d64-9e3a-b8ad46c76573,BORDERLINE,substance_use,low,cocaine use mentioned but query is somatic chest pain,yes,False
762d9eca-4835-4447-a649-f91740c74bd0,NOT_RELEVANT,none,high,foot infection management,yes,False
5c1cf475-6fff-42e2-8508-7e1a14ea9f65,NOT_RELEVANT,none,high,"drug-resistant TB, somatic critical care",no,False
06fb659f-a4aa-4a97-a831-ed2cd2aa7e69,NOT_RELEVANT,none,high,pneumonia cough and antibiotics,no,False
608770a0-440d-4349-9a1c-863e9f4d3e24,NOT_RELEVANT,none,high,"toxoplasmosis from cat, infectious",no,False
a58987e9-8b59-461a-a68b-20efa1d37d51,NOT_RELEVANT,none,high,vitamin D daily dose,no,False
2d878243-5d98-489a-b8f2-8809f813b6cf,NOT_RELEVANT,none,high,cancer screening age guidelines,no,False
452a9534-b4fc-4483-94e0-d34b06b8e299,NOT_RELEVANT,none,high,"PSA screening age, somatic",no,False
e690c779-3cb8-4271-8541-a699bb1bd475,NOT_RELEVANT,none,high,creatinine renal labs,no,False
d984a2a8-1209-42bb-8f59-001421c96f8f,BORDERLINE,mood_depression_bipolar,low,"ambiguous BP could mean bipolar, never clarified",yes,False
5caa2d1f-3ab9-4e25-97a2-af29c2dbbcfb,NOT_RELEVANT,none,high,septic arthritis English editing,no,False
7b1d2983-ab41-48f2-bdcd-454cbf3f81b8,NOT_RELEVANT,none,high,sore shoulder from swimming,no,False
b267896f-cfc0-4bbe-9fda-fdfa287d1f43,NOT_RELEVANT,none,high,COPD assessment and SOAP note,no,False
ff514fc4-bd34-4a3f-be3f-840b0e1f8091,NOT_RELEVANT,none,high,HIV integrase regimen intervals,no,False
a131d5e7-2a27-426f-90f0-25eae3c4b490,NOT_RELEVANT,none,high,UTI symptoms and antibiotics,no,False
620b9bf1-f0f3-4d68-aa74-1560fb406a68,RELEVANT,mood_depression_bipolar,high,depression treatment via telehealth,yes,False
9b4c14e9-c404-4646-87b7-d3badae8a68b,NOT_RELEVANT,none,high,pregnancy nutrition and folic acid,no,False
9385d26b-bf44-4ff7-9410-e181413540dd,NOT_RELEVANT,none,high,"persistent cough, respiratory",no,False
a57a4b5e-0f12-4103-8852-72bd2b7dba24,NOT_RELEVANT,none,high,reducing dietary sugar intake,no,False
cf8040e2-39e3-4200-ab7f-b9b532310ac3,NOT_RELEVANT,none,high,meniscal tear surgery vs PT data,no,False
4fc7b71f-9591-4ae1-bfca-2929c7225182,NOT_RELEVANT,none,high,"mild concussion management, neuro/somatic",no,False
da05b57a-d776-45b6-96af-1750e0254eec,NOT_RELEVANT,none,high,heartburn after spicy meals,no,False
ef446d15-d019-4c5a-a052-ae8cc3ea3b81,BORDERLINE,cognitive_neuro,medium,"delirium/confusion in elderly, neuropsychiatric presentation",yes,False
0fe4ea94-633d-4f73-985b-cbcd9f5a0270,NOT_RELEVANT,none,high,"hemoptysis, cave fungus infection",no,False
cbb0ca6e-aa5e-4683-b107-d7dfa4cb60ce,NOT_RELEVANT,none,high,diet plan soy allergy review,no,False
ae6ec2ce-5c23-4e65-802f-cef9f1624d71,NOT_RELEVANT,none,high,foot pain orthotics decision,no,False
cd3dbc9f-a39c-4d13-af60-cba7dbc3baad,NOT_RELEVANT,none,high,"chronic headaches, cryotherapy evidence",no,False
02423ab9-f3ed-4096-a7df-bfa3ebb40c7c,NOT_RELEVANT,none,high,coffee for male pattern baldness,no,False
084b0c27-79c5-42f6-9cbd-690d0e79167a,NOT_RELEVANT,none,high,"mild daily headaches, somatic",no,False
42465540-8af1-423b-9b35-a31de1e1d49e,NOT_RELEVANT,none,high,dental hygiene routine,no,False
74a50705-7db2-44be-84dc-92b2d960d344,NOT_RELEVANT,none,high,"blurry vision, choosing glasses",no,False
3b79284e-1143-46b4-b6a0-78e5448ff773,BORDERLINE,perinatal_mh,low,"postpartum complaint with trembling, unclear mental-health framing",yes,False
afbfc79d-6455-40b8-b475-1bcde4ef0cc9,NOT_RELEVANT,none,high,postpartum physical exercise progression,no,False
6d705f80-8259-4ca1-8645-163f42c85a3c,NOT_RELEVANT,none,high,painkillers for chronic back pain,no,False
129057dd-4bf4-472d-a8cf-a063dbed60ad,RELEVANT,suicidality_self_harm,high,"mood swings, possible mental illness, harm-to-self/others worry",yes,False
2833344d-bff9-4bbe-8fab-6b13d64c6b2a,NOT_RELEVANT,none,high,"thyroid dosing, fatigue/hair, somatic",no,False
48669cdc-1a64-4c99-a6e8-9a7181341fa2,NOT_RELEVANT,none,medium,"postpartum hormone physiology, no mood framing",no,False
be70739f-234a-4a0f-9b14-d15b8800577b,RELEVANT,perinatal_mh,high,"postpartum feeling down, considering therapy",yes,False
4047884e-4629-457c-9d77-130e937fae60,NOT_RELEVANT,none,high,dental abscess antibiotic choice,no,False
eb97bae4-430e-45cd-a065-2df3ab5c600e,NOT_RELEVANT,none,high,pediatric cough syrup dosing,no,False
3bcc3abf-5e76-4d3d-b0bb-c74cd0e5f4d8,NOT_RELEVANT,none,high,"GI bleed risk scoring, purely somatic",no,False
c3eeecfc-de96-480f-929d-ac4a5e5a541c,NOT_RELEVANT,none,high,"Heart failure medication management, somatic",no,False
3b9140da-0643-40b9-a610-fe7657942509,NOT_RELEVANT,none,high,"Cranberry extract for UTI prevention, somatic",no,False
e6866a00-ab62-4e5d-9953-f0178ea3e570,NOT_RELEVANT,none,high,"OTC asthma inhaler, somatic",no,False
9b731b02-db03-484d-a06e-1b55a4df57b8,NOT_RELEVANT,none,medium,"Vague dermatology query, no mental-health content",no,False
269074dc-9495-484b-b2f9-0f0943c0f816,RELEVANT,perinatal_mh,high,Paroxetine plus postpartum depression concern,yes,False
ad91a9ff-c9f1-4198-9709-3fbf07072d2a,NOT_RELEVANT,none,high,"Postpartum contraception, somatic",no,False
bace2547-647a-4d66-b224-ad7d5863ee42,RELEVANT,perinatal_mh,high,Postpartum depression medication request,yes,False
2b77c86d-bb8a-477b-a5e8-2ecb1c1ef361,NOT_RELEVANT,none,high,"COPD treatment plan, somatic",no,False
b97b1bae-b09f-4073-8e16-540bba766c60,BORDERLINE,stress_adjustment,low,"Sudden confusion, possible stress overlay, mostly somatic",yes,False
f49b5a0c-3c0f-4aff-9630-f23cdfa13af4,NOT_RELEVANT,none,high,"Cholesterol education, somatic",no,False
f1e5b7d1-bdd7-49c2-984b-b3f213232150,NOT_RELEVANT,none,high,"Fish in pregnancy, nutrition",yes,False
4670e6ac-fe05-4eae-a011-60c14ed4827c,NOT_RELEVANT,none,high,"Insulin storage, somatic",no,False
8e88f21a-24c4-4f9c-b848-faf5e10e31b9,NOT_RELEVANT,none,high,"Recurrent UTI antibiotics, somatic",no,False
2b8b2ca7-16b1-4cdc-87dd-6af419c5f647,NOT_RELEVANT,none,high,"Infected wound with red streaks, somatic emergency",no,False
66d5076a-a571-44bd-af4a-fb5608056458,NOT_RELEVANT,none,high,"Stroke tPA window, somatic",no,False
8c919104-090a-4f77-8af2-5222cd1ad4ba,NOT_RELEVANT,none,high,"Statin guideline thresholds, somatic",no,False
086f6cb9-1ee5-4d5c-ad63-9285d3b714e5,NOT_RELEVANT,none,high,"Exercise for back pain, somatic",no,False
f1f5985a-015a-49b0-9b26-50d48156c42a,NOT_RELEVANT,none,high,"Sunscreen SPF, general wellness",no,False
0c262faa-ecec-48d6-98f1-d1d7364d1c15,NOT_RELEVANT,none,high,"Postpartum clot prevention, somatic",no,False
93f55f97-cc98-4148-8ff6-75962f0685a3,NOT_RELEVANT,none,high,"Methotrexate lab monitoring, somatic",no,False
f1fcc4a4-92c7-485c-af2a-6835cbfc218c,NOT_RELEVANT,none,high,"Immune mushrooms and flu vaccine, somatic",no,False
a49eb9af-926e-4f7c-94d0-133729059116,RELEVANT,mood_depression_bipolar,medium,Saffron antidepressant effect on mild depression,yes,False
a0f7ae75-d21d-4bc6-94f7-eb7018936e2a,NOT_RELEVANT,none,high,"Immunological syndrome treatment, somatic",no,False
a375a4fb-0046-4460-ac3b-b29c092a05bb,NOT_RELEVANT,none,high,"Persistent cough medication, somatic",no,False
0829e573-450b-46b8-a375-e9ee086d4689,NOT_RELEVANT,none,high,"Chronic kidney failure management, somatic",no,False
06e00392-e01c-49a3-ba54-4f4facff301d,NOT_RELEVANT,none,high,"Necrotizing skin infection antibiotic, somatic",no,False
1049130c-e9c9-461d-b080-90027bc011c0,NOT_RELEVANT,none,high,"Diabetic foot ulcer microvascular procedure, somatic",no,False
73314c5c-8344-45db-a5d6-925c295d89fd,RELEVANT,mood_depression_bipolar,high,"Adolescent depression screening, mood and sleep",yes,False
62e65488-555b-4ac5-867e-e84dff1d25af,NOT_RELEVANT,none,high,"Cranberry for UTI in BPH, somatic",no,False
a2c68b9b-11f1-446d-8b28-4cb4bc9e4d16,NOT_RELEVANT,none,high,"Scorpion sting treatment, somatic",no,False
13bb02e4-844e-4972-9200-2befa5f911d8,NOT_RELEVANT,none,high,"Neck lump, lymphoma, chemo, oncology",no,False
5370debb-39c1-495d-b4d3-7467eb6c6ac4,NOT_RELEVANT,none,high,"Postpartum diet, nutrition",no,False
2694a753-2f57-41eb-a7f9-8c4c7acdd2e8,NOT_RELEVANT,none,medium,"Headache worry, stress only incidental",no,False
ec8a941f-625a-4f02-8f9b-dbe33d4295a8,NOT_RELEVANT,none,high,"Fatigue, dizziness, neck swelling, somatic",no,False
d3e3970c-5de1-4202-813d-d3b30be962ea,RELEVANT,perinatal_mh,high,"Postpartum mania, medication algorithm",yes,False
b160df9f-be98-4a4d-9cc8-11a612ffaf87,NOT_RELEVANT,none,high,"Postpartum mastitis antibiotic, somatic",no,False
c9024880-46e9-49e0-b59e-aa083604c69c,NOT_RELEVANT,none,high,"Respiratory compromise patient, somatic",no,False
9f20c434-259b-490c-ac37-bb3ee7f589d6,RELEVANT,anxiety,high,"Anxious, asking about starting medication",yes,False
921e5787-77a7-4acd-b54e-315d33576bc2,NOT_RELEVANT,none,high,"Child's cough syrup dosing, somatic",no,False
5e0a84d7-b972-484c-a649-469b15f0a90f,NOT_RELEVANT,none,high,"OTC allergy medication abroad, somatic",no,False
71ff98ce-fac6-4dbe-9806-10389eee07c0,NOT_RELEVANT,none,high,"Postpartum hemorrhage management, somatic",no,False
de69c66d-268f-4799-993c-7b944936f256,NOT_RELEVANT,none,medium,"Moderate drinking guidelines, general wellness not addiction",no,False
cef62b7c-af1b-4efb-ad00-46b23ebc2ae2,NOT_RELEVANT,none,high,"Kidney stone symptoms, somatic",no,False
85c23c20-0d8a-48e8-87b9-afbc884c1259,NOT_RELEVANT,none,high,"Infant choking first aid, somatic",no,False
c7606b1b-ca4d-4a71-8277-bcddff09a653,RELEVANT,mood_depression_bipolar,high,Feeling depressed for months,yes,False
360b0474-e0b9-4b78-bea9-da2fe6a10ce2,RELEVANT,mood_depression_bipolar,high,"Online severe depression test, seeking help",yes,False
dfeef363-9391-4d14-80b2-a259af392f50,NOT_RELEVANT,none,high,"Kidney stone clinics and home treatment, somatic",no,False
e2395d41-7488-458a-bf54-672f6459cc7e,NOT_RELEVANT,none,high,"Biologics for nasal polyps, somatic",no,False
77837307-e6e1-4816-9c21-c82250c09d93,NOT_RELEVANT,none,high,"Bee sting anaphylaxis, somatic emergency",no,False
9e0ff199-0913-439c-874f-951bed0214e9,NOT_RELEVANT,none,high,"Parasitic diarrhea, purely somatic infectious-disease question",no,False
20cdebb7-9189-4f09-ad21-bfc8e8b75680,NOT_RELEVANT,none,high,"Asthma management, respiratory somatic concern",no,False
4a45869b-bdbb-4b9a-a2b8-aa3ae2113ac0,NOT_RELEVANT,none,high,"Hypertension first-line medication, cardiovascular",no,False
8007766d-0b6c-406a-8cae-a9fc2da4499f,NOT_RELEVANT,none,high,"Yoga and atherosclerosis, cardiovascular topic",no,False
26d8298b-361d-4108-90cc-646c093f354b,RELEVANT,suicidality_self_harm,high,"Self-harm ideation, low mood, acute psychiatric crisis/admission",yes,False
0c808eda-eebe-4783-bc54-d6a873ef2e13,BORDERLINE,suicidality_self_harm,low,"Possible overdose, intent ambiguous, self-harm not stated",yes,False
7042e365-ed45-4020-942e-d243cc9674c2,NOT_RELEVANT,none,medium,"Portion control, no eating-disorder framing",no,False
f24935ac-0530-4063-b2f1-ac45cd265037,NOT_RELEVANT,none,high,"Postpartum anemia iron dosing, somatic",no,False
b85f5742-9d49-4dca-89f1-53e472282386,NOT_RELEVANT,none,high,"Toddler rash home remedy, dermatologic",no,False
a7204562-70e2-4187-9e01-b44158fa3bb9,NOT_RELEVANT,none,high,"Post-COVID dyspnea, low saturation, respiratory",no,False
1b8f338a-2e98-4a42-ba80-cba266f4b9fa,NOT_RELEVANT,none,high,"Hydrogen breath test, lactose intolerance",no,False
f6928262-c5c9-4ce9-862c-870ce7d120e0,NOT_RELEVANT,none,high,"Multivitamin comparison, general wellness",no,False
6a2c3cb2-9c23-445e-b384-5cd83feece02,NOT_RELEVANT,none,high,"Colon cancer screening, preventive somatic",no,False
d671162a-bfd9-4fa4-bcf4-232c83c77967,NOT_RELEVANT,none,high,"Infant solid food introduction, nutrition",no,False
6f827e79-05c4-4383-8ed4-16d36260f29f,NOT_RELEVANT,none,high,"Ringworm treatment, dermatologic",no,False
c835bebe-e998-4dcd-843a-2de03d4aabc6,NOT_RELEVANT,none,high,"Snakebite first aid, emergency somatic",no,False
d04a8f10-7d7a-4cab-a8ec-949c37afcd1e,NOT_RELEVANT,none,high,"Umbilical hernia bulge, surgical somatic",no,False
aeb8f054-a348-4df8-8c72-c09278f0118d,NOT_RELEVANT,none,high,"Heart trouble life expectancy, cardiac prognosis",no,False
f601dfcc-5594-4432-8cc2-9947c820b854,NOT_RELEVANT,none,high,"Asthma exacerbation management email, respiratory",no,False
c14135dd-131d-4577-b11c-8191fe97d268,NOT_RELEVANT,none,medium,"Vague antibiotic mention, no psychiatric content",no,False
77569de3-0645-4a67-8507-18b9b4651fa4,NOT_RELEVANT,none,high,"Aminoglycoside/vancomycin dosing, pharmacology",no,False
9cb679e7-57f3-4722-86a5-55d1e41cc011,NOT_RELEVANT,none,high,"Deep bleeding cut, tourniquet, trauma emergency",no,False
4b6b2c98-ba4a-47d5-8d59-98c9ff05e9e7,RELEVANT,neurodevelopmental_adhd,high,"ADHD diagnosis, stimulant vs nonstimulant, therapy",yes,False
b436a19a-32dc-45df-bc9c-2a9dd17e722b,NOT_RELEVANT,none,high,"Cancer screening list, preventive somatic",no,False
4029e833-f7a4-4c92-b916-09a7b4c16508,BORDERLINE,sleep,medium,"Insomnia sleeping pill, no explicit psychological framing",yes,False
05db3b22-c0e2-466e-a0dd-5d28c5880e8e,NOT_RELEVANT,none,high,"Hemorrhoid procedure, surgical somatic",no,False
638483b3-a86f-4789-93e6-5e662480d477,NOT_RELEVANT,none,high,"Hypertension and Himalayan salt, cardiovascular",no,False
12a9a33a-47a2-446b-9689-7a49c5667d1b,NOT_RELEVANT,none,high,"Acyclovir renal dose adjustment, pharmacology",no,False
15c68476-ddf2-405a-959d-4991e8648fd8,NOT_RELEVANT,none,high,"Light meals after stomach flu, GI/nutrition",no,False
c15a0c60-99cd-4a5d-9136-c70d9d7594b3,NOT_RELEVANT,none,high,"Exertional chest tightness, cardiac risk; borderline=blood pressure",no,False
821de806-dd94-491c-9178-34befa0bb504,NOT_RELEVANT,none,high,"Ear pain, ENT somatic",no,False
2c27329a-84db-4465-8dbd-f0625e05a54a,NOT_RELEVANT,none,high,"BRCA1 family history documentation, genetics",no,False
36bfbf75-ffcb-41cd-be15-39ac7a4a7edf,NOT_RELEVANT,none,high,"Dental cavity prevention, oral health",no,False
70afd1ac-85ea-4455-a5a2-15b35378e10a,NOT_RELEVANT,none,high,Yellow fever vaccine travel requirement,no,False
3c29425b-bc32-4b3f-bced-8a2f4ad1ca4a,NOT_RELEVANT,none,high,"Hormone spray for bone density, endocrine",no,False
b333c0f0-7f5f-4a0a-95b1-3bc41afdad5c,NOT_RELEVANT,none,high,"Mammogram screening frequency, preventive somatic",no,False
c4d4209b-2c21-4ba9-b870-85065be2ad84,NOT_RELEVANT,none,high,"Stroke home exercises, neuro rehabilitation",yes,False
21eac53e-e9ea-4bf7-8672-dd108bc5c013,NOT_RELEVANT,none,high,"Postpartum tetanus booster, vaccination",no,False
1093ad0e-c4dd-4fc8-a200-ecc963285b77,NOT_RELEVANT,none,high,Weight loss workup; user explicitly excludes eating disorder,no,False
53fed4a7-b60d-429f-bb9a-1c2ad267891a,NOT_RELEVANT,none,high,"Child exertional chest pain, cardiac concern",no,False
ea7d4f01-9495-4f9d-961d-77104e692d8a,NOT_RELEVANT,none,high,"Handwashing infection prevention, hygiene",no,False
9bab9a08-998f-402e-9a8b-c0875ed35428,NOT_RELEVANT,none,high,"Burn blister infection concern, dermatologic",no,False
9a91098e-f8d3-4614-a665-71687c446dd3,NOT_RELEVANT,none,medium,"Feeling off after breastfeeding, vague somatic",no,False
13acdcdb-520a-4e79-ae28-c75e9dd86e1d,NOT_RELEVANT,none,low,"Educational sleep-function questions, not clinical sleep complaint",no,False
aa7a760a-5173-4a39-af83-48d6ae2230f0,NOT_RELEVANT,none,high,"Child ear infection antibiotic dose, pediatric somatic",no,False
ae57af03-71ee-48e5-834a-030df6990f06,NOT_RELEVANT,none,high,"Peanut tingling, allergy concern",no,False
06792558-4afa-4aa8-b311-1fc8493ec61e,BORDERLINE,anxiety,medium,"Flight fear, panic, losing sleep over cardiac worry",yes,False
b864d002-d711-48ca-a0eb-d901bfa46327,NOT_RELEVANT,none,high,"Status epilepticus next medication, neuro emergency",no,False
bfa3518c-f5de-42ff-ba9c-09a14a0782c4,NOT_RELEVANT,none,high,"Toothache home remedy, dental",no,False
20aa23ce-e49c-4390-a948-4ad08954e3f6,NOT_RELEVANT,none,high,"Stopping dialysis, renal; no mental-health framing",no,False
f712eb09-82af-4fe8-800d-bc3af772a9ba,NOT_RELEVANT,none,high,Telehealth translation and implementation best-practices; no mental health,no,False
8ee6a990-8966-4b42-baa8-6c7e9f74ce74,NOT_RELEVANT,none,high,Recurrent UTI clinical note; purely somatic,no,False
429810f7-41d4-46a1-8ced-0c853a2783f6,NOT_RELEVANT,none,high,Herbal spray for sinusitis; somatic ENT,no,False
e2527e9d-d9eb-4dda-8f72-8a3c6ea44e45,NOT_RELEVANT,none,high,Overactive bladder pharmacology; somatic urology,no,False
92fb3dc3-1027-4b0f-94ea-13c07e83a3d9,NOT_RELEVANT,none,high,Biologic therapy for rheumatoid arthritis; somatic,no,False
267bda16-fd4b-4a9e-b3ac-5602c2532eed,NOT_RELEVANT,none,high,Osteoarthritis screening/immunization review; somatic,no,False
0e819a9c-851d-4a7a-9263-62cfc8ce1b48,NOT_RELEVANT,none,high,Daily protein intake; nutrition,no,False
7f1a3436-5a3d-4615-aeba-e35637daaff8,NOT_RELEVANT,none,high,Yellow fever vaccine certificate; travel admin,no,False
1337255b-ccdf-4d00-a4cc-17cf8816d0ff,NOT_RELEVANT,none,medium,"Sinus pressure, fears tumor; somatic with incidental worry",no,False
328c55cf-0b57-4992-99b1-f6a21af62ade,NOT_RELEVANT,none,high,Japanese encephalitis vaccine query; somatic,no,False
7b415a2f-22b0-4735-a38e-567f1891acc5,NOT_RELEVANT,none,high,Thyroid levothyroxine brand swap; somatic,no,False
74a1efc8-b83f-4ee1-a33d-555d49e1f756,NOT_RELEVANT,none,high,Breast cancer screening age; somatic,no,False
c49ac752-3693-4be1-ab4d-91fbdd02f827,NOT_RELEVANT,none,high,Buying new COVID antiviral; somatic,no,False
1aaa5da1-fb7d-451d-a4f9-d1f9b9f3f479,NOT_RELEVANT,none,medium,"New HIV diagnosis, treatment access; somatic infectious disease",no,False
4011c586-082a-4a81-95f3-0835aea18c24,NOT_RELEVANT,none,high,Are fibroids serious; somatic gynecology,no,False
a079d928-7b78-4a85-a72b-4274d7fc2914,NOT_RELEVANT,none,high,Abdominal cramps; somatic GI,no,False
085a9e8a-856e-4044-95c9-0e5a8bdcd16e,NOT_RELEVANT,none,high,Leg wound closure; somatic,no,False
b4086682-e8f4-468f-9f19-bce6f9a43979,NOT_RELEVANT,none,high,IBS diet summary; somatic GI,no,False
8300568f-b41e-4f77-a3fa-2ff59cffae72,RELEVANT,anxiety,high,"Panic attacks, compulsive checking, cancer conviction; health anxiety central",yes,False
a20cbbf3-330b-46d9-a35b-92e89a022282,BORDERLINE,sleep,medium,"Insomnia, OTC sleep aid, no psychological framing",yes,False
23809964-caaa-4fac-9210-40d64d1dea58,NOT_RELEVANT,none,high,Late period concern; somatic gynecology,no,False
be6150a5-8060-4434-9724-afede307d495,NOT_RELEVANT,none,high,Non-drowsy antihistamine for rhinitis; somatic,no,False
3fd511ca-3930-46d4-a30c-4544c1d4750a,NOT_RELEVANT,none,high,"Coronary disease, borderline treadmill test; cardiac, non-psychiatric",no,False
cf2fc93c-d09f-4c27-b219-4fbe8ac46a70,NOT_RELEVANT,none,high,Placental abruption translations; somatic obstetric,no,False
3a896889-9029-4ef8-8684-ca378da4702b,NOT_RELEVANT,none,high,Diaphragm rupture surgical approach; somatic,no,False
48c6d8cd-f8c5-4533-bb23-fef78ce4c443,NOT_RELEVANT,none,high,Skipping period via birth control; somatic,no,False
4d55a02e-a7c1-491a-aef4-504453844045,NOT_RELEVANT,none,high,Pink eye symptoms; somatic ophthalmology,no,False
8cba5bc7-d127-473b-884d-39024b3609f6,RELEVANT,perinatal_mh,high,"Postpartum depression meds, still anxious, adjustment question",yes,False
38452b54-4622-493d-bdfc-d0043d283636,RELEVANT,neurodevelopmental_adhd,high,"Concentration/forgetfulness, asking if ADHD",yes,False
6b1af71b-3cf3-4519-9787-e591fc806850,NOT_RELEVANT,none,high,Weight loss diet plan; nutrition,no,False
7074bb7a-a595-434d-883e-95ef6f5f6667,NOT_RELEVANT,none,high,Head lice treatment; somatic,no,False
e0eeaf5b-b31b-4770-a05d-4ac607ddd5d1,NOT_RELEVANT,none,high,River blindness prevention; somatic infectious,no,False
e12f9f59-3457-478d-8f00-d7c161c5f0b3,NOT_RELEVANT,none,high,Postpartum mastitis abscess drainage; somatic,no,False
9f7b555a-fc30-40c3-88d3-f2ece06454a2,NOT_RELEVANT,none,high,Pediatric acetaminophen dosing; somatic,no,False
6e4d0dbc-53d6-4159-a54d-c9fdfd51294c,NOT_RELEVANT,none,high,Best IVF hospital; somatic reproductive,no,False
7d035864-a798-4789-9f2e-5ad441ead8b5,NOT_RELEVANT,none,high,Postpartum birth control method choice; somatic,no,False
a6204079-9e72-42ad-8f39-a65552fa2e68,NOT_RELEVANT,none,high,Cleaning finger cut; somatic,yes,False
c0d80b93-b2d5-4129-b998-b1312f98e2a8,NOT_RELEVANT,none,high,Otitis media SOAP note; somatic,no,False
3dc41419-2565-428e-b9b9-02e3fd93c470,NOT_RELEVANT,none,high,"Daily water intake, sluggish; wellness",no,False
a91a22f8-d2e6-4593-bcae-6d479ed38031,NOT_RELEVANT,none,high,"Cold feet, circulation; somatic vascular",no,False
87ff241a-9fa9-4362-bd87-91d4229869f2,NOT_RELEVANT,none,high,Birth control alternatives; somatic,no,False
d0d3426f-8b7a-4501-adb4-86d8fa9099c8,NOT_RELEVANT,none,high,Immunization progress note; administrative,no,False
a7dac6a9-eab5-4c01-882c-dbf6c774d7c3,NOT_RELEVANT,none,medium,BRCA mastectomy vs surveillance decision; somatic oncology,no,False
e9b00212-c264-4f61-aed2-18ecc46197b6,NOT_RELEVANT,none,high,Chest tightness cause; somatic,no,False
75515604-d194-450d-a16a-b4ffc2f46382,NOT_RELEVANT,none,high,Misoprostol postpartum bleeding; somatic obstetric,no,False
9c62a2de-9043-4069-aedc-4b4c18ac903a,NOT_RELEVANT,none,high,Postpartum bleeding home management; somatic obstetric,no,False
89b38224-b322-4244-98ea-30c03c680f6b,NOT_RELEVANT,none,high,Obesity prevention; weight/wellness,no,False
8f651030-9c69-4aa2-8475-21570171ec95,NOT_RELEVANT,none,high,Isotretinoin dryness note; somatic derm,no,False
ec71bf97-585e-4920-9fbb-1dd843e8cf55,NOT_RELEVANT,none,high,Sore throat note completeness; somatic admin,no,False
682fa9cd-46a4-45b0-9da2-8a8793986c9e,NOT_RELEVANT,none,high,Stem cell injections for disc disease; somatic spine,yes,False
cb5286fd-8dc3-4188-9031-406826f78961,NOT_RELEVANT,none,high,"Pediatric procedural sedation for MRI, not psychiatric",no,False
239f42dc-056c-404d-a057-9c6b431390a5,BORDERLINE,cognitive_neuro,medium,"Alzheimer's biomarker research, cognitive/neuropsychiatric-adjacent",yes,False
c1240427-ae38-4335-9e80-492c13ef4893,RELEVANT,perinatal_mh,high,"Postpartum OCD/psychosis, intrusive thoughts, SSRI decision",yes,False
cf91ebed-85dd-49dd-80b9-248b617cb4a6,NOT_RELEVANT,none,high,"Anaphylaxis and epinephrine autoinjector, purely somatic",no,False
b6ff9245-d065-4b2e-9e19-d0f40c2c3bd3,NOT_RELEVANT,none,high,"Acupuncture for chronic back pain, somatic",no,False
155066e0-fde9-4b1b-92fc-8a1432e5beb4,NOT_RELEVANT,none,high,"Oral hygiene, no mental-health component",no,False
c04d571d-47e3-4bdb-8c11-759a0314a703,NOT_RELEVANT,none,high,"Child swallowed coin, somatic emergency",no,False
b7ddde65-702e-4255-b1d7-09d01248e76d,BORDERLINE,perinatal_mh,medium,Postpartum care with PPD screening as partial focus,yes,False
47da44dd-e366-485a-85c5-1cf23cbc90e0,NOT_RELEVANT,none,high,"Cholera prevention, public health, no mental health",no,False
8e2e36c2-d10f-48ed-a6af-1f0295077067,NOT_RELEVANT,none,high,"Coffee enemas for constipation, somatic GI",no,False
00d34549-134c-48e2-b4bb-b54946da70cc,NOT_RELEVANT,none,medium,"Acute chest pain, cardiac focus; stress incidental",no,False
56c31120-cdd6-4ca9-94bd-f11019dbd9fd,NOT_RELEVANT,none,high,"Pregnancy bleeding, placental abruption, obstetric emergency",no,False
85c11e2a-628b-464f-a8bb-e97ab04a73eb,RELEVANT,mood_depression_bipolar,high,ECT schedule for treatment-resistant severe depression,yes,False
281b4d65-d341-4076-a8ed-01097488f980,NOT_RELEVANT,none,high,"Hodgkin's lymphoma chemotherapy, oncology",no,False
94fe45b5-325a-49a0-b710-dd681712429e,NOT_RELEVANT,none,high,"Probiotic enemas, GI flora, somatic",no,False
69a544f8-957d-4dda-a777-608ec7b95617,NOT_RELEVANT,none,high,"ICD-10 fracture coding, administrative ortho",no,False
947edfe6-5af0-4b54-9aa9-36dd274ac770,BORDERLINE,stress_adjustment,medium,"Postpartum fatigue attributed to thyroid, possible psychological overlay",yes,False
fe8e328b-55cc-4f37-9785-2b4d0704b9ae,NOT_RELEVANT,none,high,"Newborn high fever, somatic emergency",no,False
90789a49-ab1f-4229-bd89-e1c56ea8be3a,NOT_RELEVANT,none,high,"IUD contraception, no mental-health component",no,False
629dd583-d3b9-41a2-9d83-8cea610f2576,NOT_RELEVANT,none,high,"Vitamin D for MS, somatic neurology",no,False
b054429a-5017-4400-b65c-2a8d44ce9880,NOT_RELEVANT,none,high,"Breast self-exam technique, somatic screening",no,False
405bfc27-da98-4cb9-8cdf-f36a5db197d3,NOT_RELEVANT,none,high,"Pediatric hypertension message editing, somatic/administrative",no,False
aacdd9a2-d042-4f4c-a4cc-50b6ba3a1a8e,NOT_RELEVANT,none,high,"Head injury, vomiting, confusion; somatic TBI",no,False
d310baaf-1334-41cc-a952-ba7d925d6685,BORDERLINE,stress_adjustment,medium,"Fatigue and poor focus, depression among possible causes",yes,False
9e77e9f9-58ba-42e9-8a46-06f960d4f347,NOT_RELEVANT,none,medium,"Caffeine safe-dose, cardiac concern; nervousness incidental",no,False
da7d7d30-36ad-4b28-a091-6d6b8a50d7f4,NOT_RELEVANT,none,high,"Diabetic foot exam guidelines, somatic",no,False
cd53e21a-e5ed-4d9b-a258-42a23e9715bb,NOT_RELEVANT,none,high,"Infant formula availability, no mental health",no,False
353e8a92-0f42-4c81-a182-02d2a3ad972d,NOT_RELEVANT,none,high,"Vision decline, somatic ophthalmology",no,False
8d409c7b-29d2-4df2-aa69-ab56c9339bc5,NOT_RELEVANT,none,high,"Kidney transplant immunosuppressant dosing, somatic",no,False
5dd91019-3898-41d0-8481-450391a57091,NOT_RELEVANT,none,high,"Snake bite antivenom, somatic emergency",no,False
396aea2b-1e75-4569-b150-858e1f52a145,NOT_RELEVANT,none,high,"Drug-resistant epilepsy, neurology, no psychiatric focus",no,False
6566f489-f254-4bca-a86b-90f5ac7471d7,NOT_RELEVANT,none,high,"Weight gain meal plan, nutrition/fitness",no,False
8433c101-4334-4538-b576-70a7b28cf5c8,NOT_RELEVANT,none,high,"Wound assessment and debridement teaching, somatic",yes,False
da72cd1a-0a1f-49c0-9c94-d9cd2ad0dd29,NOT_RELEVANT,none,high,"Toxic fume inhalation, respiratory emergency",no,False
d9a44a36-6a3c-4d5d-9c66-b2c0afb479d1,NOT_RELEVANT,none,high,"Toddler vomiting MyChart message, somatic pediatric",no,False
706ac3da-4136-4cdb-b12a-12fa94f7bd81,NOT_RELEVANT,none,high,"Postpartum hair thinning supplement, dermatologic",no,False
c1a586ec-f3a4-40dd-99e7-3424244b0640,NOT_RELEVANT,none,high,"Headache, nausea, dizziness; somatic symptoms",no,False
9cf87956-37e6-4bed-9cea-a64b13ae0de5,NOT_RELEVANT,none,medium,"Codeine for toothache, dental pain not addiction",no,False
a31f116d-d33f-4690-9d88-e13d7e444328,NOT_RELEVANT,none,high,"Childhood vaccine schedule, no mental health",no,False
1dc0b953-ef66-4a78-9989-7cf1053b5b41,NOT_RELEVANT,none,high,"Toddler fever dosing, somatic pediatric",no,False
b7bb2b11-571a-4406-a938-5e00f59fcf1b,NOT_RELEVANT,none,high,"Handwashing for flu prevention, public health",no,False
a1a08e1d-1353-4d6f-94ce-f90872074c7c,NOT_RELEVANT,none,high,"Hair transplant safety, dermatologic/cosmetic",no,False
a5fe3513-b6fb-45d3-aaf7-f5874f482cb0,NOT_RELEVANT,none,high,"Head injury after bike collision, somatic concussion",no,False
71035106-251e-4e1e-8e57-1a05ea03ce39,NOT_RELEVANT,none,high,"Conjunctivitis contagion, somatic ophthalmology",no,False
51d9c72b-ba60-47c5-9cc9-3ed6212a3982,RELEVANT,mood_depression_bipolar,high,Mood screens plus acute mania management algorithm requested,yes,False
3cf35bfe-d881-4881-a268-b5fa0607bf89,RELEVANT,substance_use,high,Alcohol detoxification capacity and transfer decision,yes,False
94e85e5d-d0af-4df2-b39e-1593c914f16d,NOT_RELEVANT,none,high,"Early pregnancy symptoms confirmation, obstetric",no,False
247f41b1-f863-405c-b5fb-779a78e6d8d1,RELEVANT,substance_use,medium,"Smoking cessation NRT in pregnancy, tobacco use treatment",yes,False
e0eba742-1b38-4033-baf5-28bb67bde814,NOT_RELEVANT,none,high,"Recurrent pericarditis chest pain, cardiac somatic",no,False
333c94dc-a6b0-438b-b855-c30861280f72,RELEVANT,mood_depression_bipolar,high,Antidepressants versus therapy for mild depression,yes,False
ff634950-c3f8-4ff5-988f-f77ae59160cd,NOT_RELEVANT,none,high,Early-pregnancy abdominal pain and nausea; purely somatic.,no,False
7ca4f17b-6e40-4b9b-b8be-94393f10f5df,NOT_RELEVANT,none,high,Acetazolamide for altitude trekking; somatic prophylaxis.,no,False
aed8663e-1f42-4794-aa97-15ee43af1ca1,NOT_RELEVANT,none,high,Anal fissure cream; somatic.,yes,False
ade10a6c-1f27-4038-a701-9f6f07b9f6e7,NOT_RELEVANT,none,high,Intermittent leg numbness; somatic/neurologic.,no,False
815cd60a-f162-4fda-b055-5b6ba4716041,NOT_RELEVANT,none,high,"Dizziness and near-faint, dehydration question; somatic.",yes,False
bc8d3e4a-8ba0-4cab-be1c-b20ae3af91e4,NOT_RELEVANT,none,high,Typhoid vaccine/prophylaxis; somatic infectious disease.,no,False
f1444286-c15a-4c56-ab40-8f7978496fdf,BORDERLINE,substance_use,low,Alcohol use disorder central history; question about hepatic decompensation.,yes,False
865cff48-bbc7-4efd-ab2e-7a988686c798,RELEVANT,trauma_ptsd,high,Veteran with PTSD seeking curative medication.,yes,False
92ef0376-d033-4143-aa3a-e068a7f21fa3,RELEVANT,trauma_ptsd,high,Postpartum PTSD therapy and anxiolytic management.,yes,False
1eee7568-e3e6-46c7-a37f-704867100fa7,NOT_RELEVANT,none,high,Light exercises for older people; fitness.,no,False
99306c29-bcef-49d5-bcd1-78d4e541e197,NOT_RELEVANT,none,high,"Cough/chest pain, valley fever; somatic respiratory.",no,False
55fe56a3-8dcc-4ef1-8396-b6871ac2766f,NOT_RELEVANT,none,high,"Infant fall, not breathing; somatic emergency.",no,False
a7df33f5-777e-4179-b337-2896de5a61ea,NOT_RELEVANT,none,high,Knee surgery rehab plan; orthopedic.,no,False
0712c204-eef0-4219-93ff-b552ef77822d,NOT_RELEVANT,none,high,Cranberry capsules for UTI prevention; somatic evidence question.,no,False
614dba16-a638-4cb1-bb27-46f14f4da0fe,NOT_RELEVANT,none,high,Recurrent fevers Cambodia; infectious disease.,no,False
6c3c1095-a69b-44d3-a40a-ff6871577245,NOT_RELEVANT,none,high,Neighbor with stroke signs; somatic emergency.,no,False
f9f6f555-6b16-4b0f-9fd3-df5ac6db36f1,NOT_RELEVANT,none,high,Dehydration signs and dark urine; somatic.,no,False
99be9d8e-9a9c-424f-80b1-f9ca7de734f4,NOT_RELEVANT,none,medium,Postpartum c-section records; no mood/mental-health framing.,no,False
1beb76c7-b568-4c52-8d33-1a3f48f4cd28,NOT_RELEVANT,none,high,Asthma and seasonal allergies; respiratory.,no,False
af6ff14b-1cf0-481c-9b6e-19be1dbc4595,NOT_RELEVANT,none,high,Child bedwetting; explicitly no stress or mood change.,no,False
d0fcfaf0-7c6d-4ead-915b-6d9d9130e747,NOT_RELEVANT,none,high,Varicella vaccine purchase; somatic immunization.,no,False
95505985-5886-48d5-8845-fbfb003fa361,NOT_RELEVANT,none,high,Daily water intake guideline; general wellness.,no,False
59c68d10-55c1-4629-b05a-bedde7f343b5,NOT_RELEVANT,none,high,Diabetes insulin dose adjustment; metabolic.,no,False
e3b8a30b-3594-4919-a266-0dffcaa05287,NOT_RELEVANT,none,high,Pressing sensation behind eye; somatic/eye strain.,no,False
9e559142-a503-4a7c-bb40-afb142334b2e,NOT_RELEVANT,none,high,Itching and breathlessness after seafood; allergic reaction.,no,False
747a9294-e80c-4236-86ac-afd8d4ffdf13,RELEVANT,neurodevelopmental_adhd,high,Child ADHD seeking stimulant medication access.,yes,False
d86ee090-3a2e-44d0-abed-6f0f40a38c08,NOT_RELEVANT,none,high,Sound therapy for tinnitus; ENT/somatic.,no,False
5f45aff9-bed0-425f-aa8b-345524f13986,NOT_RELEVANT,none,high,Unresponsive neighbor; somatic emergency.,no,False
25cf07b8-606f-4448-99ef-ea87ca3097ba,NOT_RELEVANT,none,high,MTHFR gene variants interpretation; somatic genetics.,no,False
3be71fd1-1ba2-4724-9f4f-d7ab1f37cda3,NOT_RELEVANT,none,high,Exoskeleton evidence for stroke rehab; rehabilitation.,no,False
2cdfafc6-aeb6-46cc-bb11-cd8fc754bef4,BORDERLINE,psychiatric_medication,low,"Lamotrigine overdose with SJS rash; psych med, indication unknown, somatic emergency.",yes,False
ed6258a3-5a25-46ca-9273-fb0c5247f761,BORDERLINE,anxiety,low,"Health anxiety over borderline LDH lab; fear overlay, somatic focus.",yes,False
1d786666-4dbb-4dec-ad2c-1b7302fe6a02,NOT_RELEVANT,none,high,Mild diarrhea hydration; gastrointestinal.,no,False
247995c1-b5b9-4d1e-accf-b2fef35bfcba,NOT_RELEVANT,none,high,Recurrent cold/cough and immunity boosting; somatic.,no,False
f86134dd-31dd-4392-9056-7393ed8a1e0e,RELEVANT,perinatal_mh,high,"Postpartum mood changes, baby blues versus something serious.",yes,False
cfeef1f6-03b3-4e41-b662-7ea728b427b8,NOT_RELEVANT,none,high,Antibiotic choice for abdominal pain; somatic clinical.,no,False
78f7610a-591d-423d-b0e6-ea29dc57f6c5,NOT_RELEVANT,none,high,Sitagliptin dosing at low eGFR; renal/metabolic.,no,False
b00e7c9f-d069-4736-9789-21fe4316a2e2,NOT_RELEVANT,none,high,IVF cost estimates; informational/reproductive.,no,False
1ca222ed-cc79-4e78-9ca3-3547e7b37e3a,BORDERLINE,stress_adjustment,low,"Sudden mental fatigue while teaching; possible stress or sleep, unclear.",yes,False
63e4e0d4-0cb1-442e-8316-8c12a6e3ec14,NOT_RELEVANT,none,high,"Persistent sore throat, antibiotics yes/no; somatic.",no,False
8a4724a5-4166-4c49-990d-e080188e0197,RELEVANT,psychotherapy_access,high,"Mental health crisis, seeking mobile crisis team.",yes,False
9094171f-ea13-4285-93b0-f672af2f3ed0,RELEVANT,neurodevelopmental_adhd,medium,Chelation efficacy claims for autistic child; neurodevelopmental focus.,yes,False
0eb6fd6d-eaaa-46db-ab16-02e610f238a9,NOT_RELEVANT,none,high,Swollen neck glands and tiredness; somatic infection.,no,False
99b22b39-30d5-40dc-82d9-c1cd3c793a44,NOT_RELEVANT,none,high,Single word 'rash'; dermatologic.,no,False
95b3def5-05d8-4989-abb2-8c2e424e0c1b,RELEVANT,anxiety,high,Help managing anxiety; SSRIs and therapy tried.,yes,False
d900e97c-a151-4443-916f-e554da5cec8e,RELEVANT,mood_depression_bipolar,high,"Feeling sad lately, doesn't know why; central low mood.",yes,False
9f59e28b-17f0-43e4-b57c-f78ac4abae46,NOT_RELEVANT,none,high,Home blood pressure measurement guidelines; cardiovascular.,no,False
b2bc8794-e5a1-4fe4-83fa-c49ca7118a25,NOT_RELEVANT,none,high,Rewrite postpartum thyroid text; endocrine/administrative.,no,False
d42a7951-849c-4d86-b818-d1d4a2d58e6d,NOT_RELEVANT,none,high,Ankle pain from running; orthopedic.,no,False
624ef2be-46aa-42a2-9d81-e679826605e4,NOT_RELEVANT,none,high,Geriatric note completeness check; administrative.,no,False
02a60789-fdea-4306-8f3c-a39453e12a0e,NOT_RELEVANT,none,high,"HIV neonatal prophylaxis, purely infectious-disease question",no,False
4e5113ac-3688-456a-8943-48a6198ba0e7,NOT_RELEVANT,none,high,"Heat rash prevention, purely dermatologic",no,False
ef4dc833-fc48-40b5-99e0-d3adea2e8f73,NOT_RELEVANT,none,high,"Broken hearing aid device troubleshooting, no mental health",no,False
b2748397-1cb1-4877-b13c-3cf517a89823,NOT_RELEVANT,none,high,"Urology talk on 5-alpha reductase inhibitors, BPH",no,False
8c342edc-619b-4079-a28c-b7129f3670a6,NOT_RELEVANT,none,high,"Skin mole, possible skin cancer worry, dermatologic",no,False
f0f870a2-60db-45b3-a2ff-9cdba979d28e,BORDERLINE,anxiety,low,"Heavy chest feeling at rest; somatic, possible anxiety overlay",yes,False
a06deee0-a7c1-46db-b813-118eaaa0659b,BORDERLINE,stress_adjustment,low,Chronic fatigue with stress/mood entangled but somatic-focused,yes,False
754b5d72-2294-49e3-83af-ff22be025f8c,NOT_RELEVANT,none,high,"Bilberry for night blindness, ophthalmology/supplement question",no,False
a70af32f-5d7e-489c-a0e0-884d62d74fe6,RELEVANT,anxiety,medium,"Note states mild to moderate anxiety, central concern",yes,False
e8991792-c875-4f40-99a0-54c902d42a52,NOT_RELEVANT,none,high,"Strep throat antibiotic dosing for child, infectious disease",no,False
4911fc22-f32f-4386-8b3d-ff86143683ba,NOT_RELEVANT,none,high,"Childhood vaccination schedule, preventive medicine",no,False
0d35086a-1c4d-4821-adc9-d245d71e450a,NOT_RELEVANT,none,high,"Blue fingertips, circulatory/somatic concern",no,False
bae6ed19-e4a3-4469-98cf-bb341c283e4c,NOT_RELEVANT,none,high,"Child arm injury from fall, orthopedic emergency",no,False
347361d3-6a94-484c-9c07-71715b446eae,NOT_RELEVANT,none,high,"Morning stiff fingers, arthritis worry, rheumatologic",no,False
aecc446a-2433-4225-94d7-e67028886567,NOT_RELEVANT,none,high,"Pediatric eye-testing frequency, preventive ophthalmology",no,False
54349c88-e80a-4728-b181-305f97905d59,NOT_RELEVANT,none,high,"Legionnaires pneumonia, infectious disease",no,False
7ec70df9-e06a-44ca-87d0-a8955641ab20,NOT_RELEVANT,none,high,"Sore throat after concert, ENT/somatic relief",no,False
0590cdae-1eb0-471e-bf14-c164788005bc,NOT_RELEVANT,none,high,"Chart documentation of COPD notation, administrative",no,False
277d4c0e-f5db-4ab3-b7c2-5171c6d0e17f,NOT_RELEVANT,none,high,"Red-light therapy for psoriasis, dermatologic",no,False
f93b0850-2c60-479d-831b-b8c8f9493d61,NOT_RELEVANT,none,high,"Prostate cancer screening age, oncology screening",no,False
3ce83d54-a931-4f0c-825d-6c866ffce8d5,NOT_RELEVANT,none,high,"Viral vs bacterial infection differences, infectious disease",no,False
ce49e310-06bb-4c34-aaf4-135bfc7915ac,RELEVANT,perinatal_mh,high,"Postpartum feeling down, coping; perinatal mood concern central",yes,False
c63a4306-4003-45a6-8be1-d669457473a9,NOT_RELEVANT,none,high,"ICD-10 diabetic foot ulcer billing, administrative",no,False
1a5788ed-2fe3-4610-9585-dfa31bd244ab,NOT_RELEVANT,none,medium,"Night sweats, somatic symptom; no psychological framing",no,False
d3cbb579-70a5-46e8-95f6-72cc9afa4ba3,NOT_RELEVANT,none,high,"Wrist soreness from gaming, musculoskeletal",no,False
45150e51-afc3-456c-a827-db2aa83be56a,NOT_RELEVANT,none,high,"Asthma attack, shortness of breath, respiratory",no,False
3852d050-c009-4e33-b953-fd734a5b5e73,NOT_RELEVANT,none,high,"Fainting spells/syncope, cardiovascular/neurologic",no,False
e9543add-5569-4213-b7da-fbe88f91e5b5,NOT_RELEVANT,none,high,"Antibiotics for ear infection, infectious disease",no,False
28a81e8d-1830-49fe-9bc0-d867f72e4a18,NOT_RELEVANT,none,high,"Adult acne breakouts, dermatologic",no,False
3ad10fae-a726-45c5-a6b8-c85fc12dd4b6,NOT_RELEVANT,none,high,"Abdominal mass imaging characterization, radiology/oncology",no,False
5dc23430-dfbb-4794-9f77-0d4dd6093033,NOT_RELEVANT,none,high,"Epilepsy antiseizure medication options, neurologic",no,False
67e76447-f16a-4a65-aba7-fc7166fd9b63,NOT_RELEVANT,none,high,"Infective endocarditis workup, cardiology/infectious disease",no,False
b57dbc1e-4ed7-49ed-9a33-610269d72b25,NOT_RELEVANT,none,high,"Contraceptive implants/IUD, gynecology",no,False
1956b7b9-0b75-43a4-8ef6-e4f726bf5f98,NOT_RELEVANT,none,high,"Breast self-exam frequency, preventive oncology",no,False
a783e7a3-cecc-4d15-b18c-3f2ddfc2dc6c,NOT_RELEVANT,none,high,"Postpartum breastfeeding latch concern; lactation, not mood",no,False
62e9d35f-153d-4744-b97c-9abfb2a90b1e,NOT_RELEVANT,none,high,"Immunization note rewrite and coding, administrative",no,False
6faacc75-9126-4757-bf69-1c18dd22c824,NOT_RELEVANT,none,high,"Stoma site redness assessment, wound/surgical care",no,False
7c9f1a4f-7f4d-4181-b400-5d6616f44080,NOT_RELEVANT,none,high,"Budgeting for healthy groceries, lifestyle/nutrition",no,False
04b6e0c8-2835-415e-865d-aca9f1cd3c57,NOT_RELEVANT,none,high,"Rheumatoid arthritis stem-cell cure claims, rheumatologic",no,False
ffe00b21-0aff-4b92-b25c-b006b4103d11,NOT_RELEVANT,none,high,"COPD discharge note, respiratory documentation",no,False
1b23c1a2-16a7-41af-bd07-0af5636d54d1,NOT_RELEVANT,none,high,"Keratosis pilaris cure, dermatologic",no,False
326fd9ea-1a56-4108-99ea-8000de6499bb,NOT_RELEVANT,none,high,"Infant immunization schedule, preventive medicine",no,False
6290bcd1-4c91-464f-b7e6-9c5392583968,NOT_RELEVANT,none,high,"Bloating, gas, breathlessness; GI/cardiopulmonary somatic",no,False
7a283823-00ee-489d-8dbc-356e2857526f,NOT_RELEVANT,none,high,"Anti-IgE biologic dosing for allergies, immunology",no,False
91ef0a57-d5b6-4054-9e25-019867372aa8,NOT_RELEVANT,none,medium,"Travel health for trip; likely vaccines/preventive, no MH",no,False
851149ef-8b14-4213-8d2b-3d35ffa02c38,NOT_RELEVANT,none,high,UTI symptoms and getting antibiotics while traveling,no,False
e316f8a7-f549-453a-9c6d-89073623502f,NOT_RELEVANT,none,high,"Hyperkalemia in CKD with peaked T waves, nephrology/cardiac",no,False
e89e00c9-29e9-420c-813d-e06ddc39d585,NOT_RELEVANT,none,high,"T2DM heart-failure medication rephrasing, endocrinology/cardiology",no,False
776cf500-bb91-44ae-a5ed-124eccf151ff,NOT_RELEVANT,none,high,"Vancomycin dosing in borderline renal function, antibiotic pharmacology",no,False
30861aea-7677-42d4-ae1c-f297943cf4fd,RELEVANT,perinatal_mh,high,"Postpartum therapy session, anxiety, overwhelmed; psychotherapy encounter",yes,False
f6b99884-b17c-49cb-acac-a75ca1b647be,NOT_RELEVANT,none,high,"Post-surgical flying safety, purely somatic",no,False
9789edc6-1ea3-422d-90af-cc189e373b0f,NOT_RELEVANT,none,high,"Pandemic date prediction, no mental-health content",no,False
66baa8c5-ce95-4f73-bbd3-4450d28a6982,NOT_RELEVANT,none,high,"Preventive screenings/immunizations, somatic",no,False
166272a7-478f-4697-8356-642fa0eed65f,NOT_RELEVANT,none,high,"Foot ulcer ozone therapy, somatic",no,False
3c1754d0-9c66-4338-a7b1-4b77ed52387e,RELEVANT,mood_depression_bipolar,high,"Feels depressed, wants prescription",yes,False
cc908539-a3d6-4907-ab3d-c8e55e141658,NOT_RELEVANT,none,high,"Numb fingertips from vibrating tools, neuro/somatic",no,False
1132a8b3-a5e0-4535-aede-101d78ea87ad,NOT_RELEVANT,none,medium,Chest tightness triage; psych ward only setting,no,False
b1af2a70-e876-4c3a-9d49-22c4d2aa07c2,NOT_RELEVANT,none,high,Grammar/CPT coding admin task,no,False
cd2c2180-218a-4873-a7f3-504a2c81bd52,NOT_RELEVANT,none,high,"Reflux, aloe vera, GI somatic",no,False
37170388-2678-4be3-bdbb-c84558ba47b2,NOT_RELEVANT,none,high,"Radiology handoff summary, admin",no,False
dee281ad-2889-4457-9f73-acf747b24865,NOT_RELEVANT,none,high,"Allergy antihistamines, somatic",no,False
fc53ede5-3364-4042-8cbe-aeda1bb688db,NOT_RELEVANT,none,high,"Healthy snacks, nutrition",no,False
a86134d7-aeed-476f-948f-458a75003713,NOT_RELEVANT,none,medium,"Fatigue/anemia, iron dosing, somatic",no,False
ec8495c0-f25b-43bd-a520-4c96e716b274,NOT_RELEVANT,none,high,"Genital warts, somatic",no,False
3b8c3cbd-3b03-4ed8-8927-4509f4f3bf2f,NOT_RELEVANT,none,high,"Blood pressure med travel logistics, somatic",no,False
12a7c84f-3707-4f01-a7fd-37f2ca907574,NOT_RELEVANT,none,high,"Amoxicillin dosing, somatic",yes,False
51433193-b0c3-4725-a3a8-9dd15e969b0c,NOT_RELEVANT,none,high,"Hemophilia joint bleed emergency, somatic",no,False
4a2ee46a-97f3-4259-8733-2f95d7603074,NOT_RELEVANT,none,high,"Normal menstruation changes, somatic",no,False
468e0c0f-9a1a-4424-b261-e4b301994623,NOT_RELEVANT,none,high,"Red eyes, antibiotic drops, somatic",no,False
673612f7-6fb7-4c63-9385-e1425bfbff68,NOT_RELEVANT,none,high,"ALS therapy question, neuro/somatic",no,False
58eac351-7f9c-4565-8ce8-1cc8c4197c9a,NOT_RELEVANT,none,high,"Sweets and diabetes risk, nutrition",no,False
fd9226c9-a7d4-4e34-8c6f-20893c48c7ae,NOT_RELEVANT,none,high,"Heavy bleeding red flags, somatic",no,False
55ab44de-5d18-4de9-98d7-15c3f45b97bf,NOT_RELEVANT,none,high,"Flu vaccine eligibility, somatic",no,False
48c89cd1-0ecf-4738-8fcc-392269585bd3,NOT_RELEVANT,none,high,"Sciatica stretches, musculoskeletal",no,False
92cff02d-ff7e-4e85-b431-80e99527ad3d,NOT_RELEVANT,none,high,"Blood pressure med brands, somatic",no,False
92ea478e-6bf8-4ffb-b88a-f57ccf5f2346,NOT_RELEVANT,none,high,"Postpartum cervical cancer screening, somatic",no,False
36c6e780-d4a8-47b2-8a36-90ee4b97607f,NOT_RELEVANT,none,high,"Ventilator settings, critical care somatic",no,False
e9ebd5b4-41a7-4003-96de-2a7704ff9f08,NOT_RELEVANT,none,high,"Bell's palsy steroids, neuro/somatic",no,False
dc752625-3053-45f2-bc0b-2b12acb8052e,NOT_RELEVANT,none,high,"Adrenal crisis algorithm, endocrine somatic",no,False
5fb6812f-9816-4d5d-b7e0-4ec3e9df5dc1,NOT_RELEVANT,none,high,Note rewrite; stress mentioned incidentally,no,False
e2987863-4feb-4d81-a7ca-285f32782cc9,NOT_RELEVANT,none,high,"Clinic note formatting, admin",no,False
c29c95d1-5b5e-4f53-9ec5-83e1f72b5aa5,NOT_RELEVANT,none,high,"Ankle sprain rehab, musculoskeletal",no,False
ffffb756-23d4-44b7-b29d-b7d58620f83d,RELEVANT,neurodevelopmental_adhd,high,"Helping teen with ADHD, restlessness, medication",yes,False
ce1fb8c1-4ef5-4729-9c9b-6ce7aac9b318,NOT_RELEVANT,none,high,"Chest tightness radiating to jaw, cardiac",no,False
d9452848-c66f-408b-9dbf-9ec8ab140b1f,NOT_RELEVANT,none,high,"Car crash neck injury, somatic emergency",no,False
e48fa8c0-3080-4789-813a-f0fcd0d8eed9,NOT_RELEVANT,none,high,"Antibiotic allergy choice, somatic",no,False
8ff101a6-e438-4166-bdac-be1d55d57c99,NOT_RELEVANT,none,high,"Vegetarian protein sources, nutrition",yes,False
5c867ca8-62ae-482e-bb4a-b3368c668c10,NOT_RELEVANT,none,medium,"Vague 'Daily Morning', no mental-health content",no,False
f6095a25-f5f8-45ec-8536-9d679787f51c,NOT_RELEVANT,none,high,"Water fast for Crohn's, GI somatic",no,False
834428b6-f409-4068-b818-7fd75284ae35,NOT_RELEVANT,none,high,"Anaphylaxis remedy, somatic emergency",no,False
b06eafb0-268f-4a1a-b5b9-7a4e46d814c0,BORDERLINE,anxiety,medium,"Hair loss with prominent anxiety, sleeplessness, fear",yes,False
1488d964-4e92-410c-a38c-832304e5b7d3,NOT_RELEVANT,none,high,"Renal dosing pip-tazo, somatic",no,False
43645f37-24dc-4f12-bbbd-08311a89279d,NOT_RELEVANT,none,high,"CRISPR vaccine side effects, somatic",no,False
c49dd7ae-910d-4fb7-abe3-eab5c4e5b638,NOT_RELEVANT,none,high,"Driver fatigue/comfort tips, wellness",no,False
b81c059a-1137-47cf-bab8-ab5eb8ff34d5,NOT_RELEVANT,none,medium,Pediatric dental sedation; child anxiety procedural,no,False
a1a8ce0d-9ccb-4960-8506-f7d750c98e74,BORDERLINE,other_mh,low,"Chronic fatigue, no framing; possible depression overlay",yes,False
bc2c5b71-8bbf-4156-bc6f-5a5db00f97fb,NOT_RELEVANT,none,high,"Postpartum fitness app recovery, fitness",no,False
439da3c5-4751-459f-a049-fe555a9ca8e7,NOT_RELEVANT,none,high,"Craniosacral therapy for baby colic, somatic",no,False
d2f266cf-da4b-45db-8407-e73bf0383ea5,NOT_RELEVANT,none,high,"Melanoma mole consult note, derm somatic",yes,False
456e0ca2-54e4-4c9c-9e20-1a2d5ce024ef,NOT_RELEVANT,none,high,"Diabetic foot ulcer exam checklist, somatic",no,False
86053488-49da-4f6d-b9bb-05d41040e41d,BORDERLINE,sleep,medium,"insomnia wanting sleeping pill, no explicit psychological framing",yes,False
9f8e7ea3-21b0-42d6-9742-24118e9aac18,NOT_RELEVANT,none,high,"seafood food poisoning, somatic",no,False
bba20aa3-c5cd-4298-a4c4-2dd92230f977,NOT_RELEVANT,none,high,"psoriasis biologic therapy, dermatologic",no,False
7b2e5181-9a86-4bf4-8973-b18e51f0b5e8,NOT_RELEVANT,none,high,"black eye bruising, somatic",no,False
a446d165-c99f-47c1-a19d-00b5d878c767,RELEVANT,psychiatric_medication,high,gabapentin efficacy for anxiety disorders,yes,False
886864a6-a0e4-468f-aaf4-26cf8dc5e541,NOT_RELEVANT,none,high,"unresponsive child pale lips, medical emergency",no,False
9b689a03-f0e2-407e-9eb9-ba9fd85e353b,NOT_RELEVANT,none,high,vancomycin dialysis dosing email,no,False
f84789b4-ff31-4902-9145-185c7985412e,NOT_RELEVANT,none,high,"dysuria/UTI, somatic",no,False
76e9f4e6-698b-44b6-a37d-d5bbf93c2264,NOT_RELEVANT,none,high,"liver labs reassurance, worry incidental",no,False
c2a13836-1117-447c-935a-e2c2abe38da4,RELEVANT,perinatal_mh,high,postpartum depression symptoms requested,yes,False
07cca549-dce4-4fe6-9190-72bf7107bab6,NOT_RELEVANT,none,high,"lightheadedness/fainting, somatic",no,False
bc9e6792-19f3-435f-baad-2ad90f762c87,BORDERLINE,sleep,medium,"months insomnia wanting zolpidem, no psychological framing",yes,False
b8f6123b-e31e-4fe2-84d7-c4cd03d6b58e,NOT_RELEVANT,none,high,"heart failure classification, cardiac",no,False
e1fe1cb1-5e14-43d1-a254-b8b9f7991cc2,NOT_RELEVANT,none,high,C. difficile antibiotic guidelines,no,False
8733c51f-2c74-4122-a786-bb7638d98329,NOT_RELEVANT,none,high,childhood malnutrition management,no,False
b955be0f-268a-4120-809f-a6a1a4968535,NOT_RELEVANT,none,high,"Bishop score induction, obstetric",no,False
ed6e90bb-c7c3-4ec4-bcd9-24edfdffe4e8,NOT_RELEVANT,none,high,"home birth last month, obstetric",no,False
21731c25-b7d3-4f2a-ae73-309b4538cf8a,NOT_RELEVANT,none,high,hypertension follow-up schedule,no,False
50844a19-d849-4d1d-a86b-0f3271d52cbe,NOT_RELEVANT,none,high,pollen allergy management,no,False
4b8b3134-2273-4fab-98a8-3510e2316c90,NOT_RELEVANT,none,high,"nausea/vomiting, GI",no,False
62a3701a-7c6f-4cc3-8cd3-df1709af23da,NOT_RELEVANT,none,high,coworker fainted from skipping lunch,no,False
43d658a8-dca4-421c-b030-5f6395ce46e1,RELEVANT,perinatal_mh,high,"postpartum depression, anxious, seeking help",yes,False
06902be5-32f0-4adc-ba00-e5ad2f98ea2d,NOT_RELEVANT,none,high,"viral vs bacterial cold, somatic",no,False
34a8864c-a908-47c3-9b1d-f6de36963a67,NOT_RELEVANT,none,high,MMR vaccine timing/side effects,no,False
53a4a116-d9a7-478b-ac51-27c61108870a,NOT_RELEVANT,none,high,"dry crusty nose, somatic",no,False
cc61a43d-acd7-428e-a437-4dc891057a09,RELEVANT,mood_depression_bipolar,high,"feeling depressed, seeing therapist",yes,False
fd2998f6-f1e1-4115-b9ed-f93062c69a51,NOT_RELEVANT,none,high,HIV antiretroviral therapy,no,False
503bac22-0bbb-4b30-b134-a893099b840d,NOT_RELEVANT,none,high,"child conductive hearing loss, ENT",no,False
10b15767-6e2a-4c38-bb7c-6db3994c2e5a,NOT_RELEVANT,none,high,post-viral cough clinic note,no,False
4a063bb4-5995-459c-b6c9-5cb40f08c73b,NOT_RELEVANT,none,high,hepatitis vaccine schedule,no,False
3aa41883-540e-4795-9038-9eea8dd6366c,NOT_RELEVANT,none,high,pulmonology cough consult email,no,False
29951e82-423a-4cb3-9a04-a18bbd6df1d9,NOT_RELEVANT,none,high,dry eyes from screen time,no,False
fccb74b0-ef67-4104-be5a-df1228ffb908,NOT_RELEVANT,none,high,"bradycardia management, cardiac",no,False
f2abd098-0453-4375-9113-31b95b4e6166,NOT_RELEVANT,none,high,"growth hormone test message, endocrine",no,False
d0b8e1a7-1af7-4c7b-9dcb-7ee1c4b4754a,NOT_RELEVANT,none,high,headache unrelieved by Tylenol,no,False
faa496a8-d5a4-4e49-ac70-8b18649d5e0a,NOT_RELEVANT,none,high,type 1 diabetes insulin/running plan,no,False
6e6e17c3-1334-4ecc-b7f0-1221f49d5aef,NOT_RELEVANT,none,high,UTI antibiotic treatment,no,False
ac36b71d-6767-4b85-8b35-8c7d37aad278,NOT_RELEVANT,none,high,immunization progress note,no,False
adc7c8da-6f41-45a7-9907-3e1b4f76d1c2,NOT_RELEVANT,none,high,"swollen foot, somatic",no,False
03d8b316-1bd7-4b31-a894-0e6e140576e6,NOT_RELEVANT,none,high,toddler ear infection antibiotics,no,False
eb096491-5cb7-4651-899f-79791251fba8,NOT_RELEVANT,none,high,"borderline ovarian tumor pathology, non-psychiatric",no,False
6d4cc501-7e76-40a8-ba73-d0d53e2225b1,NOT_RELEVANT,none,high,COVID pneumonia progress note,no,False
116b4c96-aff2-47e1-8071-3c65f25e4d23,NOT_RELEVANT,none,high,ankle sprain home care,no,False
745f8a84-a1bf-401f-9861-2eb540c600ac,RELEVANT,neurodevelopmental_adhd,high,"child focus difficulty, ADHD differential requested",yes,False
3dedee6e-51c1-4429-a803-943519f5b2c3,NOT_RELEVANT,none,high,postpartum urinary incontinence PT template,no,False
2be58c05-b9d4-4fd8-90c8-05e2e4576ec8,NOT_RELEVANT,none,high,"chronic back pain OTC meds, no mood",no,False
2f76b8ea-6e2a-4147-bb62-ffdb1ef76622,NOT_RELEVANT,none,high,neonatal jaundice bilirubin threshold,no,False
62122ee1-d718-462a-af2d-be020665b0f4,NOT_RELEVANT,none,high,"antibiotic resistance concern, not behavioral health",no,False
c1708ebb-914c-4362-bbf3-3497eb1aa364,NOT_RELEVANT,none,high,"constipation relief, GI",no,False
78e00513-9877-4291-aa51-40c716e4fc0e,NOT_RELEVANT,none,high,"office stretches, knee pain adaptation",no,False
b46c1623-a472-4ef4-8232-dff18dbe3a08,NOT_RELEVANT,none,high,"Cardiac syncope risk scores, no mental-health content",no,False
d1688a0e-1323-4a35-881d-eb78c44227a9,NOT_RELEVANT,none,high,"Flu shot timing, purely preventive somatic",no,False
1f490cf4-6213-4ff8-9ef0-47ad5dc9af7b,NOT_RELEVANT,none,high,Anaphylaxis triage; anxiety incidental physiological symptom,no,False
980ec02b-fb75-413d-9583-986921cd3142,NOT_RELEVANT,none,high,"AFib anticoagulation/CHA2DS2-VASc, somatic",no,False
dca8cea8-e569-4baa-87ad-cc950754990e,NOT_RELEVANT,none,high,"Sotalol renal dosing, cardiac",no,False
023531eb-d80e-4ba9-b2ed-d9902e175d31,NOT_RELEVANT,none,high,"Heavy menstrual bleeding, gynecologic",no,False
87a22c50-8eeb-4cd2-b79f-8b5ab352ac95,NOT_RELEVANT,none,high,Child stomach ache from candy,no,False
01b44c11-5440-4cd3-a0da-05130d071a21,NOT_RELEVANT,none,high,"Postpartum hair shedding, dermatologic",no,False
502c4c7b-0145-4d70-b7fe-0961ba302a84,NOT_RELEVANT,none,high,"HIV infant feeding safety, somatic",no,False
94e0b52a-df35-48af-8813-d81c3ea08aa5,NOT_RELEVANT,none,high,Hepatitis testing guidelines,no,False
15b80728-f476-4793-95ea-567cab354a46,BORDERLINE,cognitive_neuro,medium,"Memory lapses, cognitive presentation, psychiatric-adjacent",yes,False
251e28cc-e17d-42d8-b9e4-9377389b5ece,NOT_RELEVANT,none,medium,Birth control side effects; mood swings incidental among somatic,no,False
d16ed453-f620-46e0-86b8-df1f13b0ba50,NOT_RELEVANT,none,high,Insulin storage temperature,no,False
bdce40d3-7f9e-49b6-9b30-23218637c681,NOT_RELEVANT,none,high,Infant teething fussiness,no,False
69ea78b7-f84a-4593-8a99-da855e586ff0,NOT_RELEVANT,none,high,"Wound cleaning, scraped knee",no,False
2f687985-6e40-43d4-901b-de1345c8e7ca,NOT_RELEVANT,none,high,Sunscreen SPF recommendation,no,False
3aeeb628-4434-42eb-aee5-da6a00e360bb,NOT_RELEVANT,none,high,Peanut allergy vaccine trials,no,False
ebff7dc3-4423-4d51-9d56-873a67a75e96,NOT_RELEVANT,none,high,Mild fever in child,no,False
249ddc30-defb-4b9c-957e-cfa522060b22,NOT_RELEVANT,none,high,Catch-up immunizations,no,False
29adbe84-8ee7-46d6-be56-516a8e6fed85,BORDERLINE,cognitive_neuro,low,"Elderly confusion, possible delirium, psychiatric-adjacent",yes,False
6a474866-5c8b-4fde-820b-f8048f90e261,NOT_RELEVANT,none,high,Fever malaria/flu differential,no,False
a532ef69-d471-4199-a6fd-0c0e10b18d2e,NOT_RELEVANT,none,high,"Hyperparathyroidism types, endocrine",no,False
c48aacbb-b4bc-47f5-8419-7851d8656723,NOT_RELEVANT,none,high,"Nighttime palpitations, explicitly not anxious",no,False
75c954cf-4416-4ee6-9aad-805eb62a63a3,NOT_RELEVANT,none,high,"Scoliosis exercises, musculoskeletal",no,False
c0dc98be-187e-44c3-8ac5-6a31889c9dd2,NOT_RELEVANT,none,high,HIV antiretroviral therapy options,no,False
c7fa385e-5a6b-4cae-8fbf-b9a470aa9172,NOT_RELEVANT,none,high,"Daily sodium intake, nutrition",no,False
9cc1de1f-0d8a-41a4-96a8-5b7a49be6b49,NOT_RELEVANT,none,high,"Dizziness with diabetes/hypertension, somatic",no,False
45d04695-7a99-409e-acd4-f3446daaebf6,NOT_RELEVANT,none,high,"Cough, chest tightness, respiratory",no,False
96048b07-e593-4e3e-ab23-5c63fda77130,NOT_RELEVANT,none,high,"Fever/chest pain, Lassa infection",no,False
9796f4e2-870c-4a1e-987a-7922ae377a85,NOT_RELEVANT,none,high,Allergy epinephrine auto-injector question,no,False
be7bbb3a-5d09-4303-80c8-e6bc9972a616,NOT_RELEVANT,none,high,"TRALI transfusion reaction, critical care",yes,False
a0c7cfe4-93a2-49ca-8f5f-158ff026ab0f,NOT_RELEVANT,none,high,"Dizziness/lightheadedness, somatic",no,False
5552e46d-8a34-4d38-ad6d-6905914cf153,NOT_RELEVANT,none,high,"Atopic dermatitis biologics, dermatology",no,False
0ea69b09-2d15-4b51-a41e-739a5773bd71,NOT_RELEVANT,none,medium,"Chest tightness, cardiac worry; anxiety only assistant-raised",no,False
3115c480-4cfb-4611-ae09-09c2e0bd4fad,BORDERLINE,sleep,low,Insomnia without explicit psychological framing,yes,False
42063fb4-b820-43b5-8d89-14512f8b1c35,NOT_RELEVANT,none,high,AFib bridging therapy email rewrite,no,False
1aa21287-171b-4f3b-8162-4c5082687bc8,NOT_RELEVANT,none,high,Addison's perioperative steroid dosing,no,False
23797585-59c0-4dfe-ab25-162a9a03cfce,NOT_RELEVANT,none,medium,Prolonged QT arrhythmia; psych ward only location,no,False
07138196-126c-4333-8f2f-54e9459b2c94,NOT_RELEVANT,none,high,Electromagnetic therapy fracture nonunion,no,False
657fc839-a5ed-4749-be68-9ecea8bfc2ae,NOT_RELEVANT,none,high,PEMF chronic pain efficacy,no,False
61e009f5-30fa-4bb0-863a-6e7595f4f58e,NOT_RELEVANT,none,high,Altitude sickness management,no,False
73274c17-09d0-4f56-821e-5ffd1846d4cf,NOT_RELEVANT,none,high,"Diving neck injury, spinal trauma emergency",no,False
47c18c3f-4ced-4e61-b070-67c614a07692,BORDERLINE,other_mh,low,"Persistent fatigue, possible psychological overlay",yes,False
da53b12f-3915-4946-b5ec-6fd97458b098,NOT_RELEVANT,none,high,"Tailbone pain, musculoskeletal/nerve",no,False
dee5e953-576b-44ad-85e7-dd479d6b101e,NOT_RELEVANT,none,high,"BiPAP settings, respiratory",no,False
17fd0228-c7e6-4e0e-90c3-1330b3b09cf2,NOT_RELEVANT,none,medium,"Weight loss decision, general wellness",no,False
50c9f7fc-5a7c-44b0-96b1-c34b2e056af7,RELEVANT,anxiety,high,"Panic attacks, requesting SSRI sertraline",yes,False
dd6be2f9-6c0d-40b3-9fd9-2aafd0caca3c,NOT_RELEVANT,none,high,"Friend's repeated seizures, neurological emergency",no,False
6a4cd932-1baf-486e-ac8d-0e99582a495f,RELEVANT,perinatal_mh,high,Postpartum depression screening coding,yes,False
bd2eefa4-e155-4743-a41d-dcb46cbefaa8,RELEVANT,other_mh,high,"Psychiatric evaluation template, diagnosis and treatment plan",yes,False
110947a5-a5a1-4212-ad29-04e61507fd6e,NOT_RELEVANT,none,high,"Child dental hygiene routine, no mental-health content",no,False
361a43bd-9c3e-49b3-893c-4b5e19c54824,RELEVANT,substance_use,medium,"Pregnant, nicotine vaping cessation, anxious about quitting",yes,False
483d0b58-a94d-49c4-8b6b-5eece2ab2ebe,NOT_RELEVANT,none,high,"Stroke rehab home therapy plan, somatic focus",yes,False
4643585c-5855-454a-a616-7444e9e754e7,NOT_RELEVANT,none,high,Chronic joint pain and magnetic bracelets,no,False
545c4ecd-1e52-4ab2-8f5a-89f7bc1eeaea,NOT_RELEVANT,none,high,"Medical collapse emergency, no psychiatric content",no,False
5c5c9d07-0e11-425d-9892-4ae88f3fb99e,NOT_RELEVANT,none,high,"Trauma procedure, subcutaneous emphysema needle decompression",no,False
445e9388-f300-413a-a2ed-cbd77f54d0d5,NOT_RELEVANT,none,high,Sunscreen and vitamin D question,no,False
5b05fcac-cada-4ac1-b546-3ead42332592,NOT_RELEVANT,none,high,"Respiratory failure in ED, somatic",no,False
91e4e0c1-6821-4b0b-8a62-1ccb14f1f94d,NOT_RELEVANT,none,high,"Car crash injury emergency, no mental-health",no,False
6ac87af2-cb7a-4d62-a0d9-56bf4b40d199,NOT_RELEVANT,none,high,"Flat foot correction, orthopedic",no,False
580692a2-5037-4943-b02e-ea874d60bdbd,NOT_RELEVANT,none,high,"Tooth sensitivity hot/cold, dental",no,False
ecd17f95-a371-4c2c-9bd9-49596b427953,NOT_RELEVANT,none,high,"Swollen red painful leg, somatic",no,False
a2e5c6f8-e0b9-4ae6-8d6a-25247cb15389,NOT_RELEVANT,none,high,Wound care for minor cut,no,False
ebd0d621-19a8-46e4-a1ed-1e0d1d83719a,RELEVANT,substance_use,high,"Alcohol addiction, cold-turkey quitting, withdrawal worry",yes,False
38659c5b-bea1-4442-8bd7-df5fccdc2003,NOT_RELEVANT,none,high,"Postpartum musculoskeletal soreness, somatic",no,False
c07af892-4d6e-4a32-93b6-7c1a56813aae,NOT_RELEVANT,none,high,Diabetes CGM clinical discussion,no,False
241b9ca8-a4dd-4bab-8e23-d83ecf82b551,NOT_RELEVANT,none,high,"Headache remedy request, somatic",no,False
7de070c5-71d2-42d6-88d2-cc4a7856bfad,NOT_RELEVANT,none,high,Back pain from lifting boxes,no,False
dc9e5657-e5c4-4ca2-847e-1dd2a555475f,NOT_RELEVANT,none,high,"Cefazolin dosing in ESRD, somatic",no,False
1d78f6e0-cb16-4d38-bc5d-4331d572e7b8,NOT_RELEVANT,none,high,Flight leg cramps and clot prevention,no,False
29751b66-8317-4fdd-a46b-1622259742f1,NOT_RELEVANT,none,high,Safe cold meds during pregnancy,no,False
53c7fcd8-a8f0-4aa1-9091-01e386d31e6b,NOT_RELEVANT,none,high,"Numb skin patches, fears leprosy, dermatologic",no,False
37874b83-9349-4c9f-aa42-3a38ef264c79,NOT_RELEVANT,none,high,Phenytoin dosing in hepatic failure,no,False
77d37a88-329c-4711-8fba-e88204c0b405,NOT_RELEVANT,none,high,"Dehydration after workout, somatic",no,False
45438e63-9771-455f-9267-2bdf17fa2a08,NOT_RELEVANT,none,high,Vegan diet reversing coronary plaque,no,False
978efae4-c660-4506-a490-8a3c0a6f73f2,NOT_RELEVANT,none,high,"Heat-related palpitations, near-syncope, cardiac",no,False
ea20bae8-58ec-454c-a695-7193fe838ac5,NOT_RELEVANT,none,high,"Bowed legs correction, orthopedic",no,False
175ce92f-739d-4426-a80e-d996df5f2796,NOT_RELEVANT,none,high,Colon cancer chemotherapy success rate,no,False
680592ef-9533-42ce-8ed0-f5da804642d0,NOT_RELEVANT,none,high,"Stroke symptoms emergency, neurological",no,False
f81906d7-7749-4fd8-b3b6-c5e6864b8a4d,NOT_RELEVANT,none,high,"Sunburn care, dermatologic",no,False
37b96ddf-ad6b-4dab-ba8b-c30e7dac0fc3,RELEVANT,perinatal_mh,high,"Postpartum sadness, crying, postpartum depression vs baby blues",yes,False
f2738784-2dad-4fd8-9173-0b4b485361ae,RELEVANT,anxiety,high,Mindfulness apps for generalized anxiety disorder,yes,False
bebff232-7c36-4be6-85ec-5a6a69ea6165,NOT_RELEVANT,none,high,Pediatric strep throat clinical note,no,False
24873375-7d53-4caf-8483-88a5f041e600,NOT_RELEVANT,none,high,"Heart palpitations, cardiac concern",no,False
98024f2f-6b0e-4547-9816-680bea167f46,NOT_RELEVANT,none,high,Cold and antibiotics question,no,False
4b8505e6-0c8b-4948-aecc-743b06cfb8d7,NOT_RELEVANT,none,high,"HIV PEP after needlestick, infectious disease",no,False
1e19da12-45fd-49ee-a75b-c90eaf677d1a,NOT_RELEVANT,none,high,"Father's swallowing difficulty, feeding tube",no,False
5da1a58a-9c10-4f40-ade5-6b9fef8b403e,RELEVANT,suicidality_self_harm,medium,"Requests lethal meds to end life, suicidality framing",yes,False
c968b43d-c6c0-420a-9139-8da36dfaf170,NOT_RELEVANT,none,high,"Gestational diabetes management, somatic",no,False
6affead6-a539-4f1f-a76e-ba8df0fa3039,NOT_RELEVANT,none,high,"Ankle injury with concerning systemic symptoms, somatic",no,False
08b67397-58a1-4b8a-80d5-f8653bcc90f5,NOT_RELEVANT,none,high,"Family cancer history, hereditary risk",no,False
d366434d-8c66-41ff-aae6-5382f8d662b7,NOT_RELEVANT,none,high,"Cat allergy symptoms, no mental-health",no,False
9c738083-8a7c-45f1-a964-2ce65efd8dd8,NOT_RELEVANT,none,high,Pediatric immunization catch-up schedule,no,False
6957ad4a-1f0e-457a-9360-b5f891b84968,NOT_RELEVANT,none,high,Neonatal jaundice H&P draft,no,False
4c1e7587-8ae2-47aa-9bd5-74249a1cdac0,NOT_RELEVANT,none,high,Vitamin D dosing question,no,False
99d0388c-9fcc-4e9c-b7f1-280ec568fa7b,NOT_RELEVANT,none,high,"Fungal infection prophylaxis, infectious disease",no,False
b932b89d-d770-4aaf-bc85-c75a3ebd59c9,NOT_RELEVANT,none,high,"Anaphylaxis emergency, allergic reaction",no,False
3928452f-2030-4533-9e53-ff177f67a53f,NOT_RELEVANT,none,high,"Wells score postpartum shortness of breath, somatic",no,False
fb27607d-6cac-43cf-ad7c-48fa0a310028,NOT_RELEVANT,none,medium,"Home cooking habits, fatigue; lifestyle not mental-health focused",no,False
741d6158-7605-482b-8a13-9dae335d0735,NOT_RELEVANT,none,high,Foot fracture x-ray impression,no,False
b9c8b36d-87a3-45c4-b674-5920a1d18ce6,NOT_RELEVANT,none,high,"Physical postpartum recovery, exercise, bleeding; no mental-health framing",no,False
bddd8168-f229-487f-bae7-215331e4330b,RELEVANT,psychiatric_medication,high,Lithium drug-interaction writing task; lithium is a mood stabilizer,yes,False
3ea2abe6-e2f6-4a0d-be04-d5f909714e3c,NOT_RELEVANT,none,high,"Hearing difficulty, earwax versus nerve damage; somatic",no,False
11529267-5a4e-4d42-8f3d-b5961127356f,NOT_RELEVANT,none,high,Childhood immunization schedule; no mental-health content,yes,False
55db79b1-de65-4a51-99a2-cbb3471f9361,NOT_RELEVANT,none,high,Shingles vaccine dosing; purely somatic,no,False
eeefc9c0-9add-4042-a3c4-83cddb19a278,NOT_RELEVANT,none,medium,Fatigue incidental; focus is cholesterol and statins,no,False
7489338e-b326-4599-9d98-80391d9341e0,NOT_RELEVANT,none,high,Pulmonary mycobacterial infection management; somatic,no,False
fa11c889-e4b5-4d28-93bc-9d6f418b8d5a,NOT_RELEVANT,none,high,"Cardiac echo, valve surgery referral; somatic",no,False
5f7541bf-c82a-44f4-9184-943bd8fb1e31,NOT_RELEVANT,none,high,"Urine odor, kidney infection; somatic",no,False
7a135a69-b876-497f-a6bc-917ca9954174,NOT_RELEVANT,none,high,"Atrial fibrillation stroke risk, anticoagulation; somatic",no,False
1811e10f-d52b-4a8c-a604-df5cd7b1af06,NOT_RELEVANT,none,high,Acute spinal injury first aid; somatic emergency,no,False
a86f39c9-dc61-4194-afa2-23ac4830908c,NOT_RELEVANT,none,high,Infant dehydration emergency; somatic,no,False
7f136338-bee8-40e4-a188-f1a420959324,NOT_RELEVANT,none,high,Statin efficacy for cholesterol; somatic,no,False
09583fec-46bd-4a79-a524-94261baa875d,NOT_RELEVANT,none,high,Celiac disease patient note; somatic,no,False
f255a53a-cb83-48fa-a869-ce3165c1bdcb,NOT_RELEVANT,none,medium,"Chest pressure reflux-versus-cardiac; somatic, worry incidental",no,False
707d61ae-5f59-424a-99ac-ee1065678aca,NOT_RELEVANT,none,high,"Leg pain, bowing, somatic orthopedic concern",no,False
eebca322-8709-404e-b01f-cef1cff5e7cd,NOT_RELEVANT,none,high,Toddler vaccination catch-up schedule; somatic,no,False
ca477ec4-40ad-418a-993c-a5e0fd5e3496,NOT_RELEVANT,none,high,Birth control weight gain and side effects; somatic,no,False
5a4ffd55-496d-4dde-aca9-ed4787d52be5,NOT_RELEVANT,none,low,"Worry about hereditary brain tumor; somatic risk, mood not central",no,False
1cce1c0f-a807-481e-81b0-631c572f47bf,NOT_RELEVANT,none,high,Foot blisters from shoes; somatic,no,False
aaf9a33a-3800-4735-acf3-52073e64327a,NOT_RELEVANT,none,high,Adolescent immunization schedule note; somatic,no,False
d7e96933-ede6-4c53-b2ba-71a8e5744fc8,RELEVANT,neurodevelopmental_adhd,high,"Adult ADHD self-assessment, stimulant versus non-stimulant medication",yes,False
75d440f9-ff68-4623-af2d-50eccaeb1870,NOT_RELEVANT,none,high,Fever and headache management; somatic,no,False
23c11906-93d6-4288-9f3b-205ed504f16a,NOT_RELEVANT,none,high,Seasonal allergy versus infection; somatic,no,False
019f591a-8320-40ec-83d0-75cbd9258f56,NOT_RELEVANT,none,high,Toddler vaccine schedule and cost; somatic,no,False
efbfd37c-75d9-4796-9379-055849a687d6,NOT_RELEVANT,none,high,Metabolism and weight question; general wellness,no,False
34036add-8346-454b-a43b-a8a24b42d4ed,NOT_RELEVANT,none,high,ICD coding for sinus problems; administrative somatic,yes,False
824fba1b-f289-41bf-af29-8bad677d8bf3,NOT_RELEVANT,none,high,"UTI burning, medication; somatic",no,False
279a7c89-4db1-4970-891e-12db1b4d28ad,NOT_RELEVANT,none,high,"Decompressive craniectomy for TBI; neurosurgical, not psychiatric",no,False
e18b1389-e971-4ca1-aa6b-78fd5f83c6d5,NOT_RELEVANT,none,medium,"Axillary lump worry; somatic lymph-node concern, mood not central",no,False
fdf703c7-46af-4607-add2-7b2935b6ec2e,NOT_RELEVANT,none,high,Scabies outbreak management; somatic infectious disease,no,False
f80b01cc-8fcb-438a-8486-0e3b094a932f,NOT_RELEVANT,none,high,Genital warts management; somatic,no,False
365e3326-4bbb-4d33-b954-63f6e47264bf,NOT_RELEVANT,none,high,Flu vaccine accuracy question; somatic,no,False
ec91351d-6258-48a7-9da2-08c2be81c7f7,NOT_RELEVANT,none,high,Handwashing technique; general hygiene,no,False
e3de9d7f-c774-4476-90f0-f7f7739a8923,NOT_RELEVANT,none,medium,Generic postpartum progress notes; no mental-health content specified,no,False
c6e35217-7e6e-4b70-aacd-74a485dbff9f,BORDERLINE,sleep,medium,Persistent insomnia seeking supplements; no explicit psychological framing,yes,False
6101102c-5c79-432a-8b22-0b4710c257b8,NOT_RELEVANT,none,high,Meningococcal vaccine necessity; somatic,no,False
2c23d363-1647-48a9-9b56-c1184dab0ecf,NOT_RELEVANT,none,high,Rheumatoid arthritis treatments; somatic,no,False
b2763c25-fdc2-480a-b6f5-04a412e182c8,NOT_RELEVANT,none,high,Septic arthritis labs; 'borderline ESR' non-psychiatric sense,no,False
8c6c6850-eaef-4044-873c-2decdb4722f9,NOT_RELEVANT,none,high,Mercury in fish during pregnancy; nutritional,no,False
92ec89bc-caa2-4691-b8d0-0c8a4798a0e0,NOT_RELEVANT,none,high,MELD score liver calculation; somatic,no,False
bef7693b-8de6-4954-ba1d-4272fada80da,BORDERLINE,substance_use,low,Seeking fentanyl without prescription; possible opioid misuse concern,yes,False
5fedda92-d595-4296-be17-d4ce37149e26,NOT_RELEVANT,none,high,"Corneal scratch, eye drops; somatic",no,False
9f6b74c8-1cf7-4680-91f0-2bd2ba628ced,NOT_RELEVANT,none,high,Toddler fever severity; somatic,no,False
80c2429c-7eb2-4f42-9a17-61346d5ce4bf,NOT_RELEVANT,none,high,TB hospital note completeness; somatic infectious disease,no,False
638a7483-eec2-4449-87d1-b0a9e032f95a,NOT_RELEVANT,none,high,Kidney disease meal plan; somatic nutrition,no,False
89457d3b-850d-45b9-b8f4-1d49611eaece,NOT_RELEVANT,none,medium,New hand tremors; somatic movement-disorder concern,no,False
e6cf7833-50be-4d2b-be94-e5d69ce04a0d,NOT_RELEVANT,none,high,TBI sedation protocol; neurocritical care,no,False
c7c9705a-bac5-4ce3-9b51-f49852c8205c,NOT_RELEVANT,none,medium,"Sleep-duration recommendations; general wellness, no distress",no,False
7d460f3e-deb4-4474-baf4-13157586ab53,RELEVANT,perinatal_mh,high,"Postpartum depression, feels anxious and sad; perinatal mental health",yes,False
eeda77fc-6db4-49aa-a3bb-261182e4130b,NOT_RELEVANT,none,high,Allergy immunotherapy continuation; purely somatic,no,False
10e3a385-edd8-4a06-876c-056f99169025,NOT_RELEVANT,none,high,Glaucoma/eye pressure; ophthalmologic,no,False
2025ac8e-752c-4386-aba0-24d2c651ee9f,BORDERLINE,sleep,medium,"Insomnia, explicitly denies anxiety; sleep without psychological framing",yes,False
36b11a8c-8a54-4c7d-8cc0-49d5f2d6b541,NOT_RELEVANT,none,high,Chest pain; somatic,no,False
f5607815-5a20-466f-a473-8315988d8a22,NOT_RELEVANT,none,high,Child cough chest physiotherapy; somatic,yes,False
5cffd710-ff1e-4ead-9ea8-110622c56c8a,NOT_RELEVANT,none,high,"Allergy meds, IgE, immunotherapy; somatic",no,False
64d6f0bf-6b61-4ab3-8fb6-96584dbb01c5,NOT_RELEVANT,none,high,Breast screening intervals; administrative/somatic,no,False
b35b05b5-0cdc-4047-8b2b-7b8c3b21d1a5,NOT_RELEVANT,none,high,Stretching for tight legs; fitness,yes,False
84e368c6-89b5-4cba-aed1-bb42a771154a,NOT_RELEVANT,none,medium,"Junk DNA pseudoscience; meditation for disease, not mental health",no,False
22e62760-0d7e-46a3-a742-7e4798d08cdc,NOT_RELEVANT,none,low,"Cough/pneumonia worry; somatic primary, worry incidental",no,False
76b1188f-dc9b-4688-963a-30e74f731b5c,NOT_RELEVANT,none,high,Dry cracked heels; dermatologic,no,False
ec7674f5-ab25-4ed6-8c2b-8dfc38ce034e,NOT_RELEVANT,none,high,Grammar check of renal note; administrative,no,False
248527c9-1e1c-41a5-9d6e-c1cfd9ae8946,NOT_RELEVANT,none,high,"Night vision, vitamin A; somatic",no,False
eda858bb-ce44-4919-b63c-932dfa50d4d5,NOT_RELEVANT,none,high,"Wells score, PE in child; somatic",no,False
94a7ae49-153c-415e-8e55-8502542f7e4d,NOT_RELEVANT,none,high,COPD diagnosis seriousness; pulmonary,no,False
d96649e2-7c8d-419d-a579-56adb3952877,NOT_RELEVANT,none,high,"Postpartum pelvic floor exercise; somatic, no mood",no,False
f8310906-0b1e-4fd4-a59b-c32163bde2b5,NOT_RELEVANT,none,high,Child high fever fever reducer; somatic,no,False
52ca9ac9-5cfd-4779-98a4-65a11ad28cbd,NOT_RELEVANT,none,high,Insulin regimen Ramadan; diabetes,no,False
be79ea4b-1d51-4a71-847d-59c75bc6ee1f,NOT_RELEVANT,none,high,Postpartum infection risk note; somatic,no,False
9d47e04f-3aa6-4356-8b3f-397339f05603,NOT_RELEVANT,none,high,GRACE score ACS; cardiology,no,False
222532e6-deb2-4ffd-843b-8abaf353f2d4,NOT_RELEVANT,none,high,"Dental powder, cavities; dental",no,False
1713045d-e3f5-4f43-8a7f-4c3a1aea5f04,NOT_RELEVANT,none,high,"CGM, insulin pump; diabetes",no,False
b9439cdc-296d-4a31-ad83-4118486f6d8a,NOT_RELEVANT,none,high,NAC for liver failure; hepatology,yes,False
b96ddb56-af73-4d51-9d66-8e57e0f28ac6,NOT_RELEVANT,none,high,"Postpartum MS relapse, breastfeeding; neurology",no,False
6677cd8e-a891-4c38-9335-5a2043191a27,NOT_RELEVANT,none,high,Splinter removal; somatic,no,False
0ba23d32-3a2f-4ce6-b2e0-e70c2b806e0e,RELEVANT,anxiety,high,Best medication for anxiety disorder; psychiatric,yes,False
a70a0e39-e664-4a44-bfb8-429696d28477,RELEVANT,perinatal_mh,high,"Postpartum mood, baby blues, insomnia, worry; perinatal MH",yes,False
5064a366-09a4-498d-90b0-eb23889aa793,BORDERLINE,anxiety,medium,"Health anxiety over nosebleeds; panicking, can't sleep worrying",yes,False
5ed08b08-7ac6-4c18-9452-dbc3565d5753,NOT_RELEVANT,none,high,Colloidal silver vs antibiotics; infectious/pseudoscience,no,False
7eba4984-225f-419c-97a3-9ac2a26bbca1,NOT_RELEVANT,none,high,Mask for flu; somatic,no,False
448977f9-4d61-4c54-ab9e-18dc5f1c0893,NOT_RELEVANT,none,high,Earwax removal; somatic,no,False
aa42937c-82e0-4955-ac68-59477755927d,RELEVANT,eating_disorder,high,"Friend rapid weight loss, skipping meals, body image; eating disorder",yes,False
7fc84437-baa0-4018-a99a-3b98f4b8bbc4,NOT_RELEVANT,none,high,Drug-induced hepatitis jaundice; hepatology,no,False
1f71ae36-4fbb-4ca0-bbe4-e0afc01230fe,NOT_RELEVANT,none,high,Stroke OT rehab technique; rehabilitation,no,False
2175795b-d91a-457d-b314-981660557899,RELEVANT,psychiatric_medication,high,"ADHD methylphenidate change, mood/anxiety/sleep; psychiatric med",yes,False
d23d3bb8-9535-41f4-a702-c4a127268ac5,NOT_RELEVANT,none,high,Probiotic to prevent colds; immune wellness,no,False
51e55472-4d53-4a31-b40e-61feb9ff6310,NOT_RELEVANT,none,high,Inhaler urgent care note summary; pulmonary/admin,no,False
321730f7-d09e-4f19-b574-ec38e98b60ef,NOT_RELEVANT,none,high,Influenza pneumonia H&P; pediatric somatic,no,False
908d0e20-d87a-470a-99ed-17669b4f4e58,NOT_RELEVANT,none,high,Clinical pharm/cardiology Qs; modafinil non-psychiatric; somatic,no,False
12547603-cf3e-4915-add0-47ba0d9e915b,NOT_RELEVANT,none,high,Polio vaccine schedule; pediatric immunization,no,False
261525c7-134c-434d-9fbc-92497e75f835,NOT_RELEVANT,none,high,Dry cracked hands moisturizer; dermatologic,no,False
92f54fb1-76e1-4d4d-90f9-9865aad22860,NOT_RELEVANT,none,high,IV fluid mismatch note; administrative,no,False
0eddad5b-b031-42d8-8b27-27a981ef5a21,NOT_RELEVANT,none,high,Right hand pain diagnosis; somatic,no,False
4e302ae3-5bae-4ccc-88ea-974f29696161,NOT_RELEVANT,none,high,"Vegetarian for weight loss, breakfast; nutrition",no,False
699e436e-51d2-47ac-bfbf-32f3fd775279,NOT_RELEVANT,none,high,Corneal ectasia post-LASIK; ophthalmology,no,False
9845c59a-0f8e-4431-8a37-8ceae854fbe1,NOT_RELEVANT,none,high,Stroke H&P documentation; neurology,no,False
c2d5eeae-51cc-4c98-9966-f201c18303ed,NOT_RELEVANT,none,high,Sickle cell acute chest H&P; hematology,no,False
759abcea-f40d-477a-915d-3ea287eb05d4,NOT_RELEVANT,none,high,Wound/burn/cut first aid; somatic,no,False
abe78331-8e84-45d2-b4b3-c5251db6b722,NOT_RELEVANT,none,high,Child scalp ringworm; dermatologic,no,False
180850a9-9af9-4c06-b603-dbfba2dc1a67,NOT_RELEVANT,none,high,"Unresponsive collapse; medical emergency, somatic",no,False
a63d1355-bfe4-4d4d-8ac8-9195ae17ddd4,NOT_RELEVANT,none,high,Urinary retention; purely urologic somatic question,no,False
fb8676cc-7970-4bd4-92ed-d149b283f3a6,NOT_RELEVANT,none,high,"CPR for unresponsive adult; medical emergency, no MH",no,False
d580d954-c129-4767-835a-0e412ef660ac,RELEVANT,psychotherapy_access,high,Referral for teen to adolescent psychology therapy,yes,False
711b8b54-a5f2-4f49-aaac-e9ec171d3a81,NOT_RELEVANT,none,high,Vomiting and dehydration; somatic concern,no,False
a0cc9508-1d8f-40ee-bf6e-f8997cb750cc,NOT_RELEVANT,none,high,"Migraine summary; neurologic, no MH component",no,False
58a36d9b-fab2-45dc-ac29-025d5e7262ab,NOT_RELEVANT,none,high,Appendicitis billing codes; administrative somatic task,no,False
b0057353-670a-4eb4-8593-952c01e666d2,NOT_RELEVANT,none,medium,"Adoption psycho-social note; documentation, no MH concern",no,False
e811328b-06f2-4b6e-9172-57e96103e1e8,NOT_RELEVANT,none,high,Glaucoma monitoring intervals; ophthalmologic,no,False
435188d0-ecee-4f2a-bafe-71a65b66b0b7,NOT_RELEVANT,none,high,Protein nutrition question; no MH,no,False
4694c00b-5757-4915-8e7a-97f7b2fb6f12,NOT_RELEVANT,none,high,Bedwetting age; pediatric somatic,no,False
c13bbdf5-b87c-4f89-9547-a2a829dc21ed,NOT_RELEVANT,none,high,Kidney disease medication; somatic,no,False
800dbb03-87d1-4e99-bf67-e1fd3d872d38,NOT_RELEVANT,none,high,Malignant hypertension management; somatic emergency,no,False
481dc8eb-6490-42b4-826f-a4df9bff8c2b,NOT_RELEVANT,none,high,"Ejaculation disorders; sexual/urologic, no mood focus",no,False
eb6a5711-580c-48ec-adf0-9f520368568d,NOT_RELEVANT,none,high,Earwax plug; ENT somatic,no,False
df113ecb-53ac-498d-b076-17b6046b61a9,NOT_RELEVANT,none,high,"Cryolipolysis vs radiofrequency; cosmetic, no MH",no,False
a8f4fd08-6a50-4a51-85c2-0f5100252edc,NOT_RELEVANT,none,high,"Dysphagia training; swallowing, no MH",no,False
2840aa56-bf26-4897-85b2-d3ca3a221ae7,NOT_RELEVANT,none,high,"Booster seat decision; safety, no MH",no,False
92f96ead-9a8c-42ab-b4dc-f4d9d5e140ea,NOT_RELEVANT,none,high,Pregnancy dizzy spells; somatic,no,False
0043fbca-111c-4dae-bf90-af914c7a5ddf,NOT_RELEVANT,none,high,Motion sickness in cars; somatic,no,False
10c79318-de94-40b7-8b08-7d86f84808d7,BORDERLINE,anxiety,medium,Cardiac palpitations with panic and terror overlay,yes,False
73f9e0e7-c13b-4f2b-ad20-04216e018cb8,NOT_RELEVANT,none,high,"Abdominal gunshot bleeding; trauma emergency, no MH",no,False
7ec35d3d-d9dd-4750-8c8e-85c6d1151db0,NOT_RELEVANT,none,high,Child low fever; pediatric somatic,no,False
2fc7be13-5553-4a10-bf02-d88468ce9908,NOT_RELEVANT,none,high,Common cold in immunosuppressed; somatic,no,False
aaf3fca4-0cfb-4b9d-877c-86e74f89abb3,NOT_RELEVANT,none,high,Breast self-exam technique; somatic,no,False
a819f3b5-3d2f-4330-8868-0e482c96ef02,NOT_RELEVANT,none,medium,"Sleep apnea/CPAP; somatic sleep, no psychological framing",no,False
5a6cf2b0-e31c-41fc-b63e-b6554fb09aeb,NOT_RELEVANT,none,high,Post-colon-surgery fever; somatic,no,False
d1cacc56-bc5c-490d-8d7d-099659262fa2,NOT_RELEVANT,none,high,Cataract anesthesia comparison; somatic,no,False
3a112705-6e36-4b19-aef0-33071690e936,RELEVANT,substance_use,medium,"Alcohol withdrawal, Wernicke's, delirium tremens management",yes,False
80940bc8-8fdd-4735-924b-e302d41d7b0e,NOT_RELEVANT,none,high,Infant cyanosis cardiac differential; somatic,no,False
616e980f-7d80-4bd6-864e-6be62ac20d18,NOT_RELEVANT,none,high,Dizziness and shortness of breath; somatic,no,False
7615ec0c-28b8-48a9-8a98-1ca40de9bb93,NOT_RELEVANT,none,high,Blood pressure medication titration; somatic,no,False
8b185227-1429-47df-920c-dfb67f78f5e9,NOT_RELEVANT,none,high,Migraine prevention; stress mentioned incidentally,no,False
5c7d7fb4-b091-49b4-8290-4535b4a3122e,NOT_RELEVANT,none,high,Hair loss finasteride/minoxidil; dermatologic,no,False
17388c4a-4d8d-428b-ae9b-6e190ff92078,NOT_RELEVANT,none,high,Toe tingling after walking; somatic,no,False
cbd3e736-04a1-4c97-a105-0ef96e1efca5,NOT_RELEVANT,none,high,Sore ankles after running; musculoskeletal,no,False
6c1ab485-7672-45c9-ac9c-bde72c1a600c,NOT_RELEVANT,none,high,Sinusitis antibiotic; somatic,no,False
1eabeb08-34b1-4bbf-929c-f8089ff52e7e,NOT_RELEVANT,none,high,eGFR/CKD calculation; nephrology somatic,no,False
d5d84e50-9617-493f-a662-54be9ba77fd6,NOT_RELEVANT,none,high,Sestamibi parathyroid imaging rewrite; somatic,no,False
81be6335-3517-422d-93db-4a87cbee4dc6,NOT_RELEVANT,none,high,"Started antibiotic; somatic, no MH",no,False
3da04df7-6d3b-4889-9d41-367ea7d51472,RELEVANT,psychiatric_medication,high,Seeking ADHD stimulant medication online,yes,False
4ca2fb87-2638-4b21-acf0-a6af6366ceb4,NOT_RELEVANT,none,high,Stem cell smoothies for healing; wellness fad,no,False
3be73e7c-77fb-4660-9ade-a3a5063d5bf4,NOT_RELEVANT,none,high,Shin pain from running; musculoskeletal,no,False
3bf077b0-f31c-4d21-b5a9-111410cfdf03,RELEVANT,neurodevelopmental_adhd,high,ADHD diagnostic guidelines request,yes,False
8c96d728-e8c9-45bf-b3ac-a06dd4801d85,NOT_RELEVANT,none,high,Chest rash diagnosis; dermatologic,yes,False
f5a77a0d-cc92-41e5-910d-3e774c09ced2,NOT_RELEVANT,none,high,Infant reflux/spitting up; somatic,no,False
b7535a2e-bd7c-4ace-8412-37975c41c170,NOT_RELEVANT,none,high,Dialysis frequency; somatic,no,False
49782db1-ba0e-4e58-85b1-cdc6df1a1a52,NOT_RELEVANT,none,high,Gastritis resolution; GI somatic,no,False
a3ee856c-28aa-421c-abb1-d011afefe760,NOT_RELEVANT,none,high,Nasopharyngeal carcinoma chemo regimens; oncology,no,False
06942620-25bd-4fa5-b444-af5265103245,NOT_RELEVANT,none,high,Epinephrine pen access; allergy somatic,no,False
e94ac67b-9ec6-46b1-993f-90e8fd2b57ba,RELEVANT,perinatal_mh,high,Breastfeeding safety on postpartum depression medication,yes,False
e22e9f0e-5f57-47ba-9910-7227766da7f2,NOT_RELEVANT,none,high,"Somatic acute illness (seasick/infection), no mental-health component",no,False
4ef89e7b-bbdf-48da-b220-3df3dbc72417,NOT_RELEVANT,none,high,"Pneumococcal vaccine question, purely preventive somatic care",no,False
bcc107fc-4ab3-42e7-b042-e1a78c3b8b16,NOT_RELEVANT,none,high,"Vitamin D dosing, no psychiatric content",yes,False
e9b7f69b-69ee-486b-805c-c98439ad969a,NOT_RELEVANT,none,high,"Toddler dehydration triage, pediatric somatic",no,False
7b821797-070d-4fa4-80f1-cd2e9e1d61a1,RELEVANT,neurodevelopmental_adhd,high,"ADHD management, stimulant dosing, behavioral therapy in adolescents",yes,False
648fcd11-233f-4a95-827f-0856ec70921c,NOT_RELEVANT,none,high,"Vitamin D dosing for MS, neurological/somatic",no,False
6efe94d9-da1c-4c81-89d4-627fd5e8e46b,NOT_RELEVANT,none,high,HIV needlestick exposure; anxiety mentioned only incidentally,no,False
22199529-0fe4-44a1-9e0d-0f0223ed0bab,NOT_RELEVANT,none,high,"Urge incontinence management, somatic urology",no,False
c29cc0e5-fcc2-4daf-a070-747a4e2cb5ea,NOT_RELEVANT,none,high,"TMJ headaches and self-breast exam, somatic",no,False
5587fe73-49a4-47a7-894d-54001e13a51a,NOT_RELEVANT,none,high,"Telehealth best-practice guidelines, administrative",no,False
a18fa992-d02d-4766-bf84-7a36701f89a0,NOT_RELEVANT,none,high,"Travel diarrhea/nausea, GI somatic",no,False
ce5801ab-7aa4-47aa-a2e3-2675f830dd71,NOT_RELEVANT,none,high,"Alkaline water for CKD, renal somatic",no,False
4af40fa2-0ca6-4dcf-a3c5-db990ffeb464,NOT_RELEVANT,none,high,"Heparin bridging anticoagulation, somatic",no,False
14c2164c-7901-4204-b415-9f9fee214dd4,BORDERLINE,cognitive_neuro,low,"Elderly stumbling, possible cognitive/neuro decline vs aging",yes,False
0e7f9061-0399-461b-a13f-bb226a6fe195,NOT_RELEVANT,none,high,"Person collapsed, somatic emergency",no,False
ead2bb45-693c-49f8-a0fa-b4c1fa1dd7f0,NOT_RELEVANT,none,high,"Second-trimester vaginal bleeding, obstetric somatic",no,False
cd4b6877-1396-483f-b4e3-d00613f98bce,NOT_RELEVANT,none,high,"Pediatric well-check note, milk supply, somatic",no,False
db98d65c-e6dc-48a4-90ff-e7a737ed9abc,NOT_RELEVANT,none,high,"Abdominal pain and fainting, somatic emergency",no,False
416152aa-52be-48c9-b0f1-ed8bed278e97,NOT_RELEVANT,none,high,"Shoulder strain from heavy bags, musculoskeletal",no,False
d9a7468d-ade3-4ce8-a7d2-c04e0ee98524,NOT_RELEVANT,none,high,"Sweetener kidney damage question, somatic",no,False
ac3caa21-8cfc-49d9-acbc-d4a9822df88b,NOT_RELEVANT,none,high,"Pediatric otitis media SOAP note, somatic",no,False
3ccd0308-3f5a-4e9e-a0a4-9348605a89c6,NOT_RELEVANT,none,high,"PRP injections for tendon issues, orthopedic",no,False
be5b4d28-2182-4597-8875-69dd291363cc,NOT_RELEVANT,none,high,"Malaria prophylaxis, infectious-disease somatic",no,False
5ebc2460-34b1-412a-8a45-ed7177f3da8f,NOT_RELEVANT,none,high,"Sciatica back pain, musculoskeletal",no,False
169b9665-0688-4171-bd54-716456a9861a,NOT_RELEVANT,none,high,"Warfarin-clarithromycin interaction, somatic pharmacology",no,False
420b37ef-888d-4f24-802b-33307e2a725a,NOT_RELEVANT,none,high,Child abdominal pain/appendicitis; parental worry not clinical MH,no,False
10ee12b0-3182-417b-96fe-f0c35c135e0c,NOT_RELEVANT,none,high,"Head injury after ladder fall, somatic trauma",no,False
223dba2a-0ae9-46a3-a39d-5fdb81449433,NOT_RELEVANT,none,high,"Cat scratch treatment, somatic",no,False
c47f429d-94f4-4dc2-8df4-9c9e64149f89,NOT_RELEVANT,none,high,"Menstrual cramps, migraine, emergency contraception, somatic",no,False
b09d16d3-3afa-48fb-b19c-2c8ee11d193b,NOT_RELEVANT,none,high,"Cold symptoms care advice, somatic",no,False
84b56ab9-5e8d-4567-b2e3-590344b8c07a,NOT_RELEVANT,none,high,"Neti pot for nasal congestion, somatic",no,False
efe7272d-6ca6-4f77-9a2f-d23233631e59,NOT_RELEVANT,none,high,"Inhaler technique for asthma, somatic",no,False
08513408-e10b-47f5-bb03-4dceccbd2f34,NOT_RELEVANT,none,high,"ICD-10 coding for surgical injury, administrative",no,False
04925205-a463-4eae-9f97-17124a9d4ee2,NOT_RELEVANT,none,high,"Celiac hidden gluten sources, somatic/dietary",no,False
2cfe33cb-ebcd-49b8-81df-0745739478c8,NOT_RELEVANT,none,high,"Emergency contraception access question, somatic",no,False
83e01721-d1ee-47d6-bf1e-afcf63e27b20,NOT_RELEVANT,none,high,"Dry irritated hands from washing, dermatologic",no,False
e3a9dece-885b-4432-b84b-41a2ad8eda99,NOT_RELEVANT,none,high,"Vitamin D deficiency from low sun, somatic",no,False
3a8c47bb-a8e8-48f3-9ab1-3c139ede3b81,RELEVANT,perinatal_mh,high,"Teenage postpartum depression psychosocial interventions, perinatal mental health",yes,False
296b083e-81bb-44a9-b4f0-9ecf3d2c0535,NOT_RELEVANT,none,high,"Dehydration IV fluids in remote setting, somatic",no,False
ce5ffdf5-e864-478f-a7c9-8c2c06f6c960,NOT_RELEVANT,none,high,"Glucosamine for joint aches, musculoskeletal",no,False
49be0be5-d948-4dd4-9125-39648d7fa0a0,NOT_RELEVANT,none,high,"SOAP note for dietary consult, administrative",no,False
24d5548a-b24f-4f61-8d30-2a13125bc0fd,NOT_RELEVANT,none,high,"Stroke symptoms emergency, neurological somatic",no,False
e2029e81-8eae-43b9-af4f-d063d9973dae,NOT_RELEVANT,none,high,"Pediatric developmental milestone chart note, somatic",no,False
31a9d4c8-9b02-4b4f-bc56-fc22769b0de8,RELEVANT,mood_depression_bipolar,high,"Mild depression, feeling low; depression is central concern",yes,False
68a147db-e867-402a-b4ec-2167a0f20203,NOT_RELEVANT,none,high,Purely dental somatic concern about tooth sensitivity; no mental-health component.,no,False
5b0b6ff3-f4de-4178-94c7-5b464949173f,NOT_RELEVANT,none,high,"Tooth sensitivity toothpaste advice, dental",no,False
dfef0e13-ae37-4228-b396-0be1136b086b,NOT_RELEVANT,none,high,"Hypothyroidism workup, endocrine somatic",no,False
63969494-ea41-4185-b090-77750704044f,NOT_RELEVANT,none,high,"HBOT for long-covid fatigue, somatic",no,False
8b54718a-056d-45e0-a28c-54c1fc936a40,NOT_RELEVANT,none,high,"Pig heart xenograft rejection risk, cardiac somatic",no,False
39da29ab-17c8-4bbe-8754-e0dada670201,NOT_RELEVANT,none,high,"Postpartum hemorrhage emergency, obstetric somatic",no,False
18c83250-5bee-465a-b77f-b4e3afcf3d96,NOT_RELEVANT,none,high,Gestational diabetes insulin dosing; purely somatic,no,False
e9daa6b3-5244-4362-8dd1-fd08ebf4d096,BORDERLINE,stress_adjustment,medium,Child stomach pain with possible school anxiety overlay,yes,False
477f7950-360b-4462-815a-20fa14e9667a,NOT_RELEVANT,none,high,Peanut/allergy introduction; no mental-health content,no,False
98cdcfae-4e4f-4213-a18c-fff8d8a8513b,NOT_RELEVANT,none,high,Dermatology acne note summary; somatic,no,False
00085964-69f8-41a2-986b-2b91cbb49010,NOT_RELEVANT,none,high,Vertebral fracture imaging choice; orthopedic,no,False
7ed3cc6f-ce77-42b8-b3f1-63cbfcf32e16,NOT_RELEVANT,none,high,Bowel habit changes; gastrointestinal,yes,False
4feff25f-7f44-4dc5-b182-437a6c27a338,NOT_RELEVANT,none,high,Swollen ankle; musculoskeletal,no,False
e4d7cab0-8e82-4776-8d2f-10f853c8af86,NOT_RELEVANT,none,medium,Bone density screening guidelines; eating disorder only risk context,no,False
63e97d37-b0da-41f3-84ea-175e6692e556,NOT_RELEVANT,none,high,Cold versus flu symptoms; somatic,no,False
26aad0fd-4df3-4a5d-ab72-ca6c390daef5,NOT_RELEVANT,none,high,Postpartum hair shedding; dermatologic,no,False
bc4a6109-e258-477c-8949-c9a86804a87d,NOT_RELEVANT,none,low,Omega-3 supplement choice; distress phrasing incidental,no,False
bfdbc21e-33fd-4568-a6e5-8285c53a31e8,NOT_RELEVANT,none,high,New migraine drug info and interactions; somatic,no,False
bb5244d7-83df-4d8a-ac44-5e510823a658,NOT_RELEVANT,none,high,Cough and lightheadedness; somatic,no,False
ef67c36c-a539-421f-a01f-526c3c99b0c3,NOT_RELEVANT,none,high,Q fever exposure testing; infectious disease,no,False
9af42e2a-8aad-4382-b278-b0b2c7218198,NOT_RELEVANT,none,high,Hemorrhagic fever quarantine handling; infectious disease,no,False
38d3a8f4-2432-40f1-8465-cf7faab1e2ca,NOT_RELEVANT,none,high,Herbal ulcer remedy safety; gastrointestinal,no,False
e6e6d27b-2368-40c3-8167-3b2edb3d197a,RELEVANT,perinatal_mh,high,"Postpartum crying, worthlessness, insomnia; therapy and medication",yes,False
4be5ed60-9caa-4167-990f-47a1bf17fbd3,NOT_RELEVANT,none,medium,Self-medicating lump with leftover chemo; primary need somatic,yes,False
b083162f-b7e7-4143-92fc-3c4f3bb92624,NOT_RELEVANT,none,high,B12 and iron supplementation; nutritional,no,False
b56b6ea5-79b6-46c5-a4b5-ce4c74ca688b,NOT_RELEVANT,none,medium,Music therapy for stroke aphasia; neuro rehabilitation,no,False
0cbb404c-7d17-46e1-8df8-09be59ce6513,NOT_RELEVANT,none,high,Acyclovir dosing in renal failure; pharmacology,no,False
915ba391-39b2-4f27-a56c-c9a758f87c8c,NOT_RELEVANT,none,high,Travel vaccine protection duration; immunization,no,False
180b2443-932e-4157-85fc-3568f755bb9b,NOT_RELEVANT,none,high,RSV severity in children; infectious disease,no,False
36eea5b7-a769-4742-ad90-fb0560dbfdd3,NOT_RELEVANT,none,high,Headache complaint; somatic,no,False
ebd9f9f3-1e9d-4a2a-934b-ca08bd294635,NOT_RELEVANT,none,high,Lupus confirmation; autoimmune,no,False
857656fe-5400-4ce5-8e22-d1addd209019,NOT_RELEVANT,none,high,Frequent nosebleeds quick fix; somatic,no,False
f8aca3ec-c2e1-4e7a-a3a8-f3a5c5d70b75,NOT_RELEVANT,none,high,Abnormal ECG interpretation; cardiac,no,False
992f7855-c83e-4f73-90c2-4ddf579e570b,NOT_RELEVANT,none,high,Probiotics for NICU infants; neonatal evidence,no,False
50d53779-4861-45bb-891f-6af2ed38f462,NOT_RELEVANT,none,high,Postpartum physical rest duration; somatic recovery,no,False
246fbd49-1fc4-4f2f-83d1-5842447da674,NOT_RELEVANT,none,high,Daily sunscreen SPF; dermatology wellness,no,False
b6d14f9f-b5a0-4771-b4b0-088664282ce4,NOT_RELEVANT,none,high,Thunderclap headache neurological causes; somatic emergency,no,False
0c7705ae-d37d-45d2-9c13-6723be2723fa,NOT_RELEVANT,none,high,Retinitis pigmentosa cure; ophthalmology,no,False
1afa42de-459a-484f-ac64-313bdc676024,NOT_RELEVANT,none,high,Home IV antibiotics for infection; somatic,no,False
d8eb53fd-1cc1-45ba-9743-98513a677d41,NOT_RELEVANT,none,high,Pantoprazole rash side effect; somatic,no,False
7f284c23-7dbe-4b62-b8f4-fd804a1f7b70,NOT_RELEVANT,none,high,ABC stroke risk score computation; somatic,no,False
5c8b0c3a-9212-48f3-b21b-bbb30b3a3625,NOT_RELEVANT,none,high,Influenza A versus B differences; infectious disease,no,False
19886ffd-3f96-4548-9b2c-c6ba8ee735fb,NOT_RELEVANT,none,high,Tinnitus pressure-point trick; ENT,no,False
fcae3682-2930-4cbd-bf2f-6db9ddce1083,NOT_RELEVANT,none,high,Directed blood donation procedure; administrative,no,False
f2d394ca-2496-4827-9e6a-92364200011d,NOT_RELEVANT,none,high,Weight-loss diet plan; nutrition,no,False
3eaa0edd-568b-4fee-8144-ac39880b14ea,NOT_RELEVANT,none,high,Child skin bumps removal; dermatology,no,False
e1352b55-6bc2-439a-bed0-e967d4eb5ac7,RELEVANT,psychiatric_medication,high,Splitting brother's extended-release ADHD stimulant capsules; psychiatric med,yes,False
e510f5ce-d8d9-486c-a63f-4733a7271d7b,NOT_RELEVANT,none,high,Dialysis modality choice; nephrology,no,False
103507cc-3e4d-4719-957d-2d7fd1273c23,NOT_RELEVANT,none,high,Exertional breathlessness heart/lung worry; somatic,no,False
c672dad4-1c70-41e6-998a-662428060418,NOT_RELEVANT,none,medium,Home palliative care logistics; not grief processing,no,False
2b7f5235-8176-439f-a8fd-314d8d5f550b,BORDERLINE,sleep,medium,Insomnia sleep-aid selection without explicit psychological framing,yes,False
2a87d209-0ae8-4af9-a860-b2482828d974,NOT_RELEVANT,none,high,Inpatient progress note generation; administrative,no,False
cfa1f25b-2d6a-48be-b41e-e848ac5e8b11,NOT_RELEVANT,none,high,Type 2 diabetes meal plan; nutrition,no,False
b9f3a751-16fb-4161-9568-82f03f13ddda,NOT_RELEVANT,none,high,Hypertension risk factors and prevention; cardiovascular,no,False
af1ed0f4-6530-4887-bc1a-368743d8f2d5,NOT_RELEVANT,none,high,Sickle cell acute chest crisis; somatic emergency,no,False
9ceb78fd-4575-43a1-84b7-90a3f912bee9,NOT_RELEVANT,none,high,Toddler vomiting then unable to walk; somatic emergency,no,False
c86571b0-ac4b-46e1-a4ae-fe277b24f9be,NOT_RELEVANT,none,high,"Hip pain from tennis, purely musculoskeletal",no,False
096e9eae-ff12-48db-ac65-e62ce040c25e,NOT_RELEVANT,none,high,"Colonoscopy screening necessity, somatic",yes,False
f157097c-e61e-44a8-ac71-1dd13878c46f,NOT_RELEVANT,none,high,"Hyperkalemia EKG emergency protocol, somatic",no,False
f656a13d-bbbb-49ce-8d05-90ef677449e4,NOT_RELEVANT,none,high,"Frequent headache causes, somatic",no,False
ac4e9244-a968-4ac8-b282-78038cd8eeb4,NOT_RELEVANT,none,high,"Oil pulling for gum recession, dental",no,False
1d1ca0cb-859f-457c-8f20-897a3b2151b2,NOT_RELEVANT,none,high,"Renal failure and dialysis instructions, somatic",no,False
e480fae6-bace-4277-8a46-c46595670909,NOT_RELEVANT,none,high,"Typhus fever and rash, infectious",no,False
5675c801-2005-4e8e-a9d3-bf81885fb468,NOT_RELEVANT,none,high,"Newborn breathing pattern, somatic",no,False
31e2cde0-7e92-4076-824f-f7aa52c5f9e0,BORDERLINE,other_mh,low,"Chronic fatigue, possible psychological overlay",yes,False
8a012ac7-1cb4-42d8-8251-4b304acde065,NOT_RELEVANT,none,high,"Kidney disease diet plan, somatic",no,False
592aab7b-4125-427e-b8fe-8654dd561eda,NOT_RELEVANT,none,high,"Worsening headache with blurry vision, somatic",no,False
70ff993d-6f07-43bf-a91f-e8c636bb9b16,RELEVANT,perinatal_mh,high,"Postpartum depression, medication and therapy decision",yes,False
bd7ff895-9349-426e-80da-6e36f61ba32e,NOT_RELEVANT,none,high,"Renovascular hypertension stenting, somatic",no,False
5e2d2a3f-be63-46d1-8f9d-314f8421f83c,NOT_RELEVANT,none,high,"Allergic rhinitis note summary, somatic",no,False
59600660-5978-45bf-82fa-f576c8362722,NOT_RELEVANT,none,high,"AF stroke/bleeding risk scoring, cardiac",no,False
912ef22b-ba93-4e85-90a7-34dd3102bdfb,NOT_RELEVANT,none,high,"Lupus nephritis guideline critique, somatic",no,False
dbfd0ef3-9891-4b25-bff7-6b5379a9d65b,NOT_RELEVANT,none,high,"Travel diarrhea giardiasis, somatic",no,False
d2c55bfd-049d-4d76-a243-47d6002fb054,NOT_RELEVANT,none,high,"Shoulder muscular tension at desk, somatic",no,False
ce99bf07-a6e3-4f98-8486-0d1d663a50ce,NOT_RELEVANT,none,high,"Celiac diagnosis, somatic",yes,False
557a4ff8-a9af-41d3-80df-a56b3ca2210e,NOT_RELEVANT,none,high,"Cold home remedies, somatic",no,False
8e332812-782d-4da8-9eee-50aec6a5c9d1,NOT_RELEVANT,none,high,"Mammogram screening guidelines, somatic",no,False
990e70f3-ce8c-4816-9fb9-915bc0c78bf8,NOT_RELEVANT,none,high,"Toddler arm rash, dermatologic",no,False
76f3300c-c482-4125-acd0-90c7bd170eee,NOT_RELEVANT,none,high,"Fifth disease rash contagion, somatic",no,False
c6459410-a733-40ec-9703-d96e64760857,NOT_RELEVANT,none,high,"Contact dermatitis from watch, somatic",no,False
2c915b71-0c36-4f70-a5c0-31c99e45d549,RELEVANT,mood_depression_bipolar,high,Starting antidepressants because feeling down,yes,False
cfee533c-c16e-4c7d-8230-b5317afe0572,NOT_RELEVANT,none,high,"Postpartum hemorrhage protocol, obstetric",no,False
6996a050-d3dc-42ff-b5e3-0afb1b483e97,NOT_RELEVANT,none,high,"RA biologics switching, rheumatology",no,False
9e4b0c61-dd0e-4de4-9a3d-517c154ba9f0,NOT_RELEVANT,none,high,"Fever and joint pain tick disease, infectious",yes,False
91c31dd5-3d49-4f3f-91d1-d5239640b3d8,NOT_RELEVANT,none,high,"Persistent diarrhea cholera, somatic",no,False
65ddb50e-0559-44f2-ac01-8f04284b8410,BORDERLINE,stress_adjustment,low,Chest pain with stress and anxiety overlay,yes,False
8cfed701-cba6-49a3-bb2a-2f39c7ac1da2,NOT_RELEVANT,none,high,"Staffing schedule, BP, needlestick, somatic/admin",no,False
a53e3200-b7dd-48c4-b498-0cb68f92d36e,NOT_RELEVANT,none,high,"Antibiotic storage question, somatic",no,False
ee04b41e-c15d-41e1-b091-a5b5f6674813,NOT_RELEVANT,none,high,"Burning chest after eating, reflux",no,False
f92bf0de-6e79-49f4-866d-9fd80953ec85,NOT_RELEVANT,none,high,"Sickle cell acute chest syndrome, somatic",no,False
1c5e921e-4fbe-4b61-87e6-8ec3e7e8683b,NOT_RELEVANT,none,high,"Prenatal visit count, obstetric admin",no,False
efdb78a0-9030-436d-b275-5414b275a85f,NOT_RELEVANT,none,high,"HIV antiretroviral medications, somatic",no,False
d0d0a4bc-38df-4a47-8525-3d845ae046c2,NOT_RELEVANT,none,high,"Rectal bleeding and IBS, GI",no,False
7fbfcf6c-6e70-4574-949d-e745ce0cc646,NOT_RELEVANT,none,high,"Insulin substitution, diabetes",no,False
4b868aa3-3a7d-4cb2-a2b3-e3b034b5508d,NOT_RELEVANT,none,medium,Joint pains; stress mentioned only incidentally,no,False
3c28bc75-2b9c-4e91-acfe-5b9bbcf90c53,NOT_RELEVANT,none,high,"Blood pressure ranges, cardiac",no,False
0d0e9e7a-cb26-4c7b-af8b-78427f36ba3b,NOT_RELEVANT,none,high,"Cough characteristics, possible bronchitis",no,False
1e8d4549-864f-47f9-8e5f-504eeed9567b,NOT_RELEVANT,none,high,"MS treatment email rewrite, neurology",no,False
58200dcf-b08d-444e-b440-962cb6f3281b,NOT_RELEVANT,none,high,"Palpitations, cardiac",no,False
1a37466e-0c74-4c40-9773-16df0c89e0d0,NOT_RELEVANT,none,high,"Runny nose, sinus, allergy/infection",no,False
e7d76e4d-252f-45fb-95a0-8511bc13091e,NOT_RELEVANT,none,high,"Scar fading with cocoa butter, dermatologic",no,False
4e60a0fb-4260-4079-8242-242a0cba7688,NOT_RELEVANT,none,high,"Computer headaches, posture and lighting",no,False
c817c521-8055-4320-8305-cdc4c19edecc,NOT_RELEVANT,none,high,"Fever, rash, arthritis (Still's), somatic",no,False
ed6e9794-9c3a-469b-9750-379a32ea1304,NOT_RELEVANT,none,high,Antibiotic side effects; insomnia incidental,no,False
1c5c847f-acae-42e8-a5b1-49b78ca766ba,NOT_RELEVANT,none,high,"Child pollen allergy Claritin, somatic",no,False
b6a3d7a7-78f1-4d51-b513-81788f36dbfe,NOT_RELEVANT,none,high,"Persistent hiccups, somatic",no,False
6d3134d5-aacc-47a5-ac6a-3d4bb0f07420,NOT_RELEVANT,none,high,Recurrent UTI in pregnancy; distress incidental to somatic infection,no,False
4fe1119f-a00e-41ad-b6cf-4921c4c8337d,NOT_RELEVANT,none,high,Semiconductors then cardiac chest flutter; no mental-health concern,no,False
71fb1fe9-cd17-40b9-b26d-a4aeacbc2418,RELEVANT,trauma_ptsd,high,Best therapy and medication for veteran with PTSD,yes,False
cd4ac683-1c12-4208-808c-c3cd2fa4e13a,NOT_RELEVANT,none,high,Common cold virus incubation period question,no,False
b53b7d0a-4a69-4894-94c4-260f1d6a36be,NOT_RELEVANT,none,high,Portion size guidelines for weight management; nutrition,yes,False
18474fe3-4fee-4a2f-9a8b-0786c26bb001,NOT_RELEVANT,none,high,Toddler choking emergency; somatic,no,False
fdacbc28-10eb-4c40-96cf-cb830f78adfe,NOT_RELEVANT,none,high,"Acute abdominal pain, possible ulcer; somatic",no,False
6207f2ef-7568-43e7-b71b-5a85fb12bd0c,NOT_RELEVANT,none,high,Postpartum checkup schedule for twins; administrative,no,False
8bda7270-5d28-46a4-92af-571439025f00,NOT_RELEVANT,none,high,Uveitis and glaucoma treatment; ophthalmologic,no,False
9b774832-b1df-4815-b9fb-2e2a324d7bf9,BORDERLINE,anxiety,medium,"Palpitations, trembling, fear of death; possible panic/health anxiety",yes,False
84958b47-d15b-4073-adc6-d6af5affab5d,NOT_RELEVANT,none,high,"Cough, chest tightness, wheezing; respiratory",no,False
877efd3d-801c-47fe-b31b-0516fafccfcb,NOT_RELEVANT,none,high,Child ear infection antibiotic drops; somatic,no,False
c7b3eeb8-6374-4cdf-8868-be583cce21a9,NOT_RELEVANT,none,high,Drug eruption rash note; dermatologic,no,False
8e2f2673-df10-46da-908a-d67e37d7587b,NOT_RELEVANT,none,high,Scalp staples; wound care,no,False
71f20408-84c8-4cde-ab04-e14e24b7418d,NOT_RELEVANT,none,high,New-generation flu vaccines; informational,no,False
2a424e8e-70c9-4320-9962-443ff376f0c7,NOT_RELEVANT,none,high,Blood and pain pill interaction; non-psychiatric meds,no,False
81b50f45-d7c0-45ff-ba69-ed937bd0cc77,NOT_RELEVANT,none,high,"Heart flutter, cardiologist referral; cardiac",no,False
506046a9-265a-4add-9011-0e2ba858b81e,NOT_RELEVANT,none,high,Cleaning small glass cut; wound care,no,False
0dd2e099-8c96-4917-b320-b2b7e2fa41c6,NOT_RELEVANT,none,high,"Anaphylaxis, epipen use; emergency somatic",no,False
dec2b31a-ffa3-4b24-9a80-06b71330e6b5,NOT_RELEVANT,none,high,Infant crying two hours; pediatric somatic,no,False
50d8dd1f-827b-43e3-8408-a8e4ee4a4f26,NOT_RELEVANT,none,medium,"Blurry vision, tinnitus, dizziness with migraines; neuro-somatic",no,False
e313f42f-8a61-4c95-8bfa-038ede28f34d,NOT_RELEVANT,none,high,Nipah virus testing after date sap; infectious,no,False
cdf4beb0-ec01-4e70-a28c-6d44f8704e89,NOT_RELEVANT,none,high,Ozempic for prediabetes and weight loss; metabolic,no,False
49c0e0ac-b9ab-4e1c-a595-673e95bb8fd9,NOT_RELEVANT,none,high,Ketamine for cluster headaches; non-psychiatric indication,no,False
c2fb9729-d1a2-46ea-875c-4b826fccae4e,NOT_RELEVANT,none,high,Crashing blood pressure emergency; somatic crisis,no,False
330cdbc3-a8d1-45ca-aa69-7b640d54b5aa,NOT_RELEVANT,none,high,"MS therapy switch, PML risk; neurology",no,False
7783e51b-0dcb-4534-ae82-d588499aae58,NOT_RELEVANT,none,high,Early-onset scoliosis management; orthopedic,no,False
7768ed07-0412-4b01-bff7-fac44907274c,BORDERLINE,cognitive_neuro,medium,"Worsening memory lapses, possible early Alzheimer's workup",yes,False
53a885e8-1f55-45f0-8820-8b0b8c9834db,BORDERLINE,psychiatric_medication,low,Depakote (valproate) mood stabilizer; indication unstated,yes,False
83ff203b-d8e1-4eeb-b35c-14a5f2e6f122,NOT_RELEVANT,none,high,Define tachycardia; cardiac terminology,no,False
7471a1cc-ce27-4bd0-82a6-55fe5fe65140,NOT_RELEVANT,none,high,Lunar phase detox diet; wellness pseudoscience,no,False
ac268783-8453-4be9-a20f-6201498cefcf,NOT_RELEVANT,none,high,Swollen ankle treatment and healing; orthopedic,no,False
c518a22d-8dfb-4bb7-a035-cadb53fd7e83,NOT_RELEVANT,none,high,Stomach pain after sushi; gastrointestinal,no,False
ba14ea23-2859-469f-a166-f6e93fac3cfa,NOT_RELEVANT,none,high,"Fever, chills, body aches; reduce fever",no,False
b26d144b-d7e1-4d34-b160-3ed2567ecc09,NOT_RELEVANT,none,high,Postpartum visit timing; administrative scheduling,no,False
69293466-ed92-41e0-a4ce-5bef6d508ac0,NOT_RELEVANT,none,high,Hair coloring safety in pregnancy; somatic,no,False
f0c3d4ba-826a-4a29-85ff-2acf2044d18a,NOT_RELEVANT,none,medium,"Fainting and starting unspecified medication; somatic, no psychiatric content",no,False
d634039d-b861-4248-b429-9187016dd727,NOT_RELEVANT,none,high,"Lactose intolerance, probiotics, prenatal exams; somatic",no,False
29accfcf-fb8e-4410-9c75-39c9fd47e82f,NOT_RELEVANT,none,high,Suspected measles outbreak isolation; infectious,no,False
ebe807de-124f-4863-8412-86c8ae43909f,NOT_RELEVANT,none,high,Summarize note on adult acne; dermatologic,no,False
49c8c1c7-1ce4-49cb-98be-140844f242cd,NOT_RELEVANT,none,high,Gradual hearing loss; audiologic,no,False
ff748da4-a1db-4da9-aad3-bfac06ffab18,NOT_RELEVANT,none,high,Hepatic resection surgical technique; surgical,no,False
317b7784-d626-450e-8ad2-1fb8ecb897c5,NOT_RELEVANT,none,high,"Child hives after vaccine, epinephrine; allergic emergency",yes,False
51269f29-d04e-46c0-b35e-9f77226969d2,NOT_RELEVANT,none,high,Rare rash second opinion; dermatologic,no,False
3887a718-df23-47cb-94a1-9ad3edcfe941,BORDERLINE,substance_use,medium,"Smoking cessation consult note; tobacco behavioral health, admin framing",yes,False
9b4a6c3e-8b09-42d8-b6de-5761a3f624ae,NOT_RELEVANT,none,high,Cholesterol-lowering statins and diet; metabolic,no,False
872ef09a-bcd0-4e92-9f81-2ad066a8a06b,NOT_RELEVANT,none,high,"Yeast infection prevention, hygiene tips; somatic",no,False
6ca7cd94-404d-4aef-8921-eb80331ea56c,NOT_RELEVANT,none,high,Universal precautions infection control; informational,no,False
60b557dc-ede5-4f6c-9a10-408acb51218e,NOT_RELEVANT,none,high,Morning headaches and COVID booster timing; somatic,no,False
8395ef67-8286-4385-9636-9d8e6cd33d5a,RELEVANT,perinatal_mh,high,Medication for postpartum depression; prescription vs watchful waiting,yes,False
491b1422-776a-4b0d-8e01-56154b1d9126,RELEVANT,perinatal_mh,high,postpartum mania/psychosis differential and medications,yes,False
0bd491f7-2e19-406d-9579-92b77a9443e4,NOT_RELEVANT,none,high,"type 2 diabetes, purely somatic",no,False
f98a412a-2d34-4f9a-a84b-7943f1ae6b65,NOT_RELEVANT,none,high,"overnight progress note, labs/vitals",no,False
c2e3b62a-8d00-4ca7-bf48-734fe48c03ca,RELEVANT,psychiatric_medication,high,"Adderall dose adjustment, stimulant side effects",yes,False
c1beed31-9f22-4311-bdc8-01c47cb18b69,NOT_RELEVANT,none,high,dengue hemorrhagic fever management,no,False
2da6e600-a930-4ee4-86de-50de59610ca3,NOT_RELEVANT,none,high,sports physical note documentation,no,False
1ae6279d-f807-4223-ad57-a03e69ca909d,NOT_RELEVANT,none,high,antibiotic and cholera vaccine info,yes,False
3ea18618-e020-484a-a985-65add97d4f99,NOT_RELEVANT,none,high,"ear pain/dizziness, possible otitis",no,False
c02d8595-ba47-44e6-98a9-db56c63f0b25,RELEVANT,psychiatric_medication,high,ADHD medication holidays for children,yes,False
aca9b44d-c14c-4d84-b020-f1102ddecacd,NOT_RELEVANT,none,high,NSAID cardiac stent risk,yes,False
dece837c-1cc7-4022-b8df-62f401ba63fe,NOT_RELEVANT,none,high,ankle sprain versus fracture,no,False
0e92c1f0-a341-4a0a-83b4-9dee96e94be0,NOT_RELEVANT,none,high,common cold congestion remedies,no,False
790231a4-0879-4a82-84db-ee941c60a6f8,NOT_RELEVANT,none,high,"home ventilator setup, muscle disease",no,False
5aefb4b6-9663-4837-b53b-5a2fa78182c2,NOT_RELEVANT,none,high,"postpartum bleeding, somatic concern",no,False
19eb5bd1-73c2-4288-850a-eb8cd50bcf16,RELEVANT,trauma_ptsd,high,"PTSD note, risk assessment, follow-up",yes,False
a9c01797-f430-4833-b055-89305b09be23,NOT_RELEVANT,none,high,"nocturnal leg cramps, somatic",no,False
884ff1cc-9ea7-4d13-919d-de3cb7f52567,BORDERLINE,substance_use,medium,opioid overdose; emergency rescue vs addiction concern,yes,False
23f803c7-e7ef-4e01-a221-1b644c712910,NOT_RELEVANT,none,high,"infant blistering skin, epidermolysis bullosa",no,False
cc1d44d0-769e-4d84-aa33-e17d9fd4fb9f,NOT_RELEVANT,none,medium,"postpartum somatic complications, headache; mood incidental",no,False
042cb6ee-c113-4af5-be6d-f35aa172d4a7,NOT_RELEVANT,none,high,"rifampin drug interactions, contraceptives/warfarin",no,False
ca93d7cb-9dca-4690-90ae-886ac19703d0,NOT_RELEVANT,none,medium,"cold numb extremities, breathlessness; somatic",no,False
c9700c8a-3a62-4d73-bbd4-a3b137b61ab0,NOT_RELEVANT,none,high,OTC persistent cough,no,False
2e206a8d-800f-4274-a13e-1c9b1e8641ea,NOT_RELEVANT,none,high,superficial cut wound care,no,False
f825aa8e-ee7f-4bf1-97bb-cac7d93fa237,NOT_RELEVANT,none,high,"stomach ache, possible ulcer",no,False
86bee699-aea6-40bc-b407-15eeb998c754,NOT_RELEVANT,none,high,AV fistula infection management,no,False
eaa9eb7e-6a15-466f-a44b-c94edd1f6675,RELEVANT,anxiety,medium,"flight anxiety, OTC sedative seeking",yes,False
ad43c405-eff2-4b2a-b904-0a8bfcda523b,RELEVANT,mood_depression_bipolar,high,"crying daily, seeking help, possible depression",yes,False
75c3ab39-b29c-4891-bb7b-d823a074a8af,NOT_RELEVANT,none,high,prenatal cell-free DNA screening,no,False
2023b9f1-8f0f-42c1-93d9-83eea9246a6e,NOT_RELEVANT,none,high,"pale skin patch, possible vitiligo",no,False
f43a9aa1-8fc6-4226-b5db-da7975f0b3b4,NOT_RELEVANT,none,high,asthma chest tightness management,no,False
4bef196d-54dc-4a9d-8fc3-fc6a595c5ddc,NOT_RELEVANT,none,high,hypertension readings review,no,False
c45130e5-d0a9-4eb0-90ac-d4d8b56ac94f,RELEVANT,perinatal_mh,high,"postpartum depression, antidepressant selection",yes,False
f2ec2642-cca1-4a18-a25b-2b0b2b619054,NOT_RELEVANT,none,high,"glucose device endorsement, no psych content",no,False
2bea56cb-8bf9-411a-aafb-816b71062469,NOT_RELEVANT,none,high,dog bite rabies prophylaxis,no,False
b04b4015-be6f-43dc-bb7d-a2a8973f273c,RELEVANT,perinatal_mh,high,"postpartum depression, feeling unhappy/inadequate",yes,False
c838f875-f885-4ebe-bb13-0fa02d82eb40,NOT_RELEVANT,none,high,"rib bruise, possible fracture",no,False
0c3db4a5-abf1-4c3e-a481-50c7ff74fbeb,RELEVANT,perinatal_mh,high,postpartum depression screening schedule,yes,False
34db2b4c-f9f4-4f62-bf6c-d91011588cff,NOT_RELEVANT,none,high,preconception genetic screening,no,False
25469a87-6551-4bef-a529-11bca3c87605,BORDERLINE,anxiety,medium,"exam-related chest pressure, anxiety overlay not clearly central",yes,False
b5739273-e5c0-4913-8dfe-e165a681c066,NOT_RELEVANT,none,high,hospice heart failure coding,no,False
30b28caa-a9ab-4fdb-9b46-896c582a5015,NOT_RELEVANT,none,high,"chocolate and acne, dermatology",no,False
fbb80fd9-2f87-486a-b105-55620abe2862,RELEVANT,psychiatric_medication,high,"starting antidepressants, side effect worry",yes,False
205307f8-4d1b-4fb5-ac1d-eb2ed7823207,NOT_RELEVANT,none,high,"pneumonia, antibiotic shortage",no,False
b65596f9-fc35-4be0-a380-ca6c8a158a85,NOT_RELEVANT,none,high,lower back pain posture; stress incidental,no,False
a014990b-f87b-4c04-b0a8-87c5bf20bd73,NOT_RELEVANT,none,high,colloidal silver wound healing claim,no,False
d45f7c38-3cbe-4b89-a8c4-2f7dd0f2bea4,NOT_RELEVANT,none,high,"whiplash neck stiffness, somatic",no,False
33b3ecdc-0071-4583-9897-eddde65e7359,NOT_RELEVANT,none,medium,weight loss worry; stress mentioned incidentally,no,False
fba3f3af-f586-44e3-ab4e-ff6b8b7070d2,NOT_RELEVANT,none,high,pleural effusion on x-ray,no,False
826903be-aa59-4846-bf18-1131f00d6660,NOT_RELEVANT,none,high,recurrent UTI antibiotic prophylaxis,no,False
c8d35d8c-0705-4947-b838-9158bd759ed9,NOT_RELEVANT,none,high,"Minor head injury triage/imaging decision; purely somatic, no mental-health component.",no,False
996299c7-637e-4a96-8b02-7943a9052b10,NOT_RELEVANT,none,medium,"Informational data task about mental-health apps, no personal psychiatric need",yes,False
bc2b7ac8-3a0e-4487-a899-f2643a1980df,BORDERLINE,suicidality_self_harm,medium,Patient swallowed large quantity of sleeping pills; possible overdose/self-harm,yes,False
9c1bd258-3d91-4ec0-b80e-a584598695f7,NOT_RELEVANT,none,low,Concern is anticoagulant interaction; mood-supplement mention incidental,no,False
8b0ba8e0-e7a4-47dd-b879-7beb5421cbae,NOT_RELEVANT,none,high,"Neck lump, purely somatic",no,False
630965a4-088b-47ae-b89b-ae423d74225f,NOT_RELEVANT,none,high,"Neck lumps, cancer worry, somatic",no,False
d519275e-ab92-41c5-89fa-43cb115e19d1,NOT_RELEVANT,none,high,"Headache workup and progress note, somatic",no,False
f72e1535-7ad4-4e73-b0c6-781b2c8b45a3,NOT_RELEVANT,none,high,"Wrist pain from typing, ergonomic/somatic",no,False
4084b3f4-ef82-4ea3-8aaa-0e9bc05bae5f,NOT_RELEVANT,none,high,"Tick bite, fever, Lyme; somatic",no,False
56d0b972-3e6f-455e-9320-271e64565535,NOT_RELEVANT,none,high,"Adalimumab coverage for psoriasis, somatic/admin",no,False
5ef0055c-f276-41bb-b42c-0d5c34b254c1,NOT_RELEVANT,none,high,"Postpartum hemorrhage clinical training, obstetric",no,False
142aba5e-bfa3-45d5-b2bb-532451d68cbd,NOT_RELEVANT,none,high,"Diabetes metformin, somatic",no,False
9874a850-0ae8-4b25-bb76-8a778cd6e617,NOT_RELEVANT,none,high,"Hypothyroidism and levothyroxine, somatic endocrine",no,False
66c1001a-648a-4b5e-b811-a3d5ee8e75fa,RELEVANT,psychiatric_medication,high,"Antidepressant side effects, depression, stopping; clearly psychiatric",yes,False
0665f1d9-c27a-4a35-8331-b1dab73d9e79,NOT_RELEVANT,none,high,"Pediatric vaccine catch-up intervals, no MH",no,False
fa8609ca-9c1e-44cd-ab8d-648c24583b7d,NOT_RELEVANT,none,high,"Mold exposure, migraines/breathing; environmental somatic",no,False
5d7fa854-d430-4ccf-99ef-907db2a23244,NOT_RELEVANT,none,medium,"Opioid overdose antidote; acute toxicology, not behavioral health",no,False
6d81685c-a5e1-424e-b7cd-dda9bfe4a1b4,NOT_RELEVANT,none,high,"Ear infection remedy, somatic",no,False
3da1daef-cf3e-4b8a-828d-e124d4d4ae88,NOT_RELEVANT,none,high,"Burned finger first aid, somatic",no,False
9114a635-aae2-464a-bf3f-6d628cf2b98f,NOT_RELEVANT,none,high,"Pregnancy hypertension/preeclampsia, obstetric",no,False
643a0802-66ee-4f00-a40e-be3418e67c03,NOT_RELEVANT,none,high,"Plantar fasciitis insoles, somatic",no,False
502d6eb6-2e46-4dee-8004-92ae2b190194,NOT_RELEVANT,none,high,"Car crash trauma, bleeding; physical emergency",no,False
89ac0f38-25c6-4450-aa30-1ea471eb74f7,NOT_RELEVANT,none,high,"Septic shock drug therapy, somatic",no,False
4075e77e-4c8d-4f71-adff-f95c4baff8c4,NOT_RELEVANT,none,high,"Tropical parasite, diarrhea; somatic infectious",no,False
afbbffcb-de35-494f-be28-7372e65a3328,BORDERLINE,sleep,medium,"Sleep/restlessness in elderly, sedation request; no psychological framing",yes,False
5e972bec-6249-4852-912f-8c5ad6551a01,NOT_RELEVANT,none,high,"Toothache, somatic dental",no,False
8babb4ea-6387-418a-8715-5802eaf1c64f,NOT_RELEVANT,none,high,"Seasonal allergies, somatic",no,False
d13a0c85-ef0a-49c0-8495-fa25ca5643ef,NOT_RELEVANT,none,high,"Expired epipen, bee sting; somatic emergency",no,False
2c19a9eb-d730-4b2e-84e5-8c6cc4552f83,NOT_RELEVANT,none,high,"Infant feeding and immunization, no MH",no,False
db12fd52-01b7-4e0a-80ae-8fddd268f97d,NOT_RELEVANT,none,high,"Cholesterol injection coverage/safety, somatic",no,False
323ae04e-63f7-4a23-9c30-cf55b4bf930c,NOT_RELEVANT,none,high,"Adult vaccine schedule, no MH",no,False
251dff9f-f781-4278-b3f1-010200c7daf4,RELEVANT,psychiatric_medication,high,Treatment-resistant depression pharmacotherapy and MOAs,yes,False
0fe011b9-73b8-4b3d-8ca2-278d540661b3,NOT_RELEVANT,none,high,"Athlete's foot antifungal cream, somatic",yes,False
36a39e9a-e788-42b2-bea0-2cecaa7007b2,RELEVANT,psychiatric_medication,high,"Switching/tapering antidepressants, side effects, mood swings",yes,False
f5a57057-2607-40ce-bfe0-fd988052f822,NOT_RELEVANT,none,high,"Skin lesion SOAP note, melanoma worry; somatic",no,False
19ae01b8-e732-43da-966c-f8ffb3da9d86,NOT_RELEVANT,none,high,"Heart failure diuretic management, somatic",no,False
12e53d0a-9daf-4f73-bb33-487f84d51a80,NOT_RELEVANT,none,high,"Self-suspected lupus, immunosuppressants; somatic autoimmune",no,False
2130cd26-6181-489e-acab-23c549e772ee,NOT_RELEVANT,none,high,"Child vaccine schedule, no MH",no,False
22052127-eb82-4c36-9ce9-3931e5bc0c2c,NOT_RELEVANT,none,medium,"Generic note: no medical issues, feeling normal; no MH content",no,False
a6fba6d3-ba9b-4eb1-a93e-7941b55e6a77,NOT_RELEVANT,none,high,"Pelvic pain differentials, gynecologic somatic",no,False
dbc33bb2-90e7-4664-aef6-413113b53010,NOT_RELEVANT,none,high,"Hearing loss/aging, somatic ENT",no,False
7da2589d-d9df-4681-84e6-dc3fe6045977,NOT_RELEVANT,none,high,"Child vaccine types, no MH",no,False
26298a9e-b28d-4988-9118-f4487a51966f,NOT_RELEVANT,none,high,Orlistat weight-loss med and meal skipping; somatic,no,False
a4526edf-aa5e-425a-a75e-6b95bb1eff8a,NOT_RELEVANT,none,high,"Occupational therapy coverage after stroke, rehab/admin",no,False
271edf55-574f-460e-a154-29772cef4e29,NOT_RELEVANT,none,medium,Post-concussion driving safety; physical recovery focus,no,False
66cab346-361e-440b-96b4-6b5dca76ba1d,NOT_RELEVANT,none,high,"Type 1 diabetes management, somatic",no,False
8bf63d11-9a7a-43de-b3fe-e59fa6ebd000,NOT_RELEVANT,none,high,"Severe headache SAH workup flowchart, somatic",no,False
01ee7b9f-3f5f-4aec-9f1b-85ff52990eb0,RELEVANT,mood_depression_bipolar,medium,Treating depression with St John's wort; depression central in later turns,yes,False
b0f2ee5c-2fbd-41c3-aab7-7dabe50bed27,NOT_RELEVANT,none,high,"MRI demyelinating plaques, neurological somatic",yes,False
652a831d-7086-4607-bacb-7bb0f9e9df41,NOT_RELEVANT,none,medium,"Opioid overdose antidote; acute toxicology, not behavioral health",yes,False
9ab8b266-3b4b-44bb-b570-e12d86fe3f66,NOT_RELEVANT,none,high,"Microplastics and thyroid nodules, somatic endocrine",no,False
c9ffaf7e-31f6-457f-adc7-1c7a7763c21c,NOT_RELEVANT,none,high,"Breast cancer screening age question, purely somatic",no,False
0c6904b3-9cf3-4a20-ac40-f4b9335ba8c2,NOT_RELEVANT,none,high,"Ophthalmology SOAP note, macular edema",yes,False
60f561ff-f35b-409b-af0d-11d20bd57be8,NOT_RELEVANT,none,high,"Physical therapy session note, no mental health",no,False
9014c1af-0d4d-4d20-a408-8f31975b1313,NOT_RELEVANT,none,high,"Breastfeeding diet safety, nutrition only",no,False
70238f06-5cc5-4ab5-b9c4-c021502df4c7,NOT_RELEVANT,none,high,"Foot numbness after hiking, somatic vascular",no,False
de247adf-7938-4f7e-ba3b-a2bdf53432c0,NOT_RELEVANT,none,high,Nausea/vomiting; stress mentioned incidentally,no,False
d0a83d56-8787-4239-a92e-4c4af4b198ab,NOT_RELEVANT,none,medium,"Dizziness from skipping meals, somatic; stress incidental",no,False
39c0e6e3-d3c6-4905-be72-35d62ec081ee,NOT_RELEVANT,none,high,"Elderly care facility impression, pressure-ulcer context",no,False
cf4bdbcf-72e3-447b-b919-9f7192cecc6b,NOT_RELEVANT,none,high,"Septic shock vitamin cocktail evidence, critical care",no,False
e6f42645-2959-4c7c-9cfd-232dcc4f87ef,NOT_RELEVANT,none,high,"Polio vaccine choice for child, no mental health",no,False
a89ac924-60a9-40fe-a3e0-7da6c164d33a,NOT_RELEVANT,none,high,"Peanut allergy rechallenge question, somatic",no,False
fddd15c2-9b50-4b2d-81d4-467056306503,NOT_RELEVANT,none,high,"Self-managed medication abortion, no mental-health component",no,False
1ea37d15-f8de-4b11-87fa-f422cb5684da,NOT_RELEVANT,none,high,"Anticoagulation dosing in ESRD, no psychiatry",no,False
72125034-4bd0-4418-a573-4baeaeadea6f,NOT_RELEVANT,none,high,"Collapse/intubation emergency, somatic resuscitation",no,False
dd7d8e46-491f-4f0b-b7c2-898b4d64da52,NOT_RELEVANT,none,high,"Mild snoring remedies, ENT/sleep apnea not psychiatric",no,False
0ce8ff10-262e-41d8-b290-19e76d337f1a,BORDERLINE,stress_adjustment,low,"Fatigue/tiredness; user asks if just stressed, somatic-leaning",yes,False
35a8519b-7c47-40d6-b876-e8c0b97a9d6e,NOT_RELEVANT,none,high,"Raw milk safety, nutrition only",no,False
5000fc72-3f67-434e-a6ba-a85f77ca3dcb,RELEVANT,mood_depression_bipolar,high,"Saffron tea to cure mild depression, central concern",yes,False
55fec48f-fcf9-42d0-bd9d-b3d31d8d4d22,NOT_RELEVANT,none,high,"Dengue fever prevention, infectious disease",no,False
b9201718-9ee4-4c47-ae9a-11fdc3b8ccda,NOT_RELEVANT,none,high,"Teen acne OTC product, dermatology",no,False
2473bc4d-f993-4afb-93ff-bd1123e01b1a,NOT_RELEVANT,none,high,"Palliative care note completeness, documentation",no,False
94a25ae8-6f8c-4f56-b6dd-39430ec30fb8,NOT_RELEVANT,none,high,"Chronic back pain treatments, somatic pain",no,False
413c0ac7-c365-4bce-99e1-a25ab4a9706e,NOT_RELEVANT,none,high,"Balanced plate proportions, nutrition only",no,False
8ba2b627-ce87-4345-8cca-e5e108282854,NOT_RELEVANT,none,high,"Acne medication side effects/stopping, dermatology",no,False
401591c2-3e4d-4a7a-a091-9cc2f550efc7,NOT_RELEVANT,none,high,"Diabetes/neuropathy ICD-10 billing, administrative",no,False
cb026d74-d842-4d74-bee8-19fe5ea80d06,NOT_RELEVANT,none,high,"RUQ pain, possible gallstones, GI",yes,False
b9b2de5c-bf94-4738-8947-1bf323b61142,NOT_RELEVANT,none,medium,Medication reconciliation; anxiety med mentioned only incidentally/unreadable,no,False
a32522d5-e04d-4206-8dc1-e5476351f251,NOT_RELEVANT,none,high,"Chest tightness after dinner, cardiac/somatic worry",no,False
58c4d573-89a3-421d-8dc6-047b2c4c8375,NOT_RELEVANT,none,high,"Flu symptoms fever body aches, infectious",no,False
357a22f6-ce58-4a30-9f1a-77712c2e4ef1,RELEVANT,perinatal_mh,high,"Postpartum panic attacks, anhedonia, seeking support centers",yes,False
1d9dcf37-0b53-4542-8c62-f885591e4a74,NOT_RELEVANT,none,high,"Vitamins/supplements clinic info sheet, no psychiatry",no,False
eb631447-670f-42ba-8e21-3540647ef008,NOT_RELEVANT,none,high,"Child fever hospital threshold, pediatric somatic",no,False
2993d025-8daa-405d-a739-00a40a12ec24,NOT_RELEVANT,none,high,"Finger cut bleeding, emergency wound, somatic",no,False
9309e516-22ca-4649-9c74-d780148f8535,RELEVANT,perinatal_mh,high,"Postpartum depression advice, central mental-health concern",yes,False
c72bac1e-648c-47b8-ae3d-5c3cc71b0a7c,NOT_RELEVANT,none,high,"Cough, possible TB, respiratory/infectious",no,False
6a6f540a-eb4c-4071-828c-e0b160ff8579,NOT_RELEVANT,none,high,"Optical illusions and myopia glasses, vision",no,False
45943bf5-d013-4a13-8acc-f177a813d612,NOT_RELEVANT,none,high,"Excel formula for blood sugar readings, diabetes",no,False
ac37265c-e224-4318-937c-10276a1fcb36,NOT_RELEVANT,none,high,"Seasonal allergy antihistamine choice, no mental health",no,False
f084e5f0-f9d1-44d0-bf69-dde897f7b317,NOT_RELEVANT,none,high,"Easy bruising, hematologic somatic concern",no,False
adf87628-41eb-4285-893c-cd6493102a9d,NOT_RELEVANT,none,high,"Pediatric sedation protocol for CT, no psychiatry",no,False
e5e17163-a556-4045-ae38-cdaa00a8a3ee,NOT_RELEVANT,none,high,"Probiotics for NEC in neonates, neonatology",no,False
59c18c75-2774-4939-abab-0da869419e24,NOT_RELEVANT,none,high,"HIV treatment brand, infectious disease",no,False
5700ef97-e9f5-4050-b7f6-61315a072467,NOT_RELEVANT,none,high,"Diabetic foot ulcer hyperbaric prior auth, somatic",no,False
ddfc3bbe-f41c-4e6c-b44f-e834405f6d8b,NOT_RELEVANT,none,high,"Insurance in/out-of-network coverage, administrative",no,False
b15fe46f-983f-4f5b-bc4c-218f15916429,BORDERLINE,cognitive_neuro,low,Thigh bruise with no memory; possible cognitive/neuro concern,yes,False
9f7e10f3-446b-4364-889c-053cbd752ea5,NOT_RELEVANT,none,high,"Back/kidney area discomfort, renal somatic worry",no,False
e5776de3-f732-4546-9bd0-1203091f94ab,NOT_RELEVANT,none,high,"Fish oil and heart health, cardiovascular",no,False
8fd1890f-d536-47b4-b8fe-8a1a1dd89afd,NOT_RELEVANT,none,high,"Chest pressure cardiac workup note, somatic",no,False
78fd84df-16b9-4b00-9e17-f95993361443,NOT_RELEVANT,none,high,"Watery diarrhea cholera outbreak, infectious GI",no,False
6366b768-5d32-4681-a72f-b6338ca627fb,NOT_RELEVANT,none,high,"Teen soccer knee injury, orthopedic",no,False
10abfc54-23e5-4529-8eed-d5314d5bd3e0,NOT_RELEVANT,none,high,"Dengue fever, purely somatic infectious concern",no,False
7a1c6708-8c51-45be-bf33-f32ce9d30f8f,NOT_RELEVANT,none,high,Pediatric gait/limp differential; psychosomatic only incidental,no,False
65a12f89-676d-4226-bf1b-d8c20ecd3607,NOT_RELEVANT,none,low,"Breastfeeding-vs-formula decision; exhaustion incidental, not perinatal mood",no,False
2b12737a-9d91-46f1-85c1-bd995877461f,NOT_RELEVANT,none,high,"Angioedema, somatic allergic/airway concern",no,False
4eb9c5c9-a18f-42a7-ada8-1bdbe7a7bc32,NOT_RELEVANT,none,high,Bariatric surgery insurance coverage question,no,False
8cd97c6b-b4cc-4368-a365-b5814424b73d,NOT_RELEVANT,none,high,Gestational diabetes management handout,no,False
d92d2e50-5f51-45af-a4fb-c6884b9e7fb1,NOT_RELEVANT,none,high,"Bitten cheek, doctor's note; no mental-health component",no,False
804b9b22-74c1-4c67-a33a-03017bcf7d2a,NOT_RELEVANT,none,high,"Heart murmur auscultation, somatic cardiac",no,False
14ab8404-bae7-433c-9c23-8ab80e6a4304,NOT_RELEVANT,none,high,"Knee injection decision, orthopedic",no,False
1cb87cee-d2e5-4dea-a9ee-b2c578e8874b,NOT_RELEVANT,none,high,"Dizziness, blurry vision, headache; somatic/neuro",no,False
ada57681-7d86-44bf-9c18-ba6c7566c343,NOT_RELEVANT,none,high,"Headache triage decision, somatic",no,False
e639a5c6-9832-4651-8c79-e0cc80050f4a,NOT_RELEVANT,none,high,"Home dialysis for kidney disease, somatic",no,False
7a16c778-e7fa-4f34-ab5c-5d7ab3bc45f8,NOT_RELEVANT,none,high,"Childhood vaccine schedule, preventive care",no,False
78e895d6-083a-42c0-8c6c-fa7f0b9468d6,NOT_RELEVANT,none,high,"Safe abortion methods, reproductive somatic",no,False
aedac5c8-7973-4177-a989-2126821d4c8b,NOT_RELEVANT,none,high,"Threadworm infection treatment, somatic",no,False
ff9ae1e9-3362-44b8-b30a-415be4c4143a,NOT_RELEVANT,none,high,"UTI antibiotic request, somatic",no,False
3cd64a13-94bc-4268-8bb8-3655b1d534bc,BORDERLINE,perinatal_mh,low,Postpartum complication with secondary PPD/anxiety risk question,yes,False
239e2d1d-8046-4237-9e89-e4780d0d9cc9,RELEVANT,trauma_ptsd,high,"PTSD therapy approach, directly psychiatric",yes,False
5b20338b-cca9-496f-bf94-357df791c190,NOT_RELEVANT,none,high,"Chagas disease workup, somatic infectious",no,False
383187c7-fa3d-404a-a776-841e2927128e,NOT_RELEVANT,none,high,"Roundworm medication question, somatic",no,False
ab4319a2-0466-4f99-bac6-4ea19df3f379,NOT_RELEVANT,none,high,Choking emergency; panic is physical airway distress,no,False
e88623fa-07b1-44b0-94ed-3ba55b8f530e,NOT_RELEVANT,none,high,"Elderly falls workup, neuro/somatic",no,False
149191e5-4a91-4d75-a5b9-08086d7bddce,NOT_RELEVANT,none,high,Stroke activation note documentation,no,False
6a3535e9-0a65-4b53-bcc0-50e0a0ff21c8,NOT_RELEVANT,none,high,"Dialysis progress note, somatic",no,False
9f8e27de-fa19-460a-a875-c2b8be3c4e09,NOT_RELEVANT,none,high,"Latent TB prophylaxis, infectious disease",no,False
d612e825-5653-4dfd-9f3d-fabb2b48f4ee,NOT_RELEVANT,none,high,"Atrial fibrillation explanation, cardiac somatic",no,False
b26efbf7-be92-4863-843d-aed35e6a4fa6,NOT_RELEVANT,none,high,"Stress urinary incontinence, somatic urological",no,False
b92904d7-917d-40f7-94d4-6401c23ec908,BORDERLINE,anxiety,medium,"Chest tightness, user suspects panic vs cardiac",yes,False
20594b11-7e48-4b70-baf6-027e1d91d7c2,NOT_RELEVANT,none,high,"Malaria prophylaxis dosing, somatic",no,False
1bb05f38-7136-4063-8d85-eee267a6b2b5,NOT_RELEVANT,none,high,AI tool explanation for autoimmune condition,no,False
3dbd9d6b-6145-4b08-a591-b9175f6e9ccc,NOT_RELEVANT,none,high,"Anti-nausea brand medications, somatic",no,False
4d3be4fb-4168-49f9-836d-ff9871e14c29,NOT_RELEVANT,none,high,"Abortion medication request, reproductive somatic",no,False
3fa76adb-aac3-4989-8c20-9211f56504a7,NOT_RELEVANT,none,high,"Allergic rhinitis first-line treatment, somatic",no,False
6f309672-0fdd-44cc-962f-69b6006bf75d,NOT_RELEVANT,none,high,"CKD dietary potassium question, somatic renal",no,False
43d2bdaa-6061-4eee-91e1-310e4d50e17d,NOT_RELEVANT,none,medium,"Orthostatic dizziness, tumor health-anxiety incidental to somatic",no,False
a0a4af0a-bc12-4c7a-a041-188a69edd7e6,NOT_RELEVANT,none,high,Stem cell spinal cord injury success rates,no,False
6e35ffd4-dc1d-4f2c-89fb-e1c366d2c0d1,NOT_RELEVANT,none,high,"Knee pain medication dosing, somatic",no,False
b72bafef-df3c-4eff-a646-092c0df64ddb,BORDERLINE,sleep,medium,Insomnia cure question without psychological framing,yes,False
27b6bb15-6dc0-404e-8a51-8ce1f4b0d3cc,RELEVANT,stress_adjustment,medium,"Emotional stress after breakup, psychologically framed distress",yes,False
6e9da1e2-48f9-4b4c-9226-112abb012dcf,NOT_RELEVANT,none,high,"Postpartum hemorrhage management rephrase, somatic obstetric",no,False
dcd7edec-633f-4c7d-93a6-7f01078e6792,NOT_RELEVANT,none,high,"Hypertension management; worry incidental, somatic cardiac",no,False
1f649194-47ef-46b9-93ed-134d2473e6b6,NOT_RELEVANT,none,high,"Hirsutism/PCOS endocrine question, somatic",no,False
508f9fab-f6f5-459d-b1f6-e7e4e9f09797,NOT_RELEVANT,none,medium,"Fatty liver treatment; fatigue incidental, somatic hepatic",no,False
84c4e94a-6792-4f8f-abb3-28b0ae792022,NOT_RELEVANT,none,high,"Diabetic foot ulcer impression, somatic",no,False
2365bc28-3c3a-4cdb-af96-5f7cdb48e033,NOT_RELEVANT,none,high,"Inpatient note completeness check, administrative",no,False
8db4b5e4-1c1e-43eb-a522-cb84cc52e5b5,BORDERLINE,cognitive_neuro,low,Elderly excessive sleeping; possible delirium/depression overlay,yes,False
4ad2d2e2-9d12-42e1-93f2-055bdaac7d6b,NOT_RELEVANT,none,high,"Rheumatology biologic screening intervals, somatic",no,False
bb4799b5-0e99-480a-8ec8-109b43161b1d,NOT_RELEVANT,none,high,"PCOS fertility/diet question, endocrine somatic",no,False
b91e87b1-2c39-4e72-9740-9134821b36bf,NOT_RELEVANT,none,high,"Neuro exam flowsheet for stroke patients, somatic",no,False
a861dc7c-27f7-48b7-be6c-d545878a1956,NOT_RELEVANT,none,high,"Home abortion medication use, reproductive somatic",no,False
1afa3222-42f2-411e-a3dd-b2b69d8a0599,NOT_RELEVANT,none,high,"jellyfish sting treatment, purely somatic",no,False
76c22e13-0f6b-4664-a61e-8a9751172704,NOT_RELEVANT,none,high,"postpartum cardiomyopathy, cardiac not psychiatric",no,False
9a50a14c-88b9-4d98-ab08-d186a7100abf,NOT_RELEVANT,none,high,"Group B strep prophylaxis, obstetric",no,False
ab7752d5-6c6a-4acb-aec0-f57b21bbf308,NOT_RELEVANT,none,high,"topical ointment usage, dermatologic",no,False
c87c311a-5b56-4bd6-8dc3-c4f62d093a1f,NOT_RELEVANT,none,high,"malaria prophylaxis, travel medicine",no,False
cd676b02-c9bc-4322-9ea5-a7dec093be4e,RELEVANT,anxiety,high,essential oils for acute anxiety episodes,yes,False
31484148-345e-4f45-b24a-aedb2bc69b7e,NOT_RELEVANT,none,high,typhoid vaccine travel medicine,no,False
437a0336-8ddc-466d-8e4f-43579609bda4,NOT_RELEVANT,none,high,"coding/marketing/vaccine, no mental health",no,False
c3ea2c97-98de-40c8-bc2d-b5b56ef91fc7,NOT_RELEVANT,none,high,prenatal vitamin brand comparison,no,False
dfd88d1d-48ae-4b7e-8e14-b0f4ccb43353,RELEVANT,psychiatric_medication,high,wants to quit antidepressant alone,yes,False
00355ba6-e454-44e7-b606-bacfb011595c,NOT_RELEVANT,none,high,travel/flu vaccination timing,no,False
13fd825e-8d78-41a0-85c1-e17ce868387d,NOT_RELEVANT,none,high,postpartum contraception coverage,no,False
0da297cc-0186-416d-83ae-fced5f2c867e,NOT_RELEVANT,none,high,"pediatric epiglottitis airway, somatic",no,False
6c2af010-b144-49a3-9872-6cefd534beb9,NOT_RELEVANT,none,high,"tick-borne encephalitis, infectious",no,False
98f2159e-640f-468c-80f5-cae65c677b7b,NOT_RELEVANT,none,high,"gout flares, rheumatologic",no,False
553cf03c-cbcc-4bc7-b797-bd733549c233,BORDERLINE,stress_adjustment,low,"menopause with mood swings, not central",yes,False
41588961-5381-4c38-98b3-979674790681,NOT_RELEVANT,none,high,"spinal cord injury emergency, somatic",no,False
a92d43f7-e6b7-405b-922d-8f7cd0eca3c6,RELEVANT,perinatal_mh,high,"postpartum depression, SSRI-resistant, ketamine",yes,False
ba2f11a4-8d0f-4b87-b5c9-ee4f180b32dd,NOT_RELEVANT,none,high,"daily sugar limit, nutrition",no,False
630020ba-3eeb-49f5-a4b4-00010e6dcb27,NOT_RELEVANT,none,high,"renal replacement therapy, nephrology",no,False
5f6ce4c0-7958-4ed2-b079-6edae32b479e,NOT_RELEVANT,none,high,"hepatitis E outbreak, infectious disease",no,False
4a523439-e823-4a1e-af47-4f087b7af4c3,NOT_RELEVANT,none,high,dental cleaning frequency,no,False
2405533c-d549-498c-ba69-0a7ebad999d5,NOT_RELEVANT,none,high,"SOAP note neck pain, documentation",yes,False
f9ad3cb9-7d19-4e56-bb66-07ce622182af,NOT_RELEVANT,none,high,"infant colic, pediatric somatic",no,False
7a69cb31-74e0-4451-82e5-90988151fbd9,NOT_RELEVANT,none,high,acute rheumatic fever management,no,False
47a50742-10ba-462a-84bb-a119bfe360af,NOT_RELEVANT,none,high,"conflicting weight data, documentation task",no,False
35f478b9-6d5b-40e7-acb0-7fa973fb5955,RELEVANT,perinatal_mh,high,"user reports sad, overwhelmed postpartum",yes,False
d337788f-0701-42fe-b39f-c66e8cc9012a,NOT_RELEVANT,none,high,breast cancer chemotherapy regimen,no,False
d5cc674c-a7b7-432b-9102-52520e2c6e69,BORDERLINE,psychiatric_medication,low,benzo for anxiety amid opioid sedation question,yes,False
8b4d0f20-1883-4cb6-8044-1368c51f0151,NOT_RELEVANT,none,high,"chronic pelvic pain differential, gynecologic",no,False
3d9f9e67-83ea-4ef6-abe5-dcce4f50b543,NOT_RELEVANT,none,high,"MRI contrast agent safety, radiology",no,False
2619aace-b626-4b25-a572-fc8bb16949e0,BORDERLINE,substance_use,low,"stimulant misuse, illicit modafinil, alcohol mixing",yes,False
9ea199de-bc30-408e-a0f9-7740f910c6e2,NOT_RELEVANT,none,high,infant vaccine schedule,no,False
fcaff172-5d7e-4122-adc8-e9911d503320,NOT_RELEVANT,none,high,"daily adult vitamins, nutrition",yes,False
fa0f919f-7b8e-4021-a84a-a35b5a410eb4,NOT_RELEVANT,none,high,"head trauma CSF leak, neurosurgical",no,False
cb1b9d0e-9e6f-4a95-ab90-46b0ca18fa12,NOT_RELEVANT,none,high,"concussion after fall, somatic neuro",no,False
f0a7ca12-1574-40da-bdf4-bf689a1848d6,BORDERLINE,anxiety,low,excessive yawning with health anxiety overlay,yes,False
bbadc660-ba32-40ab-bd22-19e1df5e0221,NOT_RELEVANT,none,high,"dyspnea cyanosis emergency, cardiopulmonary",no,False
7fcef737-8cf8-4e10-a844-f88d9075ca73,BORDERLINE,cognitive_neuro,low,"long-haul fatigue, brain fog, possible overlay",yes,False
9152aa49-4147-4490-80aa-1fc374067bc9,RELEVANT,perinatal_mh,high,emotional rollercoaster since baby arrived,yes,False
ca40c11f-3673-43c4-b55a-22bf7f2dd094,NOT_RELEVANT,none,high,"ACL strain knee brace, orthopedic",no,False
ab2362e7-e5a0-45e3-9928-b5f92a4c3780,NOT_RELEVANT,none,high,travelers diarrhea antibiotic choice,no,False
64ddf1d4-4987-44c4-b2a4-0bd38aa9702b,NOT_RELEVANT,none,high,"bug bite, dermatologic",no,False
efbde168-8d2b-47d0-8a91-b0a45e4ec400,NOT_RELEVANT,none,high,"iron deficiency diet, hematologic",no,False
e126273b-9d59-4a79-9bb0-391db5f8eb0a,NOT_RELEVANT,none,high,"infant crying nurse note, pediatric",no,False
a755455e-8dbb-4824-8e24-2287e42b67ce,NOT_RELEVANT,none,high,"acid reflux dysphagia, GI",no,False
5ea7253f-6444-4170-bd9d-0d2ea62adc25,RELEVANT,perinatal_mh,high,postpartum depression treatment options,yes,False
80407a86-7003-4cd5-a61d-92d34bfe74dd,NOT_RELEVANT,none,high,"lead test message, pediatric documentation",no,False
656de9e7-2ba7-4fef-a866-671c3b1e1f70,NOT_RELEVANT,none,high,"melanoma workup, dermatologic",no,False
ff59b593-24e6-4c72-8270-495fd488c116,NOT_RELEVANT,none,high,"breastfeeding diet for colic, nutrition",no,False
3eccff3a-4086-4741-b3c0-ea8d41c8f246,RELEVANT,anxiety,high,"Panic attacks, asking whether to see professional",yes,False
7e51fe62-8959-44a9-aed3-08984a92d1b5,NOT_RELEVANT,none,high,Child vaccine schedule question,no,False
c8a7fcba-3f42-4199-974c-62274a824e09,NOT_RELEVANT,none,medium,Eyelid twitch; stress only incidental somatic complaint,no,False
b8c09b16-4ced-4caa-8c90-61e570aa56be,NOT_RELEVANT,none,high,Blood culture result interpretation,no,False
126a221a-c2b9-4eec-9e62-b5b881b22c28,BORDERLINE,sleep,medium,Insomnia without explicit psychological framing,yes,False
659dee03-ec01-47f7-a3c2-9ed7dc140938,RELEVANT,perinatal_mh,medium,Postpartum overwhelm and sleep disturbance,yes,False
922bb40d-6bfe-4e5c-bf37-53680a17ba9b,NOT_RELEVANT,none,high,Phimosis urological question,no,False
e620f43b-2d6d-47e6-9465-6a9c8954c926,NOT_RELEVANT,none,high,EMS/ACLS training protocols,no,False
e929123a-f139-4e3c-b305-b3e022f13877,NOT_RELEVANT,none,high,Ectropion eyelid question,no,False
40c03b3e-76f3-4218-9b84-9aa2b57b2aa5,NOT_RELEVANT,none,high,Stiff neck imaging decision,no,False
f289c2c8-d948-46d2-9f62-c265d4c452f6,NOT_RELEVANT,none,high,Colonoscopy administrative/insurance question,no,False
6e1ec810-4236-4f77-afb5-20dcaae7c0ca,NOT_RELEVANT,none,high,Chest pain cardiac/somatic concern,yes,False
7fe4a5ac-b096-4371-b1c5-de1f81cc510f,NOT_RELEVANT,none,high,Travel vaccinations question,no,False
f4b3a1c4-b158-4d0e-aa3f-46425cf37e3f,NOT_RELEVANT,none,high,Scratchy throat/strep somatic question,no,False
ad9e6694-01c5-46f4-91af-b645568c4d9c,NOT_RELEVANT,none,high,Earwax removal question,no,False
ededbafb-a080-473c-8826-97b683a38dff,NOT_RELEVANT,none,high,"Blood pressure 'borderline' somatic, trigger word",no,False
3e9358db-b5d8-43d5-bca3-4471ef771419,BORDERLINE,stress_adjustment,low,"Teen 'feels off', emotional vs physical unclear",yes,False
b786972a-8452-4925-bacf-cebfd94330da,NOT_RELEVANT,none,high,Infant spit-up question,no,False
ad5cf7e5-8374-4e12-a03a-1dfcefa2756e,NOT_RELEVANT,none,high,Cardio exercise/BP/grapefruit question,no,False
fe9929b7-e77f-45ef-967f-e215d0fd881f,NOT_RELEVANT,none,high,Pediatric obesity pharmacology guideline,no,False
f2ebb8b1-216c-494a-ac8d-b3fcf841adef,RELEVANT,substance_use,medium,Final ask: how to quit smoking,yes,False
bde9acba-66c4-4278-8abc-23b446f630fb,NOT_RELEVANT,none,high,Surgical CDH patch technique,no,False
47d49371-5ffe-4c42-bcd3-8ad616fba0bb,NOT_RELEVANT,none,high,Abdominal distension differential,no,False
6598eae1-ea75-4cd1-883c-5a411eb53384,NOT_RELEVANT,none,high,Blood pressure medication switching,no,False
d821ad39-d737-4130-b7f1-382120bb6aad,NOT_RELEVANT,none,high,Cough remedy safety question,no,False
8564a43b-1b98-4f8c-b04d-2e49ad5f1575,NOT_RELEVANT,none,high,Chronic low back pain exercises,no,False
c8cce1a6-1094-4fbc-9b23-57d56570912c,NOT_RELEVANT,none,high,Skin condition differential,no,False
a8b83357-56f4-4615-b9cb-906eb6e84609,NOT_RELEVANT,none,high,"Tension-type headache text editing, 'tension' non-psychiatric",no,False
b063607c-bd31-46c7-b41b-20fdeb62c0a2,NOT_RELEVANT,none,high,Fecal occult blood/colon cancer concern,no,False
a2a93fb3-ff62-4bd2-aa1d-eb9e604a151a,NOT_RELEVANT,none,high,"Spinal trauma, leg paralysis emergency",no,False
7412f33a-9562-4094-b01c-ac2efdcb2064,NOT_RELEVANT,none,high,Diabetes diet/exercise management,no,False
60405a2b-75fd-4f02-b123-53ab8181a990,NOT_RELEVANT,none,high,Cardiac/influenza medication interaction note,no,False
9d8e7c64-8435-4935-8a14-5a55d879f36e,NOT_RELEVANT,none,high,Skipping breakfast nutrition question,no,False
20a34218-c24b-4fe0-9b69-5d3ed9faf801,NOT_RELEVANT,none,high,Eye drops for dryness question,no,False
518afc69-d2fa-46a2-b75b-845a6b30e7fc,NOT_RELEVANT,none,high,Scalp soreness somatic concern,no,False
ff381581-58c6-44aa-a705-bf7e1e48a1c7,NOT_RELEVANT,none,high,Gestational diabetes postpartum glucose testing,no,False
a14c7ed6-6927-42bc-9384-7f74c866f93d,NOT_RELEVANT,none,high,Post-Covid exercise resumption question,no,False
e97272b1-ab4e-45e8-9727-5aabe9ca8c26,NOT_RELEVANT,none,high,Dialysis acute medical emergency,no,False
50869e6e-1f0f-4f9e-aa9a-fc54b51582ad,NOT_RELEVANT,none,high,Dizziness and headache somatic symptoms,no,False
689d50c2-13c4-4627-b026-9b3a23fea320,NOT_RELEVANT,none,high,Body contouring fat removal evidence,no,False
61bf651c-a509-4f40-bd27-ee9e276f5939,NOT_RELEVANT,none,high,Child fever management question,no,False
1d57868d-3a01-45db-9939-bee047d7fc29,NOT_RELEVANT,none,high,Pediatric sedation/anesthesia dosing,no,False
a9a949ea-4214-4bfb-91c1-e320927bab5d,NOT_RELEVANT,none,high,Emergency contraception/brand question,no,False
9bd72186-1665-4639-9346-26279cbd6d28,NOT_RELEVANT,none,high,Typhoid travel vaccine question,no,False
89a3c017-0a9b-4481-b9f2-350d0545377c,NOT_RELEVANT,none,high,"Postpartum preeclampsia vs tension headache, somatic",no,False
ddc76312-0c69-4c1d-8fef-0bbc281d6c69,NOT_RELEVANT,none,high,Asthma GINA stepwise therapy,no,False
d6280ff4-0f8d-4896-b2db-271c7cb8af20,NOT_RELEVANT,none,high,Stillbirth vs live birth documentation coding,no,False
c513829c-25a6-433f-9416-7c4438c15354,NOT_RELEVANT,none,high,"Pregnancy Zika testing/precautions, worry incidental",no,False
895006fa-43c7-4dec-8f17-d795a7a37fec,NOT_RELEVANT,none,high,MMR vaccine schedule question,no,False
10a91d8b-e525-4d26-b39e-73ed856d331e,NOT_RELEVANT,none,high,Anti-diarrheal medication request,no,False
d12df41b-4191-4ead-bda4-369fb3439100,NOT_RELEVANT,none,high,"Infant fever, purely somatic",no,False
0781572e-f424-48b5-8f07-79dec3490c2c,NOT_RELEVANT,none,high,"Boils/carbuncles antibiotic selection, dermatologic",no,False
d66bf47f-664d-4155-a550-5780ee9be478,NOT_RELEVANT,none,high,"Dehydration signs, somatic",no,False
ce231145-1911-4245-b990-85ca8fbdb7ef,NOT_RELEVANT,none,high,"Progress note drafting, administrative",no,False
05bb2c34-17d8-4096-a56e-334865952672,BORDERLINE,mood_depression_bipolar,low,"ICD-10 coding for depression, administrative with psychiatric content",yes,False
86e3409c-5f7b-40db-ac40-1ccf3c500bb1,RELEVANT,neurodevelopmental_adhd,high,Child ADHD supplement question,yes,False
3a68ee7c-4c3d-4171-b389-330103aeab9e,NOT_RELEVANT,none,high,"Water intake, general wellness",no,False
4946ed76-c6e2-4023-ba4c-1fd9e0756cfc,BORDERLINE,substance_use,low,"Smoking cessation handout, behavioral-health adjacent",yes,False
af2b1e03-f97f-4881-b404-2aca1b99d5e7,NOT_RELEVANT,none,high,"Medication labeling standards, administrative",no,False
3fa8ffde-910b-450d-bea4-8c7fa24486a7,NOT_RELEVANT,none,high,Preventive screenings/vaccinations,no,False
dff05297-e63c-43a6-892d-330c43d86d75,NOT_RELEVANT,none,high,"Neck/back stiffness stretches, musculoskeletal",no,False
692ff182-c8a6-4b41-bffe-05d52242aa74,NOT_RELEVANT,none,high,"Type 2 diabetes, somatic",no,False
808714c8-9e2c-435b-a3ee-d142315e6621,NOT_RELEVANT,none,medium,"Encephalitis consult note, neuro-infectious",no,False
166631d3-31b1-46bf-a07f-d5b33caadf81,BORDERLINE,other_mh,low,"Not eating, weight loss, fatigue; possible eating disorder without framing",yes,False
b4227c03-de10-414d-9420-f3c1f141ea61,NOT_RELEVANT,none,high,"Migraine vs headache, somatic",no,False
8ad348d3-eda0-4d05-b069-cc25d795ebd6,NOT_RELEVANT,none,high,"Dizziness/lightheadedness, somatic",no,False
fc50d0b0-1ddf-4b26-a1e9-bdf29d720d37,NOT_RELEVANT,none,high,"Cardiac bleeding risk score, somatic",no,False
e64d05b8-27f3-4171-b96f-5ba3c53f0a83,NOT_RELEVANT,none,high,"Progress note drafting, administrative",no,False
4cd59b92-d1d5-4087-a3a3-6a03e2f92953,NOT_RELEVANT,none,high,"MyChart normal-labs message, administrative",no,False
88559e03-ba23-44bb-adf4-89bf40603bcb,NOT_RELEVANT,none,high,"Fitness and acne, wellness/dermatology",no,False
18ac1db8-b7a3-411c-a714-79937c53590c,BORDERLINE,sleep,low,"Toddler sleep melatonin, no psychological framing",yes,False
0445c710-0629-4b80-99ce-98682bea4d97,NOT_RELEVANT,none,high,"Dialysis indications, somatic renal",no,False
9c9b635e-5c4c-4af8-ac53-6de5b0c67474,NOT_RELEVANT,none,high,"Convalescent plasma for dengue, somatic",no,False
8a3c6048-275a-4f4a-9dfb-b96c53662d73,NOT_RELEVANT,none,high,"Diarrhea management, somatic",no,False
f6661053-4688-43f4-9ea4-705f48a660c4,NOT_RELEVANT,none,high,"Mole ABCDE rule, dermatologic",no,False
b577b19f-1cf0-41ae-b32b-6c0099b3b752,NOT_RELEVANT,none,high,"CPR for unresponsive person, emergency somatic",no,False
8d333037-750a-41f2-a3ff-f6674159f7d7,NOT_RELEVANT,none,high,"Autoimmune immune markers, somatic",no,False
30dbd785-651f-4415-b0e9-4815ccb53465,NOT_RELEVANT,none,medium,"Cannabis strain for Crohn's flares, somatic GI",no,False
8da602cc-97a9-4b47-b5ce-06c68298ec07,NOT_RELEVANT,none,high,"Coworker fatigue triage, somatic",no,False
b9e0bfa6-cc27-4195-9ec0-19621d9a88bf,NOT_RELEVANT,none,high,"Arm rash possible parasite, dermatologic",no,False
d9b1540b-e7df-42af-94e7-08defb1a34ae,NOT_RELEVANT,none,high,"Postpartum pneumonia antibiotic, somatic",no,False
50e96c46-fa44-4a80-8be8-8724d57c70e6,NOT_RELEVANT,none,high,"Birth control recommendation, somatic",no,False
ded91430-ad5a-4f9f-bfd9-cf622760976e,NOT_RELEVANT,none,high,"Dengue testing frequency, somatic",no,False
e4491a6d-44e1-4ffd-8f86-8e0c18437a82,NOT_RELEVANT,none,medium,"Hair thinning, stress mentioned incidentally",no,False
9fab0a4c-2dfd-48a9-8d05-e3c01ffbf4f7,NOT_RELEVANT,none,high,"Neonatal note review, administrative",no,False
5952644a-b788-4454-9911-4926a330e82d,NOT_RELEVANT,none,high,"Hepatitis C regimen, somatic",no,False
32c85597-8f40-4c5d-8660-ae90fbcf53f1,NOT_RELEVANT,none,high,"Stomach pain triage, somatic",no,False
90711d20-2f12-47ef-90d8-47ac6c936a30,NOT_RELEVANT,none,high,"Malaria prophylaxis selection, somatic",no,False
5e9f7619-501f-4517-86c6-23ca293d99e5,NOT_RELEVANT,none,high,"Cold vs COVID differentiation, somatic",no,False
9b220533-3364-4a87-81aa-3595063c2dc6,NOT_RELEVANT,none,low,"Rapid weight loss, no psychological framing",no,False
ea1e0044-d980-4df0-bf29-08be05e9c170,NOT_RELEVANT,none,high,"Gallbladder workup note, somatic/administrative",no,False
e4502c0a-59f0-455d-90d2-5660166c45c1,NOT_RELEVANT,none,high,"Muscle weakness workup, somatic neuro",no,False
ceaf092b-aa46-4bb8-aca2-fffafd1bf34a,NOT_RELEVANT,none,high,"Postpartum collapse, cardiac emergency, somatic",no,False
805a1732-578a-414b-838a-c38ceeb94df2,RELEVANT,stress_adjustment,high,"Overwhelm, stress management, about to snap",yes,False
e8d18cce-e3cf-462e-b632-982b836c5723,NOT_RELEVANT,none,high,"Burned hand treatment, somatic",no,False
7fd18976-7e9e-4fc1-8da7-7b2cff1459b7,RELEVANT,perinatal_mh,high,Postpartum depression screening timing,yes,False
b9dbca6d-54f4-4d45-92c6-daa0a7802332,NOT_RELEVANT,none,high,"NICU fluconazole prophylaxis, somatic",no,False
78441680-044a-456d-ba1b-00d9163350ca,NOT_RELEVANT,none,high,"Low iron lab result, somatic",no,False
415a3bca-609e-4c16-a690-6ed2af93fc57,BORDERLINE,anxiety,medium,"Groin lump with prominent health anxiety, can't sleep",yes,False
896f53af-1abd-429d-82f0-b4b9d349466a,NOT_RELEVANT,none,high,"Zika pregnancy prevention, somatic",no,False
b40b5602-2490-4d96-ae94-d4ae042fd13c,NOT_RELEVANT,none,high,"Pediatric epilepsy ketogenic diet; neurological, no mental-health component",no,False
b8fc23dd-6f16-43e9-9177-cc0696212910,NOT_RELEVANT,none,high,Prior authorization for rheumatoid arthritis biologic; administrative/somatic,no,False
77dc9dba-4202-454b-ac8f-f1b230172b39,NOT_RELEVANT,none,high,Wound infection antibiotic question; purely somatic,no,False
d6f95ee2-95db-4f8d-a8fe-ffcdc63b1d4f,NOT_RELEVANT,none,high,Oral anticoagulant brand choice; somatic,yes,False
c33322cc-49a2-47f9-a541-a4dc5505c5f7,BORDERLINE,sleep,low,"Chronic insomnia note, no explicit psychological framing",yes,False
005d27ea-2fbe-4872-a42f-6542a638864e,NOT_RELEVANT,none,high,Post-marathon pinkish urine; somatic,no,False
6a8907ba-51ac-402b-891e-a54b5db7492d,NOT_RELEVANT,none,high,Diet plan for overweight child; nutrition,no,False
4135b2b3-e89c-447a-88aa-ed92aa5152ab,NOT_RELEVANT,none,medium,"Gender-affirming hormone options; endocrine, no mental-health focus",no,False
0035b0d4-fb07-492b-90b4-b6a4daa4cf79,NOT_RELEVANT,none,high,Low back posture and breaks; musculoskeletal,no,False
efc3b769-d158-4690-b2a5-ca531db5e0c5,NOT_RELEVANT,none,high,Retinal microperimetry research; ophthalmology,no,False
7ae4b5c3-d48a-4c0a-b78b-1fc84fc8815d,NOT_RELEVANT,none,high,Colon polyp; gastrointestinal,no,False
f036d626-8861-4a83-ad55-9e13c846be53,NOT_RELEVANT,none,medium,"Strange chill, feeling off; somatic symptom inquiry",no,False
da0a501a-fedd-4dcc-8e2b-e1d236f22b05,NOT_RELEVANT,none,high,COVID booster timing; preventive/administrative,no,False
ee578e7b-a791-40cb-89dd-d5ba9538d25d,NOT_RELEVANT,none,medium,"Radiation safety, potassium iodide; somatic emergency, not mental-health",no,False
457ee7d4-51f9-4393-9555-114dd05fa4ba,RELEVANT,mood_depression_bipolar,high,Mood swings and anxiety are central concern,yes,False
314ea2d6-34ec-4986-bbe7-9e13c4324f06,NOT_RELEVANT,none,high,Acute angle-closure glaucoma management; ophthalmology,yes,False
fb22bafb-c154-40d8-9eee-5c5c8fa40bbd,NOT_RELEVANT,none,high,Suspected malaria; infectious disease,no,False
26da0a43-a981-4d0e-b1a6-1d909ad66e4c,NOT_RELEVANT,none,high,"Listeriosis in pregnancy abstract; academic, somatic",no,False
9f7075b5-ed05-4b71-9db9-42fdfd03860f,RELEVANT,perinatal_mh,high,"Postpartum depression, antidepressant choice while breastfeeding",yes,False
d0c2ab01-941c-4629-8f7d-dd97cb743ebe,NOT_RELEVANT,none,high,Asthma inhaler alternative; respiratory,no,False
89b5e4b8-705a-48e7-ad8a-4fdc51158beb,NOT_RELEVANT,none,high,Probiotics for ulcerative colitis; gastrointestinal,no,False
1b2c6fe2-c05f-4355-bf3f-599c740220b8,NOT_RELEVANT,none,high,"Double vision, unsteadiness; neurological emergency",no,False
ac561bd5-2d30-456b-9381-07510990813c,NOT_RELEVANT,none,high,Influenza strain forecast; informational,no,False
0ac2e2f9-ebcf-445b-ac37-eb98ee529e67,NOT_RELEVANT,none,high,Marburg fever isolation/testing; infectious disease,no,False
df71dc40-b5b7-4842-9bed-37cfa27f668c,NOT_RELEVANT,none,high,"Postpartum thyroiditis; endocrine, not mood focus",no,False
dc6eeb70-1d07-4af1-aefa-9f8ec179d783,NOT_RELEVANT,none,high,Orthostatic lightheadedness; somatic,no,False
005c136b-a914-400e-81a2-24c419634ebd,NOT_RELEVANT,none,high,Contraception options for family planning; reproductive,no,False
f4b01f34-491a-4966-9b3a-4754d7dcdace,NOT_RELEVANT,none,medium,TB treatment; anxiety mentioned only incidentally,no,False
cb93324e-5c0a-460b-941a-f2419931ab30,NOT_RELEVANT,none,high,Hoarseness referral letter; ENT,no,False
88e30adc-0ce9-48a8-8482-0f018818c581,NOT_RELEVANT,none,medium,"Diabetes insulin access crisis; fear incidental, somatic central",no,False
4c13eb27-d8fc-4bf8-880b-b9246f1b69ce,NOT_RELEVANT,none,high,At-home physical therapy exercises; musculoskeletal,no,False
7faa352a-9d5b-445d-82c5-c520e0ee84c1,NOT_RELEVANT,none,high,Knee pain from running; musculoskeletal,no,False
787f964c-507e-452d-b356-005163509ffe,NOT_RELEVANT,none,high,Papaya seeds for deworming; somatic,no,False
1ca15e09-0f46-4067-86b2-1d0d852e5d2b,NOT_RELEVANT,none,high,Home water birth preparation; obstetric,no,False
a9db229b-57a4-4e9c-a4ac-98d3a16eb756,NOT_RELEVANT,none,high,Antibiotic for travelers diarrhea; infectious,no,False
03c83c21-ce5f-40f1-9b26-92c89cb86c00,NOT_RELEVANT,none,high,Mild constipation lifestyle and medication; gastrointestinal,no,False
2eaa0b2e-237b-45b5-97ed-db87cc82c262,NOT_RELEVANT,none,high,Difficulty swallowing pamphlet interpretation; somatic,no,False
24699408-d24d-4bd1-b4da-2399cffdd82b,NOT_RELEVANT,none,high,Sternal wound infection after CABG; surgical,no,False
516f4257-0d7f-4222-a203-4901ab884611,NOT_RELEVANT,none,high,Motion sickness tips; somatic,no,False
2108a60c-7269-495e-beb7-56bf4143b1c8,NOT_RELEVANT,none,high,PTT clotting MyChart message; lab/administrative,no,False
15620781-4ca9-4338-9a96-28526b75943f,NOT_RELEVANT,none,high,Antiplatelet therapy for stroke prevention; vascular,no,False
598d006a-c1d2-46b0-aab0-85b9d1aa8b3e,BORDERLINE,cognitive_neuro,medium,"Mild cognitive impairment, early Alzheimer concern; neuropsychiatric-adjacent",yes,False
91f6cf28-ab2c-4f48-921b-4bae0eeadf6d,BORDERLINE,anxiety,low,"White tongue with intense health anxiety, can't sleep; somatic central",yes,False
2ed0175f-10d5-4692-9685-348aa64b28b5,NOT_RELEVANT,none,high,Child vision check for glasses; ophthalmology,no,False
49402832-bd26-499a-b883-3478d0d669ae,NOT_RELEVANT,none,high,Left arm numbness causes; neurological/somatic,no,False
ea98e8fe-e261-4e7c-9bd5-c8096a7758a3,NOT_RELEVANT,none,high,Newborn not breathing; emergency resuscitation,yes,False
f127eeb5-798e-4d3f-8021-ed7d716d37b4,NOT_RELEVANT,none,high,"Bloating after milk, lactose; gastrointestinal",no,False
2cc3d059-0cbf-4505-a3c0-6ac0a8cc3005,NOT_RELEVANT,none,high,Allergy immunotherapy schedule; somatic,no,False
a0df157b-9081-4dcb-8037-4ad069623aa8,BORDERLINE,anxiety,medium,"Costochondritis attributed to stress, feeling anxious; psychological overlay",yes,False
6b0b3bb8-73c9-46cc-b2ff-a39cb52d9ce7,NOT_RELEVANT,none,high,H. pylori treatment guidelines; infectious/GI,no,False
bf33f25c-b4fa-446a-b7a0-8ecf9bd6ad8e,NOT_RELEVANT,none,high,Endocrine hyperaldosteronism rewording; 'borderline' non-psychiatric,no,False
10f6bfc3-a3c2-4100-b4f9-8029c6b12ced,NOT_RELEVANT,none,high,Lower back pain and yoga safety; somatic,no,False
56f9c939-7870-4aa1-bbc6-a2728b7ac874,NOT_RELEVANT,none,high,Hyperkalemia dialysis management; somatic,no,False
1aaa0b30-5175-4809-ab9e-15f654b733ef,NOT_RELEVANT,none,high,Hemorrhoid note and surgical indications; somatic,no,False
29ff8a0e-44d0-497f-bd8e-9cd923a01ea3,NOT_RELEVANT,none,high,Post-op antibiotics; 'feeling odd' somatic,no,False
da458227-fc02-454e-ad42-18a3e4642100,NOT_RELEVANT,none,high,Pediatric head injury emergency; somatic,no,False
d412be52-c5e8-44f4-8d5a-a87edf30db5a,NOT_RELEVANT,none,high,Hematology guidelines and anticoagulant reversal; somatic,no,False
837d80f8-4a4f-415b-9eac-ca3ef5b4c968,NOT_RELEVANT,none,high,Anaphylaxis emergency; somatic,no,False
01adaaf9-6f24-4eee-a44b-465fe6558621,NOT_RELEVANT,none,high,Shoulder pain exercise; somatic,no,False
034d78e2-0873-4e4a-9621-735b51d0d020,NOT_RELEVANT,none,high,Reflux note summary; administrative somatic,no,False
5d1a91c2-dd3d-4fa1-b028-fa825a1874e5,NOT_RELEVANT,none,high,Drug-interaction with heart meds; somatic,no,False
d497cf4a-7459-4f12-b136-3b77e5e332ae,NOT_RELEVANT,none,high,Plant ointment allergic reaction; somatic,no,False
d6d759b3-d37b-434e-9567-9b269bbff53a,NOT_RELEVANT,none,high,Hypertension drug-therapy teaching; somatic,no,False
b00e3be5-607f-4435-8eb1-d7e124a01aef,NOT_RELEVANT,none,high,Honey safety for toddler; somatic,no,False
b8628ac4-9c2c-45af-9c4d-db21aa8dd49b,RELEVANT,mood_depression_bipolar,high,Months of depression seeking antidepressant medication,yes,False
0349eb8f-8191-479d-82c4-94ca02385566,NOT_RELEVANT,none,high,Calf strain injury; somatic,no,False
99b683ce-a2ab-4e36-a985-85184c798a8f,NOT_RELEVANT,none,high,Stroke/TIA speech episode; somatic neuro,no,False
c20ad9cd-50b2-49b7-bb1e-0ad5e73cbcb9,NOT_RELEVANT,none,high,Deep foot laceration wound care; somatic,no,False
bfdb38a3-2a01-46cb-8ee6-a85c0827ac8b,NOT_RELEVANT,none,high,Open fracture emergency; somatic,no,False
1c5b667d-8b16-4d48-b917-68db6f336403,NOT_RELEVANT,none,high,Stroke rehab exercises; somatic neuro,no,False
73d98a0a-cc19-4002-8dd6-d6c66a367b0d,NOT_RELEVANT,none,high,Pheochromocytoma workup; somatic endocrine,no,False
515686b8-eeb2-4f15-a42b-e32fd431d99e,NOT_RELEVANT,none,high,Geriatric clinic note; administrative somatic,no,False
f6756ad1-6a66-4fa3-a1d9-5804044f6395,NOT_RELEVANT,none,high,Coffee enemas for constipation; somatic,no,False
f85adbd5-c91a-415a-a452-913fc9926a3b,NOT_RELEVANT,none,high,Subcutaneous emphysema drainage; somatic,no,False
aa46771d-e704-4e08-80ee-1da3539c7dcb,NOT_RELEVANT,none,high,Homemade kombucha for digestion; somatic,no,False
e11694f9-991b-49a4-9fc0-a7326c9327ff,NOT_RELEVANT,none,high,Malaria prevention guidelines; somatic,no,False
8d0c8f4c-e2df-40ed-8f72-d99bf53be1ed,RELEVANT,neurodevelopmental_adhd,high,Self-starting ADHD medication without doctor,yes,False
996a897a-4349-4557-8f90-10237c7cd134,NOT_RELEVANT,none,high,Irregular menses hormone imbalance; somatic endocrine,no,False
cff1bbb3-cdbb-4777-aa2f-fca8cacdaa9e,NOT_RELEVANT,none,high,Toddler watery stools; somatic,no,False
8a13104e-fa0a-4763-a2f4-1113f436f900,BORDERLINE,cognitive_neuro,medium,Repeated sedation and cognitive-decline risk; neuropsychiatric-adjacent,yes,False
f93742d1-f5a2-4ecf-800d-c8ff3436e6a5,NOT_RELEVANT,none,high,Spider bite identification; somatic,no,False
f851ab6c-47ae-4fea-9717-89b72f52c2e3,RELEVANT,anxiety,high,Teen anxiety and anti-anxiety medication decision,yes,False
1615efb2-0020-40bb-a58c-7575e95df3a2,NOT_RELEVANT,none,high,Polio booster schedule; somatic,no,False
af63ea45-0369-4d1a-9a08-4119375dc734,NOT_RELEVANT,none,high,Eggshell powder for enamel; somatic,no,False
b68d6142-5678-4195-80b1-834fcaeea497,NOT_RELEVANT,none,high,Lab-results MyChart message; administrative,no,False
df29276a-9990-40da-a030-350fd1391b86,NOT_RELEVANT,none,high,Flu vaccine timing; somatic,no,False
ff4fccf7-2e09-451f-9135-08afee5cad31,NOT_RELEVANT,none,high,Pediatric nosebleeds triage; somatic,no,False
fc341863-a1e9-4639-a4a2-1e1bbf8e7ab0,NOT_RELEVANT,none,high,Hiccups remedy; somatic,no,False
ca6c15e6-37d3-4a88-b573-d0cf7ee37184,NOT_RELEVANT,none,high,Foot blister care; somatic,no,False
398c970a-ff24-4d36-ac2c-f94286e8a617,NOT_RELEVANT,none,high,Fainting while running; somatic,no,False
e3053c9b-60b6-48f3-aed3-b28d604981e9,NOT_RELEVANT,none,high,Toddler vaccine schedule; somatic,no,False
3ef4dd63-67e6-44d7-a95c-f23d397c7beb,NOT_RELEVANT,none,high,"Fatigue, dyspnea, palpitations; cardiac somatic",no,False
9b7c7a3c-e482-4912-ab84-a6aa36a6e56c,NOT_RELEVANT,none,high,Pediatric anaphylaxis algorithm; somatic,no,False
40dbc1e6-a7c9-4ef4-9ec3-1710cda6c1ed,NOT_RELEVANT,none,high,Vitamin D supplementation; somatic,no,False
d648c6da-06ca-4615-bb02-fc49cb711a41,NOT_RELEVANT,none,high,MS bee-venom alternative therapy; somatic neuro,no,False
8db4e3dc-b112-4c0a-94e4-1022b1b5f8a9,NOT_RELEVANT,none,high,Omeprazole heartburn management; somatic,no,False
a61cd927-f03e-4e73-9aef-2f7670c4e251,RELEVANT,psychiatric_medication,high,"Stopping venlafaxine, anxiety therapist referral",yes,False
6ef3e0fe-319f-4992-9a45-5ef853a273b8,NOT_RELEVANT,none,high,Pediatric nutrition/celiac visit note; somatic,no,False
4cb4bcf7-7562-4ac2-ab37-330acd0abd7f,NOT_RELEVANT,none,high,Schistosomiasis symptoms; somatic,no,False
46eaacff-b533-4726-abc5-10a7237e5684,NOT_RELEVANT,none,high,Toddler bedtime routine; general wellness,no,False
b45de864-f102-4bde-9d5d-a21ed186ddba,NOT_RELEVANT,none,high,"Episodic blurred vision, somatic/neuro concern",no,False
020af6dd-9800-4a4f-8906-ad089ed76615,NOT_RELEVANT,none,high,"Postpartum insulin dosing, purely somatic diabetes",no,False
03895677-b504-4120-9606-c40cc457d5bf,NOT_RELEVANT,none,high,"Acute mastitis algorithm, somatic",no,False
0ffe624a-dcb9-4171-ae75-f76277131be0,NOT_RELEVANT,none,high,"Cardiomyopathy ICD guideline paraphrase, somatic",no,False
62a59333-2ccb-488b-a4fa-be0caa0ab8a4,NOT_RELEVANT,none,high,"Cat dander allergy note, somatic",no,False
1ca56664-d29c-454e-8656-efa466c61d19,NOT_RELEVANT,none,high,"Double vision/diplopia, neuro-ophthalmic concern",no,False
af1a3735-7f8f-44ac-933c-950f19b77587,NOT_RELEVANT,none,high,"Migraine prophylaxis meds, somatic neurology",no,False
20169ed1-3357-4447-8ec6-5e148d99c315,NOT_RELEVANT,none,high,"Breastfeeding nutrition, no mental health",no,False
5f54e2a8-1d69-4cae-a1e1-81697ebc124d,NOT_RELEVANT,none,high,"Low fever triage, somatic",no,False
4ca1e199-a1eb-4388-972e-2a94989d7cd4,NOT_RELEVANT,none,high,"Mammogram screening age, somatic",no,False
b96d6d40-0b9c-4525-a911-65acb6344af7,NOT_RELEVANT,none,high,"Severe headaches with vision loss, neuro",no,False
e42fd6b4-dfaf-4a2b-9c87-01c12609cb19,NOT_RELEVANT,none,high,"Gout with CKD management, somatic",no,False
f3d72557-8dd0-4eb8-9d6b-adb529e5afbc,NOT_RELEVANT,none,high,"Ear infection antibiotics, somatic",no,False
206d6b73-2983-402c-8515-70f4e032c117,NOT_RELEVANT,none,high,"Hereditary diabetes worry, somatic; worry incidental",no,False
3b10c909-cf82-4c20-ba34-c0ad649a0150,NOT_RELEVANT,none,high,"Tooth sensitivity, dental",no,False
548d946d-8e9d-468f-b88e-b3e976f22d47,RELEVANT,anxiety,high,"Constant anxiety, seeking OTC anxiety remedy",yes,False
66d5f4c3-a677-461e-b46f-d3b15ace9786,NOT_RELEVANT,none,high,"Paraganglioma management, somatic",no,False
afee5234-278d-40f0-bf09-8397f34e78e9,NOT_RELEVANT,none,high,"Travel vaccines, somatic",no,False
0a281c4d-63d6-4ed0-ab1b-19e34a8a23a9,BORDERLINE,cognitive_neuro,medium,"Elderly acute confusion/delirium, neuropsychiatric-adjacent",yes,False
e5725a9f-859f-4ec7-82f2-91c0cc6d790c,NOT_RELEVANT,none,high,"Cataract operative note, somatic",no,False
789ac668-fe78-4469-a43e-9abbc8997f31,BORDERLINE,suicidality_self_harm,medium,"Therapy client took random pills, possible overdose",yes,False
cd556433-efd0-487e-aa10-73aa51c318b5,NOT_RELEVANT,none,high,"Angle-closure glaucoma note, somatic",no,False
92ece8bd-8646-4c8a-a74b-215fcf5e155e,BORDERLINE,substance_use,low,Cannabis in pregnancy; focus fetal outcomes not addiction,yes,False
2a04ae98-72e2-4eae-91fd-8fbf4ba4cb41,NOT_RELEVANT,none,high,"Beach skin bites/larva migrans, somatic",no,False
b3e44f04-d842-4135-a365-76df35f2796f,NOT_RELEVANT,none,high,"Cholesterol drug brands, somatic",no,False
72edb1a2-2c4d-48d9-b4ab-daf3e3c51b39,NOT_RELEVANT,none,high,"Sore flu-shot arm, somatic",no,False
ced9860d-fbcb-4044-9675-133f233bdb57,BORDERLINE,stress_adjustment,low,"Heavy chest 'do i need help', possible anxiety overlay",yes,False
849c8e58-8275-4615-a631-892711f067d5,NOT_RELEVANT,none,high,"Malaria prophylaxis, somatic",no,False
7c63b3f5-dbac-4ac0-9928-7e5a3c780852,RELEVANT,psychiatric_medication,high,Aripiprazole antipsychotic dosing in cirrhosis,yes,False
3042e982-ae48-4fc0-9e37-e1b9d605cd89,BORDERLINE,cognitive_neuro,medium,"Elderly acute confusion, likely delirium/UTI",yes,False
e498830a-6e1a-447b-aeb4-5533bcde03bd,NOT_RELEVANT,none,high,"IV anesthetic sedation agent, not psychiatric",no,False
a627da0d-ebd8-4398-9f80-f48d479109cb,NOT_RELEVANT,none,high,"Stairs vs elevator fitness, no mental health",no,False
70ab03df-97ce-4660-85d1-d9e410302e8d,NOT_RELEVANT,none,high,"Fever stiff neck, meningitis somatic",no,False
59e04db5-83b0-477d-a115-4e2bdf9663ae,NOT_RELEVANT,none,high,"Gastric ulcer omeprazole, somatic",no,False
c5a2b1a2-8a35-4ffe-83d2-134ead00008d,NOT_RELEVANT,none,high,"Swollen tongue breathing trouble, anaphylaxis somatic",no,False
714e74db-61e1-4795-89fc-2402c48b5c5a,NOT_RELEVANT,none,high,"Diabetic mother DKA, somatic emergency",no,False
c4618609-35b7-42ee-a345-89a57cd56e22,NOT_RELEVANT,none,high,"Migraine triptans/prevention, somatic",no,False
c2864471-b010-4538-8ed2-21ee9374f411,NOT_RELEVANT,none,high,"COVID isolation period, somatic",no,False
effcd658-6e73-4638-b0a6-766f26cc809b,NOT_RELEVANT,none,high,"Athlete's foot treatment, dermatologic",no,False
2b553659-978d-4779-b67e-5c4b308016fd,NOT_RELEVANT,none,high,"Autoimmune pancreatitis IgG4, somatic",no,False
0213d460-c468-4bae-8094-298a0d4d58cd,NOT_RELEVANT,none,high,"Allergy OTC medication, somatic",yes,False
49a0943a-7a3d-4fdd-843a-f31aef4f5cc1,BORDERLINE,anxiety,low,"Mild chest pressure, wants death guarantee; health-anxiety overlay",yes,False
562fd100-88b9-4963-bec3-2828ae5cf5e9,NOT_RELEVANT,none,high,"Breast cancer follow-up schedule, somatic",no,False
35c7c8f5-949d-45f8-9629-3f267e8d3888,NOT_RELEVANT,none,high,"Post-op fever workup, somatic",no,False
cfd2e4b8-7aea-45c3-b652-654874c77189,NOT_RELEVANT,none,high,"Trace urine protein, somatic",no,False
3181af0d-98af-4e72-a205-dc197e375f4c,NOT_RELEVANT,none,high,"Multiple sclerosis infusion therapy, neuro somatic",no,False
8130e6d8-8d96-46e2-a8de-973e971fd3fa,NOT_RELEVANT,none,high,"Positional vertigo, ENT/somatic",no,False
dbf06b88-662b-49dd-b2fa-a09f0d921832,NOT_RELEVANT,none,high,"Ectopic pregnancy viability, somatic",no,False
591ba557-39cb-46a0-82e9-a58510c997a6,NOT_RELEVANT,none,high,"Newborn vaccine schedule, somatic",no,False
f8a2dfa0-1e04-4f10-95f3-55cc205d7f44,NOT_RELEVANT,none,high,"Child vaccination schedule, somatic",no,False
774f07a7-1bf4-4e7a-8dd2-78a22d660ef3,NOT_RELEVANT,none,high,"Dental check-up frequency, translation help; no mental-health content",no,False
a538192a-c76f-4014-aadc-05e027d20254,RELEVANT,neurodevelopmental_adhd,high,"ADHD diagnosis, stimulant side effects, nonstimulant medication decision",yes,False
f71efa4b-75c6-40f3-a740-477d92c9d4e4,RELEVANT,mood_depression_bipolar,high,Systematic depression screening protocol PHQ-2/PHQ-9 in primary care,yes,False
dce56f0c-9493-45ed-b4c8-637720deca91,NOT_RELEVANT,none,high,Snake bite antivenom protocol; purely somatic,no,False
d32756fe-992b-4acb-a6ba-09def98a2dd3,NOT_RELEVANT,none,high,Leg swelling diagnosis request; somatic,no,False
7294cc70-b6b7-433e-9080-350ed16884fb,NOT_RELEVANT,none,high,Neck posture pain from phone use; musculoskeletal,no,False
f3a8b8f5-6217-46c7-bf6e-ef23af269cf5,NOT_RELEVANT,none,high,Onion juice hair regrowth; dermatologic,no,False
d8cbf5b5-ae23-4a65-821f-a847a85f3c16,NOT_RELEVANT,none,high,IV vs oral iron in IBD anemia; somatic,no,False
5269522b-6a2d-4a2f-afd9-d338d0a2ff6a,NOT_RELEVANT,none,high,Ear wax buildup management; somatic,no,False
3457eeb6-f429-419a-b8ec-79aabd403adb,NOT_RELEVANT,none,high,"Fever, dengue/malaria concern; infectious",no,False
21c77b15-d0b7-49ef-9e13-daf1f874297a,NOT_RELEVANT,none,high,"Child fever, pharmacy medication; somatic",no,False
8e512b09-c912-4ecb-bdf3-90496931a8e4,NOT_RELEVANT,none,medium,Polio vaccine side effects; ADHD/anxiety only background conditions,no,False
1f102c20-5d1a-45de-a47b-7b6f4ad4acd1,NOT_RELEVANT,none,high,Ocular lymphoma text editing; oncology,no,False
83c6db35-871b-4e0c-afda-90dcc18cca94,NOT_RELEVANT,none,high,"Pollen eye irritation, saline drops; somatic",no,False
269aca7e-f585-4959-9336-08f17be42bd5,NOT_RELEVANT,none,high,H. pylori triple therapy; GI,yes,False
f18c7386-7d2e-4d8d-be0f-3ea78a12186b,BORDERLINE,sleep,medium,"Days without sleep, sleeping pills; sleep without psychological framing",yes,False
74e99583-fb84-4098-ae59-3c6d6ff19e4d,NOT_RELEVANT,none,high,MRSA screening research; infection control,no,False
c39a8f98-2cf8-4b75-964f-2ac5944b4bb0,BORDERLINE,other_mh,low,CFS curability; fatigue with possible psychological overlay,yes,False
7b52ab43-3d89-41ec-afad-2563cf9d4390,BORDERLINE,anxiety,medium,"Knee injury with prominent panic, uncontrollable crying, catastrophizing",yes,False
80c37bab-a71a-4277-b20e-cab8359f4bfb,NOT_RELEVANT,none,high,Pediatric cardiac murmur; 'borderline EF' non-psychiatric,no,False
63e83859-3add-4681-960b-203d8dcafd9c,NOT_RELEVANT,none,high,Chest x-ray cardiomegaly translation; cardiac,no,False
70703d4e-c375-4999-9c4d-7e5d2771532f,NOT_RELEVANT,none,high,"Severe diarrhea/vomiting, cholera; GI infection",no,False
995f3674-5fd0-4fc6-91e5-ebb47e8fda08,NOT_RELEVANT,none,high,Kidney stone pain advice; somatic,no,False
a4d9dace-48af-47f0-be5a-714c7c8b2107,NOT_RELEVANT,none,high,Light dinner after late shift; nutrition/lifestyle,no,False
9ebe029f-0c3f-4c92-86f5-e43d65daabb8,NOT_RELEVANT,none,high,HIV treatment regimen guidelines; infectious disease,no,False
25c07367-c64b-42f2-9304-f38aa014a201,NOT_RELEVANT,none,high,"Religious significance, Tulsi puja, mild headache; no mental-health",no,False
9d6e9def-47bd-4380-821f-f3e461043bda,RELEVANT,suicidality_self_harm,medium,Unconscious roommate beside empty pill bottles signals overdose / possible suicide attempt crisis.,yes,False
085cca9a-1716-4042-8568-c5e90ea50fec,NOT_RELEVANT,none,high,Sotalol dosing in CKD; cardiac/renal,no,False
53e33113-0d44-40f4-b6e0-19c5ba62bcb2,NOT_RELEVANT,none,high,Reiki as RA cure; somatic/alternative therapy,no,False
a1379037-a514-4a77-9658-d0368a09f383,NOT_RELEVANT,none,high,Pregnancy morning sickness remedies; somatic,no,False
59bc747b-09d2-4838-9f76-b34054ae37ff,NOT_RELEVANT,none,high,"Headache, dizziness, nausea; somatic symptoms",no,False
0267a584-8ba6-4aa1-a128-b3b30f5112ad,RELEVANT,mood_depression_bipolar,high,"Sister persistently sad, withdrawn, anhedonia; asks 'low mood'",yes,False
2e543d13-d125-44b2-9947-6eb0b877c386,BORDERLINE,cognitive_neuro,low,"Acute confusion in elderly, possible stroke/heat; delirium adjacent",yes,False
7eff8720-d5a4-49a7-9784-0ca29595f80e,NOT_RELEVANT,none,high,Breast self-exam technique; somatic screening,no,False
9367c926-4152-4113-bfdc-845809b7c097,NOT_RELEVANT,none,high,Weil's disease diagnosis/management; infectious,no,False
1bb29325-9c33-46c5-b222-25764bc19ec2,NOT_RELEVANT,none,high,Rehydration after workout; lifestyle/somatic,no,False
b367d148-d2e2-42a7-9282-0bcc3a82ee04,NOT_RELEVANT,none,high,Insulin therapy workshop references; endocrine,no,False
af2cb812-8885-453a-837a-85e0dfc8105b,NOT_RELEVANT,none,high,"Vitamin A, hepatitis B prophylaxis; somatic",no,False
26df2f76-fe0f-4546-bebc-f98dc1a68ca0,NOT_RELEVANT,none,high,Antithrombotic prophylaxis after hemorrhagic stroke; vascular,no,False
35f0d354-e1e2-4444-97a3-eefc7c1ff276,NOT_RELEVANT,none,high,General exercise benefits; wellness,no,False
219ce007-07fe-44c0-bc0c-079f1f4456ee,NOT_RELEVANT,none,medium,"Headache/fever/confusion, Japanese encephalitis; infectious, confusion symptom",no,False
6d48ff30-6902-4b19-80d6-e140509825c9,NOT_RELEVANT,none,high,"Postpartum contraception choice; reproductive, not perinatal MH",no,False
6f1afc5d-26bd-4e97-bf7b-34784cecacca,NOT_RELEVANT,none,high,Left upper quadrant fullness differential; somatic,yes,False
019a9158-6afa-4b15-9b05-163eb4a53be8,RELEVANT,psychiatric_medication,high,Raising antidepressant dose for persistent anxiety,yes,False
8e437edb-04b1-4a73-bad8-ce050a559e91,NOT_RELEVANT,none,high,Sickle cell disease features and management; hematologic,no,False
888cbbbc-0b78-475c-a8cc-9b4eb498db2f,NOT_RELEVANT,none,high,Chest pain ePCR risk assessment; cardiac,no,False
5c175ed0-1c9d-4445-b7d6-2bb066a9cd55,NOT_RELEVANT,none,high,Hypothermia rewarming protocol translation; emergency somatic,no,False
c403b14b-f0e2-453d-97b8-38e04d59845a,NOT_RELEVANT,none,high,"Advanced cancer patient pain spike, syncope; palliative somatic",no,False
961afb6f-ae95-474d-b736-292cfa0592a9,NOT_RELEVANT,none,high,Antibiotic cure-all claim verification; infectious disease,no,False
05ea4e58-d548-4f5b-b094-c7ec3559ccc3,NOT_RELEVANT,none,medium,"Suspicious bruises in child; safeguarding/somatic, not mental-health",no,False
7e53b35d-3fc4-4a78-af47-098f1e4d1a65,NOT_RELEVANT,none,high,"Abdominal pain, hematemesis; purely somatic GI emergency",no,False
09c2faf6-a0be-41a7-a491-0e687a3c328c,NOT_RELEVANT,none,high,"Bleaching creams, steroids; dermatologic/regulatory query",no,False
77a0c03b-aeed-44ec-ab5b-9d95916da8b5,NOT_RELEVANT,none,high,Diabetes medication dosing in renal disease; somatic,no,False
3f468d97-009d-43f9-9e31-b121106c50cc,NOT_RELEVANT,none,high,"Ankle sprain, yoga; orthopedic",no,False
15356e43-5d0d-44cb-a67f-9acadb051d1e,NOT_RELEVANT,none,high,"Weight-loss injection; metabolic/wellness, no mental-health focus",no,False
224d3083-b590-4f3b-8047-69f9de0118a4,NOT_RELEVANT,none,high,Immune pneumonitis oncology guidelines; somatic,yes,False
c7f8615a-fff9-45c0-b797-4171af9dc836,NOT_RELEVANT,none,high,"Hand numbness, stroke risk; neurological/somatic",no,False
fa64556e-ff85-42c5-810b-7ee65c47cf57,NOT_RELEVANT,none,high,"Sinus infection, antibiotic use; somatic",no,False
48246dd6-90b5-4a35-9047-ec9d0f259f4d,NOT_RELEVANT,none,high,Normal colonoscopy finding; somatic,yes,False
d4a9ebff-aaaa-422f-b071-f8b2608c0275,NOT_RELEVANT,none,high,Tetanus booster timing; vaccination/somatic,no,False
c642798f-b2a3-4b26-8950-a3cffa17dc4a,NOT_RELEVANT,none,high,Routine preventive screening summary; no psychiatric content,no,False
87a1f5fe-f6da-40d7-b23c-eab2a65b0965,NOT_RELEVANT,none,high,Common cold; somatic,no,False
ce739479-a9b6-433b-a005-572205fc23ef,NOT_RELEVANT,none,high,Paragonimiasis infection; somatic infectious disease,no,False
45ff7ce0-e47d-4d21-8636-d5bbd86a8254,NOT_RELEVANT,none,high,Allergy testing access; somatic,no,False
313d58b3-e2ae-4742-9fd8-4e7c8cd1d87b,NOT_RELEVANT,none,high,Novel virus outbreak info; infectious disease,no,False
78c8db9d-f735-4c04-b9d8-c1e344c00b60,NOT_RELEVANT,none,high,Severe stomach pain urgency; somatic,no,False
bed4f9d4-f4c3-4cba-b46c-250fc6475ff5,NOT_RELEVANT,none,high,Sunscreen UV protection; wellness,no,False
c26a74e5-ef86-4659-91d0-60fd1d776018,BORDERLINE,sleep,low,Mild insomnia query without psychological framing,yes,False
2f859e40-ffc6-4765-98a2-8c645868057f,NOT_RELEVANT,none,high,"Lightheadedness, dizziness, blurry vision; somatic",no,False
e327e8f4-0a4e-4054-a0d4-9bb4035d31bb,RELEVANT,neurodevelopmental_adhd,high,Starting stimulant treatment for newly diagnosed pediatric ADHD,yes,False
2fe82821-a590-4ac4-9f23-51f96fd69651,NOT_RELEVANT,none,high,Asthma classification and management; somatic,no,False
4c9a7f3d-17ea-4bcd-8509-34e3dc6a1ac5,NOT_RELEVANT,none,high,Arm burn ER question; somatic,no,False
08fdc56d-a23c-4b03-bfab-0e91a089c45c,RELEVANT,perinatal_mh,high,Postpartum depression admission H&P; perinatal mental health,yes,False
9d750efc-1df5-4e3c-b4b8-2de656e7d7ec,NOT_RELEVANT,none,high,Migraine medication; somatic/neurological,no,False
d96e89c3-dc03-4599-870b-e029d10f98bc,NOT_RELEVANT,none,high,Skipping breakfast; nutrition/wellness,yes,False
b99b92ee-71bd-4dcd-9641-7240c1696058,NOT_RELEVANT,none,high,Colon cancer screening history; somatic,no,False
c276e01e-4084-4250-bacc-26b7a7062db4,NOT_RELEVANT,none,high,"Non-healing foot ulcer, diabetes; somatic",no,False
fff04e7b-bead-4a4a-b68a-10944f6468ed,NOT_RELEVANT,none,high,"Cold medication combination, dizziness; somatic",no,False
ab791255-e1c6-4f52-af44-27113c25c6b0,RELEVANT,neurodevelopmental_adhd,high,"ADHD stimulant side effects, formulation/non-stimulant switch",yes,False
da648db1-b9bb-4405-bef1-9dc137bb87e4,NOT_RELEVANT,none,high,T1 diabetes CGM pump settings; somatic,no,False
a95c1682-e062-4832-9fb4-adac399fb34b,NOT_RELEVANT,none,high,Abdominal pain nausea after eating; somatic,no,False
45e2972b-e744-4adb-b5b2-546f2c23129c,NOT_RELEVANT,none,high,Jogging routine safety; fitness/wellness,no,False
fff14147-ed2a-449b-9d23-9428b543bd86,NOT_RELEVANT,none,high,Atrial fibrillation cardioversion guidelines; cardiac,no,False
c4d4071e-7fb9-417a-ae96-bb86a79e6f63,NOT_RELEVANT,none,high,CABG vs PCI in diabetic coronary disease; cardiac,no,False
f5bd2b81-a964-44da-a3e6-2d5a242fe12c,NOT_RELEVANT,none,high,Neti pot nasal rinse instructions; somatic,yes,False
e62186a2-4c77-4048-aec5-39913bc6ef5a,BORDERLINE,stress_adjustment,low,"End-of-life sedation worry; anxiety overlay, primarily palliative",yes,False
8200ccf7-6a18-4b48-814b-31fba02ee2aa,NOT_RELEVANT,none,medium,Generic postpartum progress note; no mental-health content,no,False
e5f16115-6b38-475b-9615-f0b918b393df,NOT_RELEVANT,none,high,Child eczema steroid cream strength; dermatologic,no,False
f972865f-e25b-43bc-afd3-898e5b33e203,NOT_RELEVANT,none,high,Anaphylaxis epinephrine management; somatic,no,False
26a6182b-9b03-41c9-9cec-bc938f184af8,NOT_RELEVANT,none,high,Subcutaneous emphysema decompression; somatic procedure,no,False
2d85d875-3e80-4101-8fad-17ba6df771a5,NOT_RELEVANT,none,high,Neonatal surfactant therapy research; somatic,no,False
af0bd991-beae-4c3f-b452-456acff72259,NOT_RELEVANT,none,high,"Lead screening, paint exposure; somatic",yes,False
be6edf85-7494-4b77-baf9-307639ebde98,NOT_RELEVANT,none,medium,Health-fad terminology and blue-light claim; not psychiatric,no,False
34b5d002-2358-4f0a-b392-21f229766ba2,NOT_RELEVANT,none,high,"Stomach pain with spicy food, ulcer vs intolerance; GI",no,False
d00c8007-4a55-4419-80dd-a29f097ebad9,NOT_RELEVANT,none,high,Chest trauma after car crash; somatic emergency,no,False
5dc0a7cb-4de8-4266-bb6b-0d230188cca9,NOT_RELEVANT,none,high,Blood test interpretation; somatic,no,False
f713e4d7-ac0a-444c-af4c-25538ad722f1,NOT_RELEVANT,none,high,Fever temperature threshold; somatic,no,False
e76b6986-802a-4ffc-bf2c-4cf248f74efd,RELEVANT,substance_use,high,"Daily oxycodone use, wants to stop, withdrawal worry",yes,False
122f0795-5f3f-43dd-8d69-a75253d03fb6,NOT_RELEVANT,none,high,"Shellfish allergy, epipen; somatic",no,False
65d95297-4d4c-4958-9ded-b2109f58af11,NOT_RELEVANT,none,high,CPT code for chemo infusion; administrative/oncology,no,False
1cb7de75-2281-41fa-8bb6-1f3447885433,RELEVANT,mood_depression_bipolar,high,Seasonal depression (SAD) is central question,yes,False
2b394e29-ba3b-42ff-9dbb-f8f46d909eac,NOT_RELEVANT,none,high,"Post-knee-surgery exercise regimen, purely orthopedic",no,False
eb1d97c2-659f-4331-89df-5a24c40b1a09,NOT_RELEVANT,none,high,"Pediatric anaphylaxis emergency, no psychiatric component",no,False
c48f892c-2661-406f-af4f-46dabfa78e72,NOT_RELEVANT,none,high,"HIV post-exposure prophylaxis, infectious disease",no,False
880b42e8-ebb3-4df7-b553-f2e9ea44871e,NOT_RELEVANT,none,high,"Muscle supplements for weight gain, fitness",no,False
fbbe41b1-66cf-4b4b-a5ec-58f691ec0a03,NOT_RELEVANT,none,high,"Latent TB treatment regimen, infectious disease",no,False
c26060a0-5b17-4073-8e22-c7156c771f38,NOT_RELEVANT,none,high,"Dislocated shoulder injury, orthopedic emergency",no,False
cc5d20d6-33c7-4d77-bfbe-7e2727893b22,NOT_RELEVANT,none,medium,"Cough syrup-energy drink interaction, jitteriness somatic",yes,False
6a7f1844-d582-4d34-b7db-d7a4fa222eca,NOT_RELEVANT,none,high,"Random tasks ending in vision loss, no psych",no,False
9adbe85d-2f8a-4d97-a14c-d28ab90712cd,BORDERLINE,psychiatric_medication,low,"Grammar rewrite task, content is lithium/mania notes",yes,False
16681bc2-ddf0-455d-85c9-adfcb3296f7c,NOT_RELEVANT,none,high,"Epilepsy medication tapering, neurological not psychiatric",no,False
a862fa5f-a72d-403f-9a0e-56f991e5d260,NOT_RELEVANT,none,high,"Raw milk safety, nutrition",no,False
7110794d-ba8f-4f06-8d1f-f3f874843ef7,NOT_RELEVANT,none,high,"HIV post-exposure prophylaxis selection, infectious disease",no,False
250d2bad-0bb3-43a8-93cc-38390da813d9,BORDERLINE,psychiatric_medication,low,Admin summary task about psychiatry consult/medication,yes,False
952c0b6e-d3b1-4db9-833e-97d3e95bb748,NOT_RELEVANT,none,high,"Pediatric obesity note restructuring, no psych focus",no,False
707703b8-e0d3-4ed0-82e1-b0291c8cd97e,NOT_RELEVANT,none,high,"Chemo nausea, sound bath, oncology",no,False
ca9307c4-6a12-4f71-8630-4d6284bab914,NOT_RELEVANT,none,high,"Child tummy ache, gastrointestinal",no,False
894ccb60-dbd0-4307-9dfa-f56a795b8875,NOT_RELEVANT,none,high,"Cardiac stress test after stent, non-psychiatric",no,False
5b8beee7-64f0-4c3c-b252-2f9d0e80396b,RELEVANT,mood_depression_bipolar,high,"Feeling down weeks, sertraline antidepressant prescribed",yes,False
15eee613-6c48-4518-875f-f15df5a600cf,NOT_RELEVANT,none,high,"Postpartum hemorrhage, obstetric emergency",no,False
a33485e1-e1df-49b8-a892-d493083260b1,NOT_RELEVANT,none,medium,"Dizziness all day, somatic complaint",no,False
97580454-b4fe-44c2-b2d5-e9229c3f4b4a,NOT_RELEVANT,none,high,"Snakebite management, toxicology",no,False
83420b8b-5887-414e-a907-388ae1984800,NOT_RELEVANT,none,high,"Hypertension treatments, cardiovascular",no,False
4f097549-151a-4844-899a-3c3db5d3bad8,NOT_RELEVANT,none,high,"Fertility after 35, IVF, reproductive",no,False
c2393559-9e6c-44c3-bf08-bef69b356447,NOT_RELEVANT,none,high,"Blood pressure reading interpretation, cardiovascular",no,False
be4cc988-00a9-42f7-bdb5-16c22094d3a6,NOT_RELEVANT,none,high,"Lisinopril-herbal interaction, hypertension medication",no,False
cc35b951-3bf4-4c94-84ed-32487f2008cd,NOT_RELEVANT,none,high,"Pneumonia antibiotic choice, infectious disease",no,False
ef4843da-af77-486a-ba9c-f5c9a48077fd,NOT_RELEVANT,none,high,"Red scaly chest patch, dermatology",no,False
41b64212-3a35-4811-8608-19920363be4d,NOT_RELEVANT,none,high,"Healthy plate proportions, nutrition",no,False
bf5e7971-3a4b-480f-b03e-5be74907d0c0,NOT_RELEVANT,none,high,"Hair thinning, scalp massage myth, dermatology",no,False
d20866ad-d1f8-45ba-bd96-908d2dbe6b20,NOT_RELEVANT,none,high,"Infant feeding during flu, pediatric",no,False
0268c1d2-5a1c-4bf9-8aba-26fd3ecb1b71,NOT_RELEVANT,none,high,"Advanced cancer therapy prognosis, oncology",no,False
8bac6ce8-dd5c-442c-a561-916ca0fdbb1f,BORDERLINE,cognitive_neuro,medium,"Delirium causes in elderly, neuropsychiatric presentation",yes,False
b2ca2eee-93fb-4ad9-a0ae-2473d79d6e04,NOT_RELEVANT,none,high,"Open chest stab wound, trauma emergency",no,False
19a0d0f3-cb5c-4688-b713-4ce8d36ad7a1,NOT_RELEVANT,none,high,"Malaria prophylaxis medications, travel medicine",no,False
b7463adc-9f85-4106-986a-a47af7af0a8b,NOT_RELEVANT,none,high,"TB staging and diagnosis, infectious disease",no,False
d608127c-ac7f-4fd6-90de-8b2103259468,NOT_RELEVANT,none,high,"Tylenol dosing for child fever, pediatric",no,False
67545df8-5d12-42a3-8544-ca9adca61544,NOT_RELEVANT,none,high,"Mosquito bite itching, dermatology",no,False
e2962a9d-9dd2-4018-aed5-33cb4be36cd9,NOT_RELEVANT,none,high,"Hematology note conversion, administrative",no,False
6bfbc93b-aa1c-4f3f-8692-131acf1ce0b1,NOT_RELEVANT,none,high,"Dog scratch rabies assessment, infectious disease",no,False
8a4945ed-0971-492f-a42c-2c26c7c76409,NOT_RELEVANT,none,high,"Malaria ACT dosing update, infectious disease",no,False
077873db-bd32-4aed-bcfb-3eb36bdfc13b,NOT_RELEVANT,none,high,"FMT for ulcerative colitis, gastroenterology",no,False
14e966fb-ae5c-4a2d-a604-f68360ffeeab,NOT_RELEVANT,none,high,"Sepsis management presentation, critical care",no,False
342f57fd-d5a4-4217-9a20-a56ad03175d4,NOT_RELEVANT,none,high,"Buying blood pressure machine, device/logistics",no,False
f0abf914-9edd-418a-876a-7dcd4e49459f,NOT_RELEVANT,none,high,"Gene therapy for familial hypercholesterolemia, lipids",no,False
170e7b7e-4fdf-4dae-baf4-ad1ad6417755,NOT_RELEVANT,none,high,"Sudden flank pain radiating to leg, somatic",no,False
7665841a-edc3-4b28-bad4-259f86fbb49b,NOT_RELEVANT,none,high,"ACL/meniscal tear assessment, orthopedic",no,False
135b1d16-4408-40d8-95d6-b11bfab3643c,NOT_RELEVANT,none,high,"Snake bite immediate care, toxicology",no,False
95bb3d4b-e761-4821-9242-3b68bb6a650b,NOT_RELEVANT,none,high,"Endocrine ward inpatient note, administrative",no,False
bcda6dfc-b4fa-42f1-96af-2e751fd1222f,NOT_RELEVANT,none,medium,"Hand tremors, explicitly not stress, neurological",no,False
cf444de7-2a84-4bca-a29e-105bb26cb743,NOT_RELEVANT,none,high,"Morphine dosing in cirrhosis, somatic pain management",no,False
5c0257b8-673e-453d-974d-afe1fd636339,NOT_RELEVANT,none,high,"Hemoptysis differential, purely somatic",no,False
f52312c1-34e0-4cd8-ab9a-64bc0ab995d4,NOT_RELEVANT,none,high,Cardiac ectopic beats question,no,False
3f76b096-e987-4596-b004-b189c965eeb4,NOT_RELEVANT,none,high,"Rehydration after workout, lifestyle",no,False
1c75f6cf-5ee7-49f7-9b4e-ccc4f902fead,NOT_RELEVANT,none,high,Infant vaccination schedule,no,False
199bfef5-637b-448f-9a23-68fcff5826b6,NOT_RELEVANT,none,high,Kidney disease dialysis access,no,False
3dcdf1e5-ea7b-4d24-89b1-1a97b20787af,NOT_RELEVANT,none,high,"Diabetic foot care, podiatry",no,False
c87abc33-34a7-43a9-8d4a-6a3043842b82,NOT_RELEVANT,none,high,"Q fever endocarditis treatment, infectious disease",no,False
25f62447-e53a-49e6-835f-cf5d91531166,NOT_RELEVANT,none,medium,"Mild dizziness, somatic symptom",no,False
f70f7aa5-f080-4c00-baf9-bbe8cee9744e,NOT_RELEVANT,none,high,Altitude sickness prophylaxis for athlete,no,False
f8b83374-e18d-4734-9dd8-9b4cb9eb69f0,NOT_RELEVANT,none,high,"Bladder pain, urinary, somatic",yes,False
b0ae4413-edaf-4a62-937f-0815805a6e67,NOT_RELEVANT,none,high,"Vertigo/spinning sensation, somatic",no,False
d3c8df71-177a-40fe-9715-2a975e4f9fab,NOT_RELEVANT,none,high,"Zika follow-up, infectious disease",no,False
dcc1d41d-a570-410b-9d63-e2d0ea13ea54,NOT_RELEVANT,none,high,AI cancer screening accuracy question,no,False
40a43006-486c-4d7a-8e16-641a76896765,NOT_RELEVANT,none,high,"Eye strain, screen use, somatic",no,False
65e8928f-c10d-40d1-a215-600680f64e1e,NOT_RELEVANT,none,high,"Acute neck stiffness/pain, somatic emergency",no,False
9f2b1399-9a45-4702-a413-cf7362f48ed5,NOT_RELEVANT,none,high,Lower back pain stretches,no,False
1c4aa379-d5af-4aff-9b2d-798df40a4f02,NOT_RELEVANT,none,high,TB antibiotic regimen,no,False
e7b36b12-72e4-40b4-aadd-1458dab9d6b3,NOT_RELEVANT,none,high,Vaccine passport administrative question,no,False
b3f03076-d68a-4740-8b02-f342b35f2f6c,NOT_RELEVANT,none,high,"Dose adjustment cirrhosis shorthand, somatic",no,False
3e5af183-665d-4cbd-93f8-8b8dff722a3c,NOT_RELEVANT,none,high,"Fainting/unconscious medical emergency, somatic",no,False
ff2f72c2-c95f-4a5e-b5b0-ef59b1c3931d,BORDERLINE,cognitive_neuro,medium,Dementia/Donepezil context but focus is urinary retention side effect,yes,False
472251ad-dd7a-4ea9-965a-37dc12ae1cc2,NOT_RELEVANT,none,high,Intermittent fasting with type 1 diabetes,no,False
03e92ddc-cd67-46e0-95f8-1df17ff0ec54,NOT_RELEVANT,none,high,"Plantar fasciitis insole claim, somatic",no,False
0e561b0a-fc43-481b-a034-2c951cb52fc8,NOT_RELEVANT,none,high,"Migraine mechanism and relief, neurological/somatic",no,False
fc9e0961-2fc9-4ae5-a9b2-7cc98c6806a5,NOT_RELEVANT,none,high,"Earwax removal, somatic",no,False
00eda329-6244-4583-9848-97835b3855f1,BORDERLINE,cognitive_neuro,low,"Inherited neurological disease, unspecified, psychiatric-adjacent",yes,False
e4617ca1-9c98-455a-abc7-3afdbdf689ac,NOT_RELEVANT,none,high,"Leishmaniasis prevention pills, infectious disease",no,False
48787d32-fe21-4a6d-8eec-d81002273cfe,NOT_RELEVANT,none,high,ECG interpretation study guide,no,False
62241b47-33f5-4608-981e-635ee507685f,NOT_RELEVANT,none,high,"Bleach injection misinformation, somatic",no,False
56f946ec-8077-4a93-bb73-92da5cbc253e,NOT_RELEVANT,none,medium,"Child procedural sedation, fear of procedure not clinical anxiety",no,False
309e5fee-8343-4087-a495-02d7dddf80fa,NOT_RELEVANT,none,high,"Prior authorization document for orthotics, administrative",no,False
7558237f-34c5-475e-b6a2-ea9bbccf90d4,NOT_RELEVANT,none,medium,"Bedwetting alarm, enuresis device, somatic/behavioral",no,False
bf595366-6cfe-4928-86c3-519fec957889,NOT_RELEVANT,none,high,"Nocturia with BPH, antihistamine question",no,False
74d92f2a-1950-48c3-90f7-ebdc52139705,NOT_RELEVANT,none,high,"Lactation support guidelines, perinatal but not mental health",no,False
a804a335-f84a-40d8-ae48-f22dac1168f5,RELEVANT,perinatal_mh,high,"Postpartum depression symptoms: sadness, worthlessness, sleep, crying",yes,False
92355c7b-20b1-4741-8528-f07f2f9e7365,NOT_RELEVANT,none,high,"Toddler picky eating, multivitamin, nutrition",no,False
118ddcf8-c6d0-4931-b03c-0f70b9154764,NOT_RELEVANT,none,high,"Sunburn, dermatologic",no,False
2638b3a5-dec5-4017-8191-1936987bf360,NOT_RELEVANT,none,high,"Postpartum hypertension check-up frequency, somatic",no,False
11b9bb06-5bdb-4a05-b201-115e0b02365f,NOT_RELEVANT,none,high,"Head trauma evaluation urgency, somatic emergency",no,False
f77526f5-3fc7-43cc-9235-0947587bb2fb,NOT_RELEVANT,none,high,"Xenotransplantation timeline, somatic/futurology",no,False
53ba4e6b-3fed-4a69-b552-df1aba2bda09,NOT_RELEVANT,none,high,Eye exam frequency recommendation,no,False
b7e62a90-7108-4d53-baef-0ddc8f5006f2,NOT_RELEVANT,none,high,"Bone density scan frequency, postmenopausal screening",no,False
3ffbe54b-d209-4373-911c-9e6a3f99a23d,NOT_RELEVANT,none,high,Methotrexate dosing for RA with liver enzymes,no,False
edfedeeb-8f5e-40d2-b85b-5705c3159fa1,NOT_RELEVANT,none,high,"Thyroid nodule TIRADS, endocrine/somatic",no,False
3d7ed854-060b-4565-9ad0-7e2c76a28bf2,NOT_RELEVANT,none,high,Familial hypercholesterolemia lipid management,no,False
2e26e891-379e-4a51-8772-b04348c2cc5a,NOT_RELEVANT,none,high,"Peanut allergy, epipen, plus grammar correction",no,False
e9b1a3f9-9d78-4fb7-a6a8-e2eb0d43d224,NOT_RELEVANT,none,high,Appendicitis surgery vs medication,no,False
ae24bbe3-bde3-472e-afb9-2c5af9ca0f59,NOT_RELEVANT,none,high,Type 1 vs type 2 diabetes question,no,False
70ed8751-0221-41b9-84a5-6f3b3ccbc667,NOT_RELEVANT,none,high,"Leg numbness/tingling/weakness, neurological/somatic",no,False
b2f4a7e9-7399-43d1-8b73-b3822af003f8,NOT_RELEVANT,none,high,"Cholesterol/statin question, purely somatic cardiovascular",no,False
1d574061-a236-44b8-8f99-3d33524a8c97,NOT_RELEVANT,none,high,"Pediatric UTI imaging decision, somatic",no,False
29068292-297c-4ca3-a1c8-5f3864db248c,NOT_RELEVANT,none,high,"Ulcerative colitis, GI somatic",no,False
10a85f6e-d09c-437d-aee0-d5286e025ebd,NOT_RELEVANT,none,high,"Probiotic for preterm NEC, somatic",no,False
06a2fe5f-6697-4324-856f-8958b1d230e4,NOT_RELEVANT,none,high,"Kidney stone pain, somatic",no,False
6a23ab39-d036-4f3d-8aa3-ef7733543e56,NOT_RELEVANT,none,high,"Migraine dietary triggers, somatic",no,False
7e7040bf-29d7-4e11-94a2-96fb7991cccd,NOT_RELEVANT,none,high,Afib note rewrite; stress mentioned incidentally,no,False
5bcbb8f7-25ed-4191-826b-9fe19b51ba87,NOT_RELEVANT,none,high,"Diabetes guidelines query, somatic",no,False
1e33538a-a317-4871-8370-c1ba72036b27,NOT_RELEVANT,none,high,"Celiac serology email, somatic",no,False
ef9d43b4-0f27-4812-ad3e-a2ffff26ef8e,NOT_RELEVANT,none,high,"Neonatal jaundice question, somatic",no,False
9a1ae259-57ca-4da3-bb26-3a446293ab7e,RELEVANT,psychiatric_medication,high,"ADHD stimulant medication refill, psychiatric medication",yes,False
a1a1621c-60a2-45e9-89ba-ab5303e78b2d,NOT_RELEVANT,none,high,"Vaccination schedule, somatic preventive care",no,False
c0b746b0-8209-4504-b8a3-59251db480e2,NOT_RELEVANT,none,high,"Tumor immunohistochemistry markers, somatic",no,False
f995d5cc-b64b-44fd-bf1d-205ec05004d1,NOT_RELEVANT,none,high,"Collapse/CPR emergency, somatic",no,False
83d0cd88-fafd-481b-aeab-da2f96818c2c,BORDERLINE,stress_adjustment,low,"Lab interpretation but prominent health anxiety, can't sleep",yes,False
e89045f5-88e7-4825-b1bb-5e3f53e73c3a,NOT_RELEVANT,none,high,"MyChart lab message admin task, no psychiatric content",no,False
d9663107-0568-4362-bc41-00ecaf95e30f,BORDERLINE,psychiatric_medication,low,Diphenhydramine for insomnia/anxiety; geriatric falls focus,yes,False
bcd82873-80f1-4535-9776-208e1aeb70f3,NOT_RELEVANT,none,high,"Syncope/fainting, somatic",no,False
160d2312-e44f-4b95-8af0-cb42fa4b4404,NOT_RELEVANT,none,high,"Migraine acupuncture, somatic",no,False
a865430f-40d1-40f5-9b61-cfcb9dffbbd9,NOT_RELEVANT,none,high,"Antibiotic side effects, somatic",no,False
9cff2a32-2cfa-4d6d-b0b2-0a2b14d60ef1,NOT_RELEVANT,none,high,"Blood pressure tracking table, somatic",no,False
7f68e947-e990-450e-a7e9-752d3c4058a3,NOT_RELEVANT,none,high,"Allergy/epinephrine dosing, somatic",no,False
b2807161-d986-4a11-b69d-f3e50099d44e,RELEVANT,substance_use,high,"Smoking cessation with varenicline, behavioral-health",yes,False
0919f6e2-c241-4b1b-95ad-2509c6f0a76f,BORDERLINE,other_mh,low,"Appearance preoccupation, anxiety, losing sleep; possible body dysmorphia",yes,False
67bdb49b-5e77-4be0-bd51-3f0cd215168d,NOT_RELEVANT,none,high,"Pediatric stomach burning, GI somatic",no,False
5592ea39-a812-41a4-8ff6-f836396ec2af,NOT_RELEVANT,none,high,"ICU sedation/infection management, somatic",no,False
07505853-1f79-4702-8a9a-85e359aa4845,NOT_RELEVANT,none,high,"Gestational diabetes insulin, somatic",no,False
b982e359-4569-4c02-834c-54eb90de25e0,NOT_RELEVANT,none,high,"Troponin guidelines, somatic cardiac",no,False
97799e26-d298-4965-a2b3-83ccc82928c3,NOT_RELEVANT,none,high,"Tinnitus after concert, somatic",no,False
f38f75e5-73a8-4743-a7d8-b02a06bdebf8,BORDERLINE,anxiety,medium,"Back strain with prominent catastrophizing, can't stop worrying",yes,False
b45bd42c-064d-4d53-ab8f-d91129751cdf,BORDERLINE,sleep,medium,"Insomnia 3 nights, seeking sleep medication, no psych framing",yes,False
2cf872b4-3094-4f72-9da4-e249ec71d362,RELEVANT,perinatal_mh,high,"Postpartum depression treatment, sadness and guilt",yes,False
3af15d2d-7eb5-4bd8-902f-5986ac790c4e,NOT_RELEVANT,none,high,STI testing access; paranoia used non-clinically,no,False
cdcf4a1a-0571-48c7-8162-616dba6bae80,NOT_RELEVANT,none,high,"Sunburn care, somatic",yes,False
ce7fcd80-44fd-48ca-a86d-811719fc2167,NOT_RELEVANT,none,high,"Recurrent strep, colloidal silver, somatic",no,False
1f1f563f-7916-4518-8f0b-c34859bbebeb,NOT_RELEVANT,none,high,"Child fever/sore throat triage, somatic",no,False
92cd81a1-9514-4eaa-8566-b4f2aeb31f1c,NOT_RELEVANT,none,high,"Covid booster eligibility, somatic",no,False
71b563f1-3759-4128-a9df-03c6fabbaf47,NOT_RELEVANT,none,high,"Child cystic fibrosis, somatic",no,False
6d53b453-11c7-40b0-816b-3fcc28364db2,NOT_RELEVANT,none,high,"Genital discharge/gonorrhea, somatic",no,False
b9a0a4fc-a88b-410c-850b-7abcf282b919,NOT_RELEVANT,none,high,"Elbow tendonitis, ortho somatic",no,False
2fb6f20c-ccf7-48a6-8ea6-ff1d5b0fc43e,NOT_RELEVANT,none,high,"Resistant TB treatment, somatic",no,False
61ba47c2-99f7-4f3e-9348-bcaeaa5556a9,NOT_RELEVANT,none,high,"Child choking emergency, somatic",no,False
3a12db90-df1e-46e7-8986-dc8d04391492,NOT_RELEVANT,none,high,"Postpartum hypertension management; stress mentioned, somatic focus",no,False
352832df-973e-4468-956b-13f2df962bb6,RELEVANT,perinatal_mh,high,"Postpartum mood, crying for no reason, seeking help",yes,False
766ed297-e166-401a-b7e2-e2c1ebfcfb4e,NOT_RELEVANT,none,high,"Pain rating documentation, somatic",no,False
24730d08-767f-4670-a024-cd6cb2afcd90,NOT_RELEVANT,none,high,"Minor cut wound care, somatic",no,False
e6668886-3485-412d-b894-e766639155d2,NOT_RELEVANT,none,high,"CBC report plus chest sensation, somatic",no,False
61a5b77e-6c26-4425-97ba-378aa7d20d67,NOT_RELEVANT,none,high,"Faith healing for eczema, somatic",no,False
5c7b5daa-6d75-48d0-a954-c037b70d251f,NOT_RELEVANT,none,high,"Normal body temperature question, somatic",no,False
902292ca-308b-469d-8cbf-6a7bcf69364a,RELEVANT,mood_depression_bipolar,high,"Major depression diagnosis, wants best medication",yes,False
18650d65-5986-42fb-910b-872d6ee2849b,NOT_RELEVANT,none,high,"Pediatric Hib infection treatment, purely somatic",no,False
f4305156-36c2-40b3-a69a-2e07b569ff74,NOT_RELEVANT,none,high,"Intestinal worms, somatic GI complaint",no,False
aab444b5-fa2e-4c45-b7c3-0706ae44cf16,NOT_RELEVANT,none,high,"Malaria prophylaxis for travel, somatic",no,False
82c50caa-b8e8-47fc-919c-2a8750840a94,NOT_RELEVANT,none,high,"Avian flu in poultry and humans, infectious disease",no,False
36b37e20-b104-4cec-9f9d-bae4915af3c5,NOT_RELEVANT,none,high,"Post-dental-extraction bleeding, somatic",no,False
4fe99a33-47f6-4703-8ade-89b25a7301f6,NOT_RELEVANT,none,medium,"Psilocybin for headache prophylaxis, not psychiatric indication",no,False
c702c007-7788-4ccf-bae2-0a30d7358895,NOT_RELEVANT,none,high,"Chronic back pain, exercise request, somatic",no,False
1bf80b9f-a4db-451a-a0dc-1d7df9a0fd02,NOT_RELEVANT,none,high,"Orthopedic screw torque, surgical question",no,False
3c829e50-4650-472c-bd8a-b0d6f6aa2588,NOT_RELEVANT,none,high,"Stroke warning signs, neurologic emergency not psychiatric",no,False
59dec523-03c1-4c91-938a-dba70bb641ff,NOT_RELEVANT,none,high,"Herbal migraine cure endorsement, somatic",no,False
d156852d-70b1-4270-a815-fa6a8258fad1,BORDERLINE,sleep,medium,Week of insomnia without explicit psychological framing,yes,False
98b6d59c-1755-4521-9085-864a1d2ede71,RELEVANT,mood_depression_bipolar,high,"Bipolar mania triage, psychiatric hospitalization decision",yes,False
43711e87-0966-4576-9455-a812095b6f63,NOT_RELEVANT,none,high,"HIV PEP after exposure, somatic",no,False
93f54838-ec39-40f2-9ea5-b9ab75a28d09,NOT_RELEVANT,none,high,"Bee sting treatment, somatic",no,False
ec002df5-9f45-4d38-856c-92da11b3f0de,NOT_RELEVANT,none,high,"Blood pressure reading concern, somatic; stress incidental",no,False
fdd895e0-7da5-4613-8e87-e19dc479f616,RELEVANT,anxiety,medium,Panic attack relaxation and OTC medication request,yes,False
05b931a8-619e-47ae-b844-a3d276dbe6b5,NOT_RELEVANT,none,high,"Concussion return-to-play protocol, sports medicine",no,False
24c3e1d3-12bf-484f-941a-69d2e91032e1,NOT_RELEVANT,none,high,Dental hygiene brushing flossing,no,False
44b18635-61d8-41c1-bd85-4de7b3e76e56,NOT_RELEVANT,none,high,"Brain tumor surgical approach, neurosurgery",no,False
3205c1f9-8b8c-4a12-aba6-ad95db6d8e5f,RELEVANT,perinatal_mh,high,"Postpartum psychosis question, perinatal psychiatric concern",yes,False
e00202bf-bccc-4b21-b843-07e2e083c90e,NOT_RELEVANT,none,high,"NICU respiratory distress training, neonatal somatic",no,False
c5d95e3b-dad1-4bd3-a0de-a6efe90f0eeb,NOT_RELEVANT,none,high,"Sinus surgery antibiotic prophylaxis, ENT",no,False
e82d9835-e880-4d01-a3bc-25de5956010f,NOT_RELEVANT,none,high,"Sore throat, strep, mono workup, somatic",no,False
ca976526-9bac-476e-8860-9e0914d5fc39,NOT_RELEVANT,none,high,"Postpartum hemorrhage bleeding, obstetric emergency",no,False
30ee4d23-44fb-43cd-8fff-50f3ece3441e,NOT_RELEVANT,none,high,"Endocrinology admission note completeness, no psychiatric content",no,False
1b1a7c32-3342-4686-aeda-7857483ccca2,NOT_RELEVANT,none,high,"Transient stroke/TIA symptoms, neurologic",no,False
41357ab1-6978-4dab-bafa-12669eeb57bb,RELEVANT,psychiatric_medication,high,"SSRI-herbal interactions for anxiety, psychiatric medication",yes,False
e2e23ff7-9eb5-4fb0-b6a8-e7d68f3ab694,NOT_RELEVANT,none,high,"Endocarditis prophylaxis in RHD, cardiology",no,False
647aa9f1-a549-47bb-8a4a-30c400f29f72,NOT_RELEVANT,none,medium,"Brother feels unwell after dinner, vague somatic",no,False
c90227c3-1d62-468e-b497-52fef50395d6,NOT_RELEVANT,none,medium,"Multiple Chemical Sensitivity definition, somatic-environmental",no,False
2480a7d4-bfe9-410a-908d-676c01a403f9,RELEVANT,substance_use,high,"Alcohol withdrawal with hallucinations, delirium tremens",yes,False
f5d6ef4d-4ce5-4efd-af8f-0e0a4db10cb4,NOT_RELEVANT,none,high,"RBC count interpretation, lab curiosity",no,False
7b932ef4-1c31-40e8-b052-bb0077da91bf,NOT_RELEVANT,none,medium,"Morning headaches, somatic; stress mentioned incidentally",no,False
59d48130-8a2d-41a5-a01e-da85dbb8da10,NOT_RELEVANT,none,high,"Severe bleeding from power tool injury, trauma",no,False
1b37c2fb-030f-4c43-8f7f-d137a324b92c,NOT_RELEVANT,none,high,"Itchy chest rash, dermatologic",no,False
ceee4efe-96ae-421b-8a56-bf6a32c592ca,NOT_RELEVANT,none,high,"Itchy arm rash allergic reaction, dermatologic",no,False
99f8c641-22a6-41a7-b172-823c8c900f6f,NOT_RELEVANT,none,high,"Belching and stomach discomfort, GI somatic",no,False
b0d7a2da-c34f-4458-b9ae-1b6f0a2641ed,NOT_RELEVANT,none,high,"Skipping child vaccines, immunization not psychiatric",no,False
169bfb7c-4c19-457c-9723-9d6ca66a9aab,RELEVANT,substance_use,high,"Smoking cessation methods, behavioral-health addiction",yes,False
b757582f-c4de-40cb-8247-7fd8b771a84e,RELEVANT,perinatal_mh,high,"Postpartum depression, worthlessness, antidepressant dosing",yes,False
aea95663-3aab-4ae5-87f8-458dd434c0ad,NOT_RELEVANT,none,high,"Hiker foot swelling, somatic extremity complaint",no,False
08c1ac95-e1ac-4dbe-8e5f-d3ecf0141071,NOT_RELEVANT,none,high,"Malaria prophylaxis rural Kenya, infectious disease",no,False
8852c45b-40b8-4bb6-9de0-a787975d9de8,NOT_RELEVANT,none,high,"Mediterranean diet for heart health, nutrition",no,False
7c26d102-417b-44d1-b1bc-4b1b1caaa590,NOT_RELEVANT,none,high,"Sinus congestion pain, ENT somatic",no,False
3f78043a-5132-478a-833b-4b9eb096aef7,NOT_RELEVANT,none,high,"Newborn metabolic screening tests, somatic",no,False
3be68d9d-ea0d-466f-a3af-03bf08a003ee,NOT_RELEVANT,none,high,"Aloe vera for hearing loss, otologic",no,False
d54a7c7d-dedc-43dd-8e9b-77891e76f131,BORDERLINE,cognitive_neuro,low,"Father staring blankly, sudden altered awareness; neuropsychiatric-adjacent",yes,False
4cb1139e-adf3-4ddd-b2f1-ff400d6e65e5,NOT_RELEVANT,none,high,"Ear candling safety, alternative ear treatment",no,False
c34a4695-4a76-46c9-8034-ccdc1ab53a89,NOT_RELEVANT,none,high,"Pediatric appendicitis admission note, surgical",no,False
7f97be93-263d-413f-84fa-c434e02ac2ac,NOT_RELEVANT,none,high,"Arm tingling, neurologic somatic complaint",no,False
5faff165-3f67-4a92-9c0f-efd3558645ba,NOT_RELEVANT,none,high,"Infant diaper rash, purely dermatologic",no,False
fd59b9c2-4750-453a-a3de-a995220cce04,NOT_RELEVANT,none,high,"Chronic anemia, hematology logistics",no,False
a6ee5bbd-7736-4012-9feb-9b0ce9d3ad65,NOT_RELEVANT,none,high,"Dental hygiene, brushing/flossing",no,False
4d4403b8-0960-4133-8f14-fe5f19f9307e,NOT_RELEVANT,none,high,"Infected leg wound, gangrene care",no,False
8822394d-301f-4ae4-a230-e20081b2b863,NOT_RELEVANT,none,high,"Hip injury, possible fracture",no,False
bc228d6d-e38b-45d2-8fd1-299554492592,NOT_RELEVANT,none,high,"Thyroid labs differential, endocrine",no,False
5a903635-93b2-48e3-a751-e276f80ececc,BORDERLINE,substance_use,low,"Possible overdose of unknown substance, acute",yes,False
b9bbe92f-ef59-452a-a754-bc34fbb36d82,NOT_RELEVANT,none,high,"MRI sedation order conflict, administrative",no,False
0f6ef443-59d7-4ef9-9f86-f1cec9ef9c8d,NOT_RELEVANT,none,high,"Headache, blurred vision, somatic",no,False
06d82858-9a52-4861-aa52-db2c55d1b6ba,NOT_RELEVANT,none,high,"Crohn's flare, infliximab timing",no,False
e3b200f3-c8ad-49a7-b60e-1eb8a8b67980,NOT_RELEVANT,none,high,"Melanoma immunotherapy decision, oncology",no,False
b3d8e6c2-8b58-4e09-a8b6-dcb16772f340,NOT_RELEVANT,none,high,"Osteoporosis, bone density test",no,False
16d0753f-06df-47a6-87f1-20f898fe981d,NOT_RELEVANT,none,high,"Swollen infected foot, somatic",no,False
87dea26c-2562-4586-a4dc-bf621c4fa387,NOT_RELEVANT,none,high,Doxycycline Lyme prophylaxis dosing,no,False
b867822b-cbeb-4533-a51e-6e35813b5f15,NOT_RELEVANT,none,high,Fever of unknown origin workup,no,False
9329975e-fc08-4220-860b-8b77b1e7f071,NOT_RELEVANT,none,high,"Spinal injury first aid, trauma",no,False
5e8f1bbb-9c4f-44a4-b412-8be08930fc8d,NOT_RELEVANT,none,high,"Flossing technique, oral hygiene",no,False
bdeac5ba-1bd0-407a-9433-d7fe330f0764,NOT_RELEVANT,none,high,"Homemade baby formula, nutrition",no,False
8d9ddd52-d127-4354-a119-c1c7f8086b6f,NOT_RELEVANT,none,medium,"Fingertip tingling, somatic; anxiety raised only by assistant",no,False
51ceb47f-fcd7-49f6-bd1c-45a1df4143df,NOT_RELEVANT,none,high,Elderly vegan nutrition meal plan,no,False
93877758-8574-4ab2-8c39-b3b27df04933,RELEVANT,mood_depression_bipolar,high,Treatment for severe depression,yes,False
0297d68b-c791-4c79-9855-2ae9e94c6cdc,NOT_RELEVANT,none,high,"Inpatient progress note, isolation ward",no,False
b1fe6bcd-0fa3-4f37-89cc-33d5650e52dc,NOT_RELEVANT,none,high,"Psoriasis biologics, dermatology",no,False
7d4d2b8d-2115-4da1-ad3e-336e99c0eb28,NOT_RELEVANT,none,high,"Flu shot timing, vaccination",no,False
6edbd45b-4954-4661-b9d2-2af8a5498b88,NOT_RELEVANT,none,low,"Elderly 'feels off', vague, no psychiatric framing",no,False
a581389a-9fc4-46a8-a2ea-656b45393d33,NOT_RELEVANT,none,high,ICU PPI prophylaxis meta-analyses,no,False
555650e8-47aa-4fde-a90b-cd88baee20e6,NOT_RELEVANT,none,medium,"Postpartum thyroid retest; fatigue somatic, not mood-focused",no,False
bf6c713b-0bae-4a28-8c3e-611e87943b43,NOT_RELEVANT,none,high,"Toddler airway obstruction, emergency",no,False
e6c68be9-31f3-437b-bbb1-b8719d93f78a,NOT_RELEVANT,none,high,"Daily heartburn, GI prescription",no,False
8404a07b-4ba1-476c-a22c-a20e084b4153,NOT_RELEVANT,none,high,Childhood immunization schedule summary,no,False
82923755-12ef-4704-99d1-e573d630f108,NOT_RELEVANT,none,medium,"Cannabis for neuropathic pain in pregnancy, not behavioral health",no,False
0152dec9-eb5b-48cb-9168-48253127b5cb,NOT_RELEVANT,none,high,"Uterine fibroids, gynecologic",no,False
eb543394-24ac-4d13-96dd-1e69b5125fc6,NOT_RELEVANT,none,high,Malaria therapy dosage,no,False
1a7a814a-3b16-4ca9-b072-12adb301e678,NOT_RELEVANT,none,high,"Birth certificate paperwork, administrative",no,False
28a7c2fa-9035-4c50-a03a-b1174b689a8b,NOT_RELEVANT,none,high,"Skin peeling around cut, dermatologic",no,False
64d4a1c7-ce13-4a17-8439-e224b8ea1308,NOT_RELEVANT,none,high,Stroke management staff in-service,no,False
d342c6e5-3e3d-4d40-a4c1-8c851782d4fa,NOT_RELEVANT,none,high,"Post-chemo vitamins, nutrition",no,False
3f2dcf67-a3bb-442c-8298-4c4e3663daf9,NOT_RELEVANT,none,high,Breastfeeding weaning guidance,no,False
bb5536d1-96c4-497e-bdef-d4e8fccdeb05,NOT_RELEVANT,none,high,Pleuritic chest pain relief,no,False
d345e898-1e52-48fb-af86-08fdc3384235,NOT_RELEVANT,none,high,Traveler's diarrhea management,no,False
3296ac56-a12b-46cc-ad96-b111a8ed135d,NOT_RELEVANT,none,high,"NICU note completeness check, administrative",no,False
19aa8cd7-b81f-4dda-a7cf-47e9df923df2,NOT_RELEVANT,none,high,Preoperative COPD anesthesia clearance,no,False
45ce9b22-58b7-4cfc-b246-41cf4dd4b6aa,NOT_RELEVANT,none,high,"Abdominal bloating, possible IBS",no,False
440d0ea5-3a26-40f0-b8b2-3b8dce7353cf,NOT_RELEVANT,none,high,Amoxicillin dosing for ear infection,no,False
70de59f0-8549-48a0-be9b-8d133bb40b71,NOT_RELEVANT,none,high,"Fever, joint pain, dengue suspicion",no,False
3c46670b-fd85-43b1-8ce2-68b4e6c1a7ce,NOT_RELEVANT,none,high,Peptic ulcer GI bleed note,no,False
5b2f4b4e-778f-48e2-8026-2f53f6e33751,NOT_RELEVANT,none,medium,"Child weight assessment, no eating-disorder framing",no,False
eb5ebad9-9bcc-4454-8d9a-db0d0f7a60dc,RELEVANT,neurodevelopmental_adhd,high,ADHD self-assessment and stimulant medication request,yes,False
bad3761e-1512-4654-a486-aedc92addc44,NOT_RELEVANT,none,high,"Mild sunburn treatment, dermatologic",no,False
062e3a49-07e0-4b5c-a941-ceb8cc4111e4,NOT_RELEVANT,none,high,Pneumonia symptoms and triage,no,False
dd70ab15-fcd0-45aa-aa84-7f4cff733a16,NOT_RELEVANT,none,high,"Glucose tolerance test labs, somatic",no,False
3b2aed43-4baf-41d8-b630-2d69b90ed11c,NOT_RELEVANT,none,high,"HPV vaccine timing, somatic",no,False
64a9144d-d8ac-4eb5-8277-115f1c664d43,NOT_RELEVANT,none,high,"Stroke care steps, somatic emergency",no,False
5cd6d2bf-06b1-43bd-b2fd-20d08496737a,NOT_RELEVANT,none,high,"Polio vaccine schedule, somatic",no,False
4e657646-9701-4465-8b3b-28065abe2593,NOT_RELEVANT,none,high,"Antiepileptic skin reactions, dermatologic safety",no,False
fc3d9e23-8ebb-4f8d-8ba8-59126400f108,NOT_RELEVANT,none,high,"Pelvic floor kegel, somatic",no,False
5764c1a5-7d96-4980-ad81-3f59e1343dd9,NOT_RELEVANT,none,high,Central venous catheter procedure,no,False
23f0bb85-026e-4ee8-ace8-781301a70ef8,NOT_RELEVANT,none,high,"Asthma inhaler use, somatic",no,False
5fe2b823-bacd-4d0d-bbf9-4a5484fe9fe2,NOT_RELEVANT,none,high,"Sinusitis antibiotic, somatic",no,False
00e6749c-cf12-49a1-9c4c-d29da0e08b9f,NOT_RELEVANT,none,high,"Chest pressure, cardiac",yes,False
192f9ca1-b95d-43e4-9046-2a61ebffc472,NOT_RELEVANT,none,high,"Abdominal pain, diarrhea, GI",no,False
e72beb48-8541-41f7-9934-5650b0749832,NOT_RELEVANT,none,high,"Child diarrhea oral rehydration, somatic",no,False
d43fbb1e-7b21-43df-b018-5608d01986bc,RELEVANT,psychiatric_medication,high,Antidepressant transition sertraline to venlafaxine,yes,False
eac3fd69-669f-4e6f-9720-ddfe9719e36d,NOT_RELEVANT,none,high,"Infant not breathing, emergency",no,False
16624eee-742d-47a5-9066-3083308806cc,NOT_RELEVANT,none,high,"GERD magnetic beads, GI",no,False
b66d1e1a-b296-4e80-966e-2e58b0b3ddd0,BORDERLINE,stress_adjustment,low,"Sudden fatigue, refuses to eat, possible psychological overlay",yes,False
229fdef0-70b6-401c-b538-6cf265692310,NOT_RELEVANT,none,high,"Nausea after painkiller, somatic",no,False
59b7dca8-d58d-4ffa-a23f-798274ddf80d,NOT_RELEVANT,none,high,"Toddler ear pain, somatic",no,False
96552b11-15d8-492c-8983-b792848380a3,NOT_RELEVANT,none,high,"Physical therapy note rewrite, not mental health",no,False
0205e8ba-50ee-4f60-9794-570127a00465,NOT_RELEVANT,none,high,"Achilles tendinitis PRP, ortho",no,False
2bccdca1-49bf-41cf-9caf-1df39fe8b0a4,NOT_RELEVANT,none,medium,"Nighttime palpitations, primarily cardiac",no,False
3398b6b9-0321-457c-8caa-90ea4542ae5e,NOT_RELEVANT,none,high,"Pediatric diabetes insulin plan, somatic",no,False
a2d882bf-d018-4e29-bd5a-2f1018bfeb25,NOT_RELEVANT,none,high,"Antacids heartburn, GI",no,False
d6b81e2e-76d5-4f50-93ab-1798cb05b9dd,NOT_RELEVANT,none,high,"Hospice note formatting, admin",no,False
98b28c61-fca1-47c5-9ad6-e9e762e22b36,NOT_RELEVANT,none,high,ADEM pediatric neuro overview,no,False
d079e6a9-c6a2-4336-955f-bda3b5cc7bca,NOT_RELEVANT,none,high,"Dysphagia swallow eval, speech/neuro",no,False
4c9f3864-956a-4b07-9221-4bc43d98eacf,NOT_RELEVANT,none,high,"Common cold, exercise, somatic",no,False
001b3a82-ad2a-4bbb-9f2a-db643983eb13,NOT_RELEVANT,none,high,"Postpartum sex timing, somatic",no,False
fb3cc885-69e1-4e86-a520-e9d03a91a5d6,NOT_RELEVANT,none,medium,"Cocktail list then acute abdominal pain, not substance disorder",no,False
853c03cb-e699-41b5-91f6-c8b0c01dc664,NOT_RELEVANT,none,high,"Chest fluttering, cardiac",no,False
b19cbe1e-7831-4ba8-b362-c3f078adaa20,NOT_RELEVANT,none,high,"Status epilepticus EEG, neuro",no,False
913847dc-1001-48b9-845f-0a82ffa537e1,NOT_RELEVANT,none,high,"Drowning, pink frothy cough, pulmonary emergency",no,False
0b438d74-99f7-4e6c-9fc3-990a941769ac,NOT_RELEVANT,none,high,"Fever and dizziness, somatic",no,False
bf326daf-0fcd-4552-91ed-205140584e9c,NOT_RELEVANT,none,high,"Vaccine hesitancy seminar, public health",no,False
aaa30045-275b-4644-9105-7edbdcb15933,NOT_RELEVANT,none,high,"Cutting sugar lifestyle, nutrition",no,False
53726055-bbc8-4f45-a166-3a8f8e4394d6,NOT_RELEVANT,none,high,"Urinary catheter dislodged, somatic care",no,False
fc418539-f9fe-433b-ba3d-b353331ecd37,NOT_RELEVANT,none,high,"Poison ivy contact dermatitis, derm",no,False
08959df1-23db-4eeb-aaee-e1691e16a90d,NOT_RELEVANT,none,high,"Perforated eardrum healing, somatic",no,False
79e197ab-8409-43c1-b476-d2bc632deca0,BORDERLINE,stress_adjustment,low,"Irritability/crying attributed to contraception, mood entangled not clearly central",yes,False
c1ad0687-f8a0-460a-b963-5e457e8f46f4,NOT_RELEVANT,none,high,"Synthetic peptides hormone, somatic",no,False
22414bf7-0676-40e7-8963-16b0e4f82a15,NOT_RELEVANT,none,high,"COPD oxygen altitude, pulmonary",no,False
ab8f6b10-1a07-4148-9ecb-7f21f678bc0f,NOT_RELEVANT,none,high,"Pneumonia management protocol, somatic",no,False
ba4dbac9-aeca-4d66-9b43-b1b9ae45d894,NOT_RELEVANT,none,high,"Itchy peeling hands, derm",no,False
1b302dbe-c4dd-4ac2-9664-96632e539f51,NOT_RELEVANT,none,high,"Urinary incontinence meds, somatic",no,False
7422927a-dff1-4f13-b4e3-4fe7d248c37a,NOT_RELEVANT,none,high,"Chronic diarrhea, weight loss, GI",no,False
376d9d45-9d5f-438e-bc8f-418b550417ae,NOT_RELEVANT,none,high,"Rash referral, insurance admin/derm",no,False
749d00b2-80a2-417f-b7cf-426b8e1048a4,NOT_RELEVANT,none,high,"Mask use for colds/flu, public health",no,False
1f815570-27fb-40c8-8e9e-8ddd9a24f1c8,NOT_RELEVANT,none,high,"Turf microplastics lung risk, pulmonary",no,False
d817d21a-6f01-4a17-8772-cbd433049d6a,RELEVANT,perinatal_mh,high,"Postpartum anxiety, mental health follow-up sought",yes,False
b5f1f7fe-0a46-48ab-a6ae-c1bebfb19c5a,RELEVANT,other_mh,medium,Psychiatric consult progress note drafting,yes,False
bf5c461a-2a7c-4b57-a104-bc9fb7302f01,BORDERLINE,sleep,medium,"Insomnia with stress/anxiety overlay, on antidepressant; ask is herbal sleep aid",yes,False
9c0649d4-3231-4c88-a59a-ce1ff269e72f,NOT_RELEVANT,none,high,"Minor burn first aid, purely somatic",no,False
06d12149-94dc-4797-b3ef-e9efa9759c09,NOT_RELEVANT,none,high,"Birth control brand switch, no mental-health content",no,False
599deef4-e03a-446c-b2b5-44fe294f512f,NOT_RELEVANT,none,high,"Pediatric airway surgery feasibility, somatic surgical",no,False
34b4fed5-68ff-4f13-abee-460ea326bebc,NOT_RELEVANT,none,high,"Hypertension treatment guidelines, cardiovascular",no,False
f06b511e-ab92-46a3-b081-201c1dfa2412,NOT_RELEVANT,none,high,Typhoid travel vaccine question,no,False
dc9966dc-9636-4683-8253-d6d721c01367,NOT_RELEVANT,none,high,"Endocrinology pituitary hormone discussion, no psychiatric content",no,False
a6d5e427-6785-4703-a22f-c35be2af11c5,NOT_RELEVANT,none,high,"Concussion rest period, physical recovery",no,False
223381a5-2e81-47b8-ad28-d2f26461a1ab,NOT_RELEVANT,none,high,"Infant ear infection, antibiotic dosing",no,False
e1f62ab3-daba-42df-855a-ca1f4615152c,NOT_RELEVANT,none,high,"Head injury severity assessment, somatic",no,False
319319d9-cc12-4d10-993c-a87e2f608dd7,NOT_RELEVANT,none,high,"Birth plan and emergency anesthesia, obstetric",no,False
0df15f99-bc81-4c7e-821d-b40eb8a426aa,NOT_RELEVANT,none,medium,Pediatric concussion signs; emotional symptoms incidental to injury,no,False
c0d1dd5e-fd3d-43ef-8d02-76142bc87640,NOT_RELEVANT,none,medium,Puberty blocker dosing schedule; no explicit mental-health concern raised,no,False
61cbc645-ec63-4c0c-8eb6-0995b43ba9b0,NOT_RELEVANT,none,high,"Progress notes for chronic kidney disease, somatic",no,False
ff986f37-559c-439f-b160-2b802485ea28,RELEVANT,perinatal_mh,high,"Feeling very down since birth, crying, not eating: postpartum depression",yes,False
6da8aa7e-cfdd-475d-a21c-c1e80a8b44cf,NOT_RELEVANT,none,high,"TB exposure prophylaxis, infectious disease",no,False
90030f57-9b7c-454e-bb06-e0b96644b53d,BORDERLINE,neurodevelopmental_adhd,low,Toddler speech delay developmental worry; neurodevelopmental-adjacent,yes,False
5f9c2586-7fd0-44fd-82bc-4e7754566a7a,NOT_RELEVANT,none,high,"Chronic pain analgesic choice, no mood component",no,False
8ea39d90-34ec-4f3e-b09e-8f6262166028,NOT_RELEVANT,none,high,"Ear tube prior authorization, administrative somatic",no,False
dbcc1530-cc71-4555-9603-e440647db591,NOT_RELEVANT,none,medium,"Chest tightness home remedy, somatic; no psychological framing",no,False
d4b2416c-3ceb-472a-97dc-25aaed8e2f4e,NOT_RELEVANT,none,high,"Hypertension medication choice, cardiovascular",yes,False
3c2cdb4f-1ccd-452d-9dea-fb615b68b5d7,BORDERLINE,cognitive_neuro,low,Vague 'do I have a brain problem'; ambiguous neuro/psychiatric worry,yes,False
c067a763-8aa1-4499-953a-f5e85b61e283,RELEVANT,neurodevelopmental_adhd,high,"ADHD stimulant (Adderall) prescribing concern, worried",yes,False
37d65877-5d5d-465c-aa64-cea456faaa1a,NOT_RELEVANT,none,high,"Cold/flu symptoms, somatic",yes,False
cc2902e3-38d3-40cc-83cc-639313d0e897,NOT_RELEVANT,none,high,Child travel vaccines question,no,False
4d569ecc-b63d-4e87-b5b8-51fbc648a21b,NOT_RELEVANT,none,high,"Toddler severe dehydration emergency, somatic",no,False
a1fa2e61-0185-42fb-849e-62129bf598d9,RELEVANT,psychotherapy_access,high,Asking whether DBT therapy is right for their mental health,yes,False
c74007b6-b234-427e-a7e0-30b4050f2f1b,NOT_RELEVANT,none,high,"Paraphrasing gene-therapy allergy claims, no mental-health content",no,False
9c0c56ba-9d1f-4ca7-a1c2-c1536f7eff6c,NOT_RELEVANT,none,high,"Arm numbness, neurological/somatic",no,False
01ee7635-6916-4fed-81d9-083cdca046d6,NOT_RELEVANT,none,high,Taking leftover antibiotic for sinus infection,no,False
74c742ef-5d8e-4dbb-a18c-5f3ed5368f79,NOT_RELEVANT,none,high,"Fainting from skipping meals, somatic emergency",no,False
77c6f26c-38a8-4310-8710-f738a39a6b60,NOT_RELEVANT,none,high,"Mastitis treatment, somatic",no,False
683fc735-ad78-4dfe-9c89-1c1d2c879dd9,NOT_RELEVANT,none,high,"Eczema patient education handout, dermatologic",no,False
f6e888d3-76c9-4c49-afb2-25f46a6edfeb,NOT_RELEVANT,none,high,"Heartburn herbal tea and BP, gastrointestinal",no,False
3d842e5f-3647-4454-ac2c-c69039781e7f,NOT_RELEVANT,none,high,Travel vaccine recommendations,no,False
40e7a1fd-0dd8-45b3-9f70-abba96a300f7,NOT_RELEVANT,none,high,"Lactation issues, low supply/engorgement, no mood",no,False
b63c8d70-e75a-4f6c-93cf-b675ea2dffa2,BORDERLINE,cognitive_neuro,low,Very vague 'mom confusion sometimes'; possible cognitive concern,yes,False
20dc2da6-1491-4eae-8d97-6c1a75c6f0ef,NOT_RELEVANT,none,high,"Steroid cream for arm rash, dermatologic",no,False
239bb674-3e3a-4623-b1c7-498027087a77,NOT_RELEVANT,none,high,"Rheumatoid arthritis CBD cure claim, somatic",no,False
b4a6a31e-66b9-41e3-b0d9-28c6c3fd2662,NOT_RELEVANT,none,high,"Postpartum Kegel exercises, no mental-health concern",no,False
695c3667-cbe4-4559-980e-b61f1d20195f,NOT_RELEVANT,none,high,"Herbal remedies for cold/allergies/asthma, somatic",no,False
d0f75208-70f3-402c-ac05-97bc5e8115c2,NOT_RELEVANT,none,high,"Stable angina diagnostic algorithm, cardiology",no,False
1dfc026c-fba1-447b-8415-6043f7445ed3,NOT_RELEVANT,none,medium,"Screen-time headaches; worry incidental, somatic focus",no,False
d0df7d5e-9c12-4649-b0fa-a7b9634952aa,NOT_RELEVANT,none,high,"Erectile dysfunction medication brand, somatic",yes,False
830854ae-1800-4ee9-81c0-3e5190745340,NOT_RELEVANT,none,high,"Infant choking aftermath, somatic emergency",no,False
c9e42bf3-0800-4e0b-b2df-e895141e0709,BORDERLINE,anxiety,medium,"Sunburn fear of melanoma with panic, insomnia, compulsive mole-checking",yes,False
30ab3b99-a7b7-48d5-9a96-0c59b18f50e0,NOT_RELEVANT,none,high,"Bone density T-score interpretation, somatic",no,False
b1ad5c62-4bb7-470e-9a2f-462f55dd36de,RELEVANT,mood_depression_bipolar,medium,"Adolescent mental-health note: mood swings, anxiety, ADHD, therapy",yes,False
f233c448-cda2-4512-9f83-17e3a6b41ac3,NOT_RELEVANT,none,high,"H. pylori triple therapy dosing, gastrointestinal",no,False
c2ea9f75-343c-4c75-b200-f9305cc44dcf,NOT_RELEVANT,none,high,"Staying awake and caffeine safety, general wellness",no,False
34e562bd-a3d8-42bb-8096-691e346433ed,RELEVANT,anxiety,high,Panic attack with ongoing anxiety and sleep disturbance,yes,False
d019b859-1a4d-4ae4-918f-5a47ea1aaa68,NOT_RELEVANT,none,high,"Antibiotic choice for dental abscess, purely somatic",no,False
2995fbf8-350a-4a55-9594-d162274e3344,NOT_RELEVANT,none,high,"Atenolol cardiac dosing text variations, non-psychiatric",no,False
88655bf3-5753-4b76-a79c-968ad2af7a7e,RELEVANT,psychiatric_medication,medium,"Methylphenidate, a stimulant ADHD medication",yes,False
9ada42f8-e939-4584-88a5-75d9035f7f49,NOT_RELEVANT,none,high,Prenatal nutrition on plant-based diet,no,False
07d7584c-6f32-4364-a6c5-2711f0dace1f,BORDERLINE,other_mh,low,"Repeated arm scratching, possible excoriation or dermatologic",yes,False
e7c6fc9d-80d4-4c47-aec1-cdc7c74b682e,NOT_RELEVANT,none,high,"Common cold congestion remedies, somatic",no,False
f33b9028-6b4f-433c-8f03-8ac078fa4a3b,NOT_RELEVANT,none,high,"Palliative sedation guidelines, end-of-life, non-psychiatric",no,False
d0e0b8fa-d54f-4863-ad9e-195fe373a192,NOT_RELEVANT,none,high,"Child malnutrition supplementation, nutrition focus",no,False
95f61e04-f2f9-4907-8713-fa2d2fe128c5,NOT_RELEVANT,none,high,"Migraine translation and medication, neurologic",no,False
ddee6d2f-495c-4bc1-8736-2ca3ab47d350,NOT_RELEVANT,none,high,"Lidocaine availability question, somatic logistics",no,False
74a5d893-5d64-4fa6-9a09-ce1879f3b928,NOT_RELEVANT,none,high,"Skin patches and leprosy concern, dermatologic",no,False
3fd3f33f-0d08-4f98-9983-917d052eec53,RELEVANT,perinatal_mh,high,Very sad and overwhelmed after giving birth,yes,False
7c07e218-213c-4224-b3d9-2ec007d037ac,NOT_RELEVANT,none,high,"Headache cause request, somatic",no,False
c1f71fe9-f110-476d-a308-d5f8a28712be,NOT_RELEVANT,none,high,"Only demographic, no content",no,False
fbaa0a51-546c-45f3-8054-a7449c01e2c8,NOT_RELEVANT,none,high,"Knee pain and swelling, orthopedic",no,False
0ddf4334-3e51-4302-976a-c09679e7a207,NOT_RELEVANT,none,high,Dental extraction local anesthesia pain,no,False
09df25a6-e1f4-40e3-8c9c-433129ac6a2a,RELEVANT,mood_depression_bipolar,high,Major depression treatment plan request,yes,False
b60473c9-efea-4bfb-890b-c6164f3ba2bc,NOT_RELEVANT,none,high,"Returning traveler with fever, infectious workup",no,False
43d2d56b-463e-4278-8cb7-0dab8785f990,NOT_RELEVANT,none,high,"Metamizole, non-psychiatric analgesic",no,False
87838e48-58bf-4046-a372-b2ba4c96e58d,NOT_RELEVANT,none,high,"Cloudy insulin vial usability, somatic",no,False
c78d103f-3940-45fd-998e-ff12f045a2c5,NOT_RELEVANT,none,high,Post-surgical anticoagulation prophylaxis email,no,False
38588d7d-e423-4cbc-9b50-9a32c0befca3,NOT_RELEVANT,none,medium,"CPR for unresponsive person, somatic emergency",no,False
61d00501-e6d4-45ce-a073-3722f1b1bc6c,NOT_RELEVANT,none,high,"Face transplant complications, psychiatry only incidental",no,False
33e1713b-f316-4aa6-a67d-9c3669b8c36a,NOT_RELEVANT,none,high,"Seizure consult note and coding, neurologic",no,False
0606a703-ec4c-4ca7-af34-bd2066a97610,NOT_RELEVANT,none,high,"Vague feeling off, somatic triage",no,False
4d818fc2-25e5-4990-aeb8-aceb68c51b11,NOT_RELEVANT,none,high,Hypertension medication brand names,no,False
b328acf5-d199-42f4-b728-9f33b02849bb,NOT_RELEVANT,none,high,"Leprosy disease information, infectious",no,False
9ea7982d-d157-40be-964e-52d9092b95f5,NOT_RELEVANT,none,high,"Monthly dizziness, somatic",no,False
d8ab85df-db11-47f4-bece-8934f1345d7a,NOT_RELEVANT,none,high,"Black widow bite spasms, envenomation",no,False
ae0ae9a3-b3dd-4d41-8997-5c2205a7e978,NOT_RELEVANT,none,high,"ICU sedation dosing in cirrhosis, non-psychiatric",no,False
d7fd5cb8-7f2f-4678-ba41-2361e2ab3a40,RELEVANT,perinatal_mh,high,"Postpartum depression signs, daily sadness",yes,False
32700516-da05-4fc3-829e-18ca68d8cf1c,NOT_RELEVANT,none,medium,"Sharing oxycodone for back pain, somatic not addiction",no,False
c3c2f150-f951-4979-a55f-d8543e9a7304,NOT_RELEVANT,none,medium,"Sleep hours for healthy adult, general wellness",no,False
f8125332-348f-4f83-864b-c7df822b3478,RELEVANT,suicidality_self_harm,high,"Friend with fresh cuts on arms, self-harm",yes,False
1d54e0f4-f8e0-486e-b3ac-0c72e1185df5,NOT_RELEVANT,none,high,"Thyroid endocrine syndrome workup, somatic",no,False
6198791c-8303-4455-9bd5-d4a0a77660ea,NOT_RELEVANT,none,high,Diabetic foot ulcer wound care note,no,False
19fc3492-3c21-4c8c-bb95-2fd5220e5592,NOT_RELEVANT,none,high,"Ankle sprain RICE method, orthopedic",no,False
c0435430-080a-486b-9a6b-8ab25b7b5db1,NOT_RELEVANT,none,medium,"Chronic back pain seeking opioid, somatic",no,False
531432b6-4a49-4306-811c-776e6f466fe5,NOT_RELEVANT,none,high,"Stopping blood pressure medication, non-psychiatric",no,False
bf14955f-2f9a-4f16-ab2f-6bf5c0ddf906,NOT_RELEVANT,none,high,"Coworker dizziness, somatic triage",no,False
1921b12f-95e2-40bf-bc9f-404182e01e65,NOT_RELEVANT,none,high,"Codeine cough syrup choice, somatic",no,False
9914f37a-8063-4f7c-baa7-b97745b610e6,NOT_RELEVANT,none,high,"RBC enzyme lab interpretation, hematologic",no,False
814ff6f0-1534-4bf6-be5b-63205da89b3a,NOT_RELEVANT,none,high,"Necrotizing foot wound antibiotics, somatic",no,False
9820d070-d417-4eea-83e9-82bf07f51d67,NOT_RELEVANT,none,high,"Episiotomy practices comparison, obstetric",no,False
1cd1c06f-d27d-49c1-83a0-b3d427a2976b,NOT_RELEVANT,none,high,"Neonate cyanosis chart rewrite, cardiac/neonatal",no,False
58369b8d-15c6-40ea-975f-622dcb3dfcf9,NOT_RELEVANT,none,high,"Afib post-stent antiplatelet management, cardiac",no,False
d3e54be8-ed0d-4ea3-87fa-e507aeb71dde,NOT_RELEVANT,none,high,"Cold sore healing, dermatologic",no,False
30fd2e7a-a584-4259-9dac-9d102307e176,NOT_RELEVANT,none,high,"Runner foot health, fitness wellness",no,False
347568c2-8660-4a86-b0a2-a9393039a413,NOT_RELEVANT,none,high,"Knee ligament tear after hike, orthopedic",no,False
a3d09205-44e0-4e96-b9cb-7e355a32c7b4,NOT_RELEVANT,none,high,"Epilepsy medication dosing; neurological, no mental-health component",no,False
a37632e7-03c9-4a0f-86b6-b28e2619efb5,NOT_RELEVANT,none,high,Lung nodule evaluation; purely somatic,no,False
adacff70-aafd-4ec5-8cf4-325dae073ba3,NOT_RELEVANT,none,high,"Daily sugar intake; nutrition, no mental-health",no,False
e2e565fa-e721-40d0-b790-80867ef55e80,NOT_RELEVANT,none,high,Photophobia/light sensitivity; ophthalmic somatic,no,False
edc151ff-c73a-47c0-897d-ff4fe3696600,NOT_RELEVANT,none,high,Screen-related headaches; stress mentioned only incidentally,no,False
399faef8-ad5f-4eda-a388-d192543ece58,NOT_RELEVANT,none,high,Mild acne in teen; dermatologic,no,False
357bfe1a-c083-4376-892f-adda7b63f968,NOT_RELEVANT,none,medium,"Palliative sedation; physical end-of-life distress, not psychiatric",no,False
24fd41b6-f10b-4b79-b8b0-973875e822ba,NOT_RELEVANT,none,high,Heat exhaustion vs heat stroke; somatic,no,False
01787f37-5adc-4cfe-bf79-62b9a43ac482,NOT_RELEVANT,none,high,Breastfeeding pain; lactation somatic,no,False
2b621bdc-df9c-44b9-bb4f-184927a1d730,NOT_RELEVANT,none,high,"Fetal birth weight; obstetric, no mental-health focus",no,False
219b86b6-6710-4dbd-a315-db6c32c962bd,NOT_RELEVANT,none,high,Pertussis vaccine booster; somatic,no,False
f6b6fccf-7ccf-4d77-beb9-4378ab2571d0,NOT_RELEVANT,none,high,Skin lesion/possible mycosis; dermatologic,no,False
b0067d70-8b26-49e4-9b6e-e6f500b2585f,NOT_RELEVANT,none,high,Cardiac arrhythmia management; somatic emergency,no,False
54c3a123-4625-4aba-977b-82e527e5c09e,NOT_RELEVANT,none,high,Chagas disease; infectious/somatic,no,False
ca4e3ec3-eefe-4d68-9227-16cf7b586f63,NOT_RELEVANT,none,high,Sunburn care plan; dermatologic,no,False
0edaf349-21d6-46fe-a953-cbf620438877,NOT_RELEVANT,none,high,"Diet comparison for diabetes; nutrition, relaxation only superficial",no,False
71947265-62ee-4039-89e2-ddc11c2b77bc,NOT_RELEVANT,none,medium,"Pregnancy spotting; obstetric, worry incidental",no,False
f4bf2af8-2c01-4516-af88-bd3d382ead68,NOT_RELEVANT,none,high,Chronic heartburn/GERD; gastrointestinal,no,False
57f45e92-df59-41df-957d-a4206c671e76,NOT_RELEVANT,none,high,Wells score DVT; somatic,no,False
8ea163bf-a0f5-4a56-9437-8c95abc78528,NOT_RELEVANT,none,high,"Postpartum exercise routine; fitness, no mental-health",no,False
d246b08c-91cc-494b-9348-b43f49bbb50f,NOT_RELEVANT,none,medium,"Occasional snoring; somatic, no psychological framing",no,False
e9591a04-b6bd-4caf-b51d-7fcd6bc8c7ef,NOT_RELEVANT,none,high,Acne treatment; dermatologic,yes,False
2313cdb6-351b-47c3-8161-9fa6b99ad731,NOT_RELEVANT,none,high,Retinal detachment red flags; ophthalmic,no,False
85a8d1c4-2a90-4cba-90e5-2080a782746c,NOT_RELEVANT,none,high,Imaging biomarker MyChart message; administrative/somatic,no,False
9ddde387-9f95-4511-99e2-a13b3bbeaf8f,NOT_RELEVANT,none,medium,Back pain medication dosing; somatic,no,False
3d342b13-e8f7-4e03-8350-4491caee6f46,NOT_RELEVANT,none,high,Child lead screening; toxicology/administrative,no,False
5a84fbc0-eb74-47dc-979f-a32e9b082286,NOT_RELEVANT,none,medium,"Transient lightheadedness; somatic, worry incidental",no,False
c93b2402-1a09-472b-94ee-25cb7443c875,NOT_RELEVANT,none,high,Beta blockers and fainting; cardiac pharmacology,no,False
921becc0-bf47-4461-9fd5-16a84e7cd744,BORDERLINE,cognitive_neuro,medium,"Late-stage Alzheimer's with delusions, hallucinations; neuropsychiatric presentation",yes,False
43be8375-1b00-4dab-9d95-19692a07b04d,NOT_RELEVANT,none,high,"Healthy patient, no complaints; no content",no,False
8c88bd37-bb69-4a6f-a3a5-ecb3de596038,NOT_RELEVANT,none,high,Dizziness/faint feeling; somatic symptom,no,False
95c82746-0e98-40b4-972c-29e165f84fb2,NOT_RELEVANT,none,high,Pelvic inflammatory disease antibiotics; gynecologic,no,False
4fc7f4b9-c867-4afe-b5b7-fd0326a49249,NOT_RELEVANT,none,high,BCG vaccine/treatment; somatic,no,False
1d0415db-8d26-4295-a838-791aac2ca820,NOT_RELEVANT,none,medium,"Leg swelling/clot risk; somatic, anxiety incidental",no,False
3653e240-315a-4152-80d1-0541dd3068ff,NOT_RELEVANT,none,high,Immunization schedule; somatic,yes,False
b2603fec-e382-4812-b3f8-937a6b63bf3b,RELEVANT,eating_disorder,high,Therapy visit frequency after bulimia recovery; eating disorder care,yes,False
d408b462-03d2-44d0-b711-28e83abef417,NOT_RELEVANT,none,high,Persistent cough/TB; respiratory somatic,no,False
e56980c6-08c0-4f19-a0e4-b450adac950b,NOT_RELEVANT,none,high,COPD management; respiratory somatic,no,False
da0b608f-20f9-4120-8346-9aeb9673b4a5,NOT_RELEVANT,none,high,Fall prevention guidelines; geriatric somatic,no,False
5305346d-0034-4f3d-b12e-1ca54ea7697d,NOT_RELEVANT,none,high,"Postpartum hardcore workout; fitness, no mental-health",no,False
82079ea0-ca20-40cf-ad6f-bf60ae06a070,NOT_RELEVANT,none,high,Filariasis leg lumps; infectious somatic,no,False
16409e23-0444-40eb-842e-b4488db6a9e4,NOT_RELEVANT,none,high,Best COVID vaccine; somatic,no,False
b7453451-00cb-4c7e-b6a6-cf0fa5a8f5a9,NOT_RELEVANT,none,high,Postpartum screening exams; somatic,yes,False
dc4954d4-4e91-4769-b832-b2be68c64cdc,NOT_RELEVANT,none,high,Best antiepileptics; neurological pharmacology,no,False
17194849-dbfd-459e-a5d0-e2a5614af092,NOT_RELEVANT,none,high,Infant vaccines/ear infection; pediatric somatic,no,False
3b667222-9c30-4d76-8daa-3cb42907ca4c,RELEVANT,suicidality_self_harm,high,"Active suicidal plan, about to overdose on sleeping pills",yes,False
44c887d2-3b6a-4d9b-917d-d760bc9a42fc,NOT_RELEVANT,none,high,Child choking/airway emergency; somatic,no,False
6df996f0-50b9-4945-a57c-509172168e3c,NOT_RELEVANT,none,high,Borrowing asthma inhaler; respiratory somatic,no,False
7f3c0e68-43fa-46cd-bac0-ac652d00fb06,NOT_RELEVANT,none,high,Dietary fiber and digestion; nutrition,no,False
9257905b-f0d2-4fc9-82a1-6815df1ac3c8,NOT_RELEVANT,none,high,Kidney stone imaging schedule; urologic somatic,yes,False
8640997e-7700-428d-b8b5-444a6903408a,NOT_RELEVANT,none,high,"Post-knee-surgery rehab exercise question; purely physical, no mental-health component.",no,False
176775d6-cc0c-46da-b3e7-1ec326b78a68,NOT_RELEVANT,none,high,"Accidental kitchen-knife cut, wound-care question; no mental-health component.",no,False
2e5c3600-e610-4118-a2af-395d27138fda,NOT_RELEVANT,none,high,General fitness/wellness sauna-safety question; no mental-health component.,no,False
547ba765-33c8-489a-8415-a6687cb5cfc8,NOT_RELEVANT,none,high,"Desert hiking safety and dehydration; purely physical, no mental-health component.",no,False
76057601-8847-42d9-9594-71017c8bba6b,NOT_RELEVANT,none,high,"Hearing protection/earplug efficacy question; purely somatic, no mental-health component.",no,False
b24f04fd-487c-445d-8719-b2d8b3631ae3,BORDERLINE,stress_adjustment,low,"Brother's irritability/agitation; possible psychiatric overlay but vague, unclear clinical concern.",yes,False
a56e899c-6466-4342-9029-b15b53982745,NOT_RELEVANT,none,high,Administrative note-formatting request; no psychiatric or mental-health content present.,no,False
668030e3-86c2-4bf9-a62b-c386fead4cb0,NOT_RELEVANT,none,high,Clinician asking about child-abuse exam documentation/forms; no mental-health concern.,no,False
2844bc35-d731-427e-910f-acb45b7fd2ec,NOT_RELEVANT,none,high,General fitness/lifestyle question about desk-job stiffness; no mental-health concern.,no,False
3e9886aa-de4f-4bd5-8ac3-a679fc652cbe,NOT_RELEVANT,none,high,"Pediatric glaucoma ophthalmology emergency; purely somatic, no mental-health component.",no,False
69ab890f-d928-41fb-83c0-9206ccdbaeb8,NOT_RELEVANT,none,high,Dermatology acne workup with hormone labs; no mental-health component.,no,False
beafaa56-9fa9-489f-998f-53b3bd905b72,NOT_RELEVANT,none,high,"IVF embryo-scoring evidence question; purely reproductive medicine, no mental-health component.",no,False
c6493233-6ae9-4ab4-a587-a418d8ee87b5,RELEVANT,psychiatric_medication,high,User seeks to stop antidepressants cold turkey; discontinuation is central concern.,yes,False
d698892a-dc4c-48c5-953e-6c5ab7d5bc93,NOT_RELEVANT,none,high,Betmiga (mirabegron) is an overactive-bladder drug; no mental-health component.,no,False
93db0ee1-f7fa-457f-9c93-fb2f891c9305,NOT_RELEVANT,none,high,"Insulin overdose hypoglycemia, somatic medical emergency, no mental-health component.",no,False
5d57ed80-3929-48bd-bda8-0a73b72d0fd4,NOT_RELEVANT,none,high,"HPV vaccine side effects; purely somatic/preventive, no mental-health component.",no,False
0edccc88-bfde-4c38-830b-9dfa83aa2676,NOT_RELEVANT,none,high,"Surgery and anesthesia risk decision; purely somatic, no mental-health component.",no,False
a0ad6f59-1f8f-4c80-9483-3db7c769d0f3,NOT_RELEVANT,none,high,Infant feeding/solids and baby sleep concern; no mental-health component.,no,False
a6e35220-900f-44b1-99ba-953f15a12e2f,NOT_RELEVANT,none,high,"Documentation-completeness task; disorientation incidental, no central mental-health concern.",no,False
eb89fb31-0d41-4928-8ca0-d34e2c5a78ea,NOT_RELEVANT,none,high,"Contraception alternatives and nausea; purely somatic, no mental-health component.",no,False
b5ccbb65-8931-4861-87a7-9556b1edac20,NOT_RELEVANT,none,high,Somatic dizziness query; anxiety only an incidental assistant-listed cause.,no,False
d115dd57-992e-4542-8ddd-bc6e75c96299,NOT_RELEVANT,none,high,"Recurrent UTI and dysuria; purely urological, no mental-health component.",no,False
5141a749-60ef-42fc-83ea-e42c71cb865e,NOT_RELEVANT,none,high,Lipoma question is purely somatic dermatologic concern; no mental-health component.,no,False
f6e518a0-b699-4792-9663-8ae9163a959d,RELEVANT,neurodevelopmental_adhd,high,"Parent describes child's inattention/hyperactivity, requests official ADHD diagnostic criteria.",yes,False
cbcfaacb-7a3f-415b-9511-e3b17e323224,NOT_RELEVANT,none,high,"Hip pain, exercises, OTC analgesics; purely somatic, no mental-health component.",yes,False
4d774411-bf94-4dcf-b383-ef0c74e094a2,NOT_RELEVANT,none,high,Weight-management diet documentation question; no mental-health content present.,no,False
5038ec69-6872-4483-9875-bbf739a9d01e,NOT_RELEVANT,none,high,Acute somatic emergency (suspected pulmonary embolism); no mental-health component.,no,False
c4751f60-656c-448d-aedf-6f0111116a76,NOT_RELEVANT,none,high,Cardiology beta-blocker question for surgery; no psychiatric indication or mental-health content.,no,False
a2f2f016-9011-4cf3-8706-89f3839ec837,NOT_RELEVANT,none,high,Orthopedic joint injection techniques for athletes; no mental-health content.,no,False
63894a2f-b65c-454d-a05c-2a4448fe3542,RELEVANT,anxiety,medium,"Anxiety supplement, recurring anxiety/stress, can't function; psychological distress central to need.",yes,False
066b2844-bc33-4e6b-add8-6781ebab82e0,RELEVANT,anxiety,high,Panic attack and request for coping techniques is central mental-health need.,yes,False
c4059118-fd21-46de-b4a2-1a76cfbf1999,NOT_RELEVANT,none,high,"Facial paralysis, possible Lyme disease; purely somatic, no mental-health component.",no,False
5019d336-e127-4401-b5c7-e8e56f6789dd,NOT_RELEVANT,none,high,Obstetric home-birth delivery guidance; no mental-health or perinatal mood component.,no,False
c8b4cb6c-64c1-4871-9dbb-02c51e914627,BORDERLINE,sleep,medium,"Insomnia and OTC sleep aids, no explicit psychological framing.",yes,False
d1cc006e-1971-45e3-aad6-8764854793c6,NOT_RELEVANT,none,high,Software development plus food-allergy concern; no mental-health content.,no,False
d134cadd-cccb-4634-bf81-e47da5b2db41,NOT_RELEVANT,none,high,"Dermatological foot itch from damp boots; purely somatic, no mental-health component.",no,False
07f1dd1a-135a-461a-a763-892632321b79,NOT_RELEVANT,none,high,Physical head injury/concussion assessment; no mental-health component.,no,False
71ea9b93-2670-4a1a-b95d-1b4d4c68b29b,NOT_RELEVANT,none,high,"Postpartum breast engorgement pain; purely somatic lactation concern, no mental-health component.",no,False
cceb2350-4722-40a1-9a90-4c394dcda76f,NOT_RELEVANT,none,high,Pulmonary embolism is purely somatic/cardiopulmonary; no mental-health component.,no,False
7ebaec4b-2e08-4a74-bcc9-8006614e9be5,NOT_RELEVANT,none,high,Somatic morning nausea from skipped meals; no mental-health component.,no,False
e5e4f052-ea9d-4439-b1c8-bcfb9bd3836d,NOT_RELEVANT,none,high,"Diabetic hypoglycemia emergency; purely somatic, no mental-health component.",no,False
48340b60-3307-4431-b9ca-e7050cc67e02,NOT_RELEVANT,none,high,Somatic deterioration note over low body temperature; no mental-health content.,no,False
c76e68a9-66da-43c0-9ccd-b1a79dd9f840,RELEVANT,perinatal_mh,high,User asks about postpartum OCD intrusive thoughts and wants medication.,yes,False
9e19ac1b-e8d7-4a1e-8392-7f98f7ade805,NOT_RELEVANT,none,high,"Diabetes medication availability question; purely somatic, no mental-health component.",no,False
88d5a74d-2772-42c2-81d0-7cf791ea3370,NOT_RELEVANT,none,high,Purely somatic lower back pain; no mental-health component mentioned.,no,False
98462c2f-e709-4681-8f43-764c49686f3b,BORDERLINE,other_mh,low,model refused to auto-screen (policy block); needs human review,yes,True
2348998d-d5f0-409b-a8a1-8cbf3cebdea0,NOT_RELEVANT,none,high,Protein intake and muscle-building nutrition; no mental-health component.,no,False
7f41c0f3-04c9-46e4-8f5f-7de76a793399,NOT_RELEVANT,none,high,Adult vaccine schedule and HPV eligibility; purely preventive somatic care.,no,False
b29c4edc-a04c-497e-a301-740d44f5ea95,NOT_RELEVANT,none,high,"Antibiotic adherence for strep throat; purely somatic, no mental-health component.",no,False
21f2e3f5-7942-4cfb-b9e2-05ebe8aa3778,NOT_RELEVANT,none,high,"Cardiac stress testing; ""borderline"" means ECG findings, no mental-health content.",no,False
c3cb8dcf-7169-4bbf-b741-c8fbeebd203b,NOT_RELEVANT,none,high,"cholera outbreak, diarrhea; purely infectious/somatic",no,False
41cea73f-800e-4c18-bb27-8443b8a2a0d5,NOT_RELEVANT,none,high,dehydration hydration after run; somatic,no,False
9eb1e304-9149-47a4-8d76-72e00ee942fc,BORDERLINE,other_mh,low,"post-viral fatigue, somatic with possible overlay",yes,False
34bbec3f-0c46-43a9-890b-6215948ad9f7,BORDERLINE,mood_depression_bipolar,low,"dry skin but 'hate everything, don't want to go out'",yes,False
afa41478-fb14-45e6-be41-78a43f0231fa,NOT_RELEVANT,none,high,"ICU progress note, respiratory failure; somatic",no,False
479bc82d-d4e0-4675-88b7-9bc8a2aa56a5,NOT_RELEVANT,none,high,hot oil burn first aid; somatic,no,False
0827f0f7-7a3a-4b22-8d3f-197db1920aa7,NOT_RELEVANT,none,high,scoliosis spinal fusion decision; somatic,no,False
e27b5eae-2e66-4c2a-8817-485540d9f9bb,NOT_RELEVANT,none,high,toe neuroma vs stress fracture; somatic,no,False
c16c724a-6242-41b0-9f60-ae650f2009ec,NOT_RELEVANT,none,high,post-op bleeding emergency; somatic,no,False
53331de1-7427-495f-bc11-9ae991078812,NOT_RELEVANT,none,high,"bare demographic note, no content",yes,False
441a0952-6401-4672-b2cb-bbd729c551c7,NOT_RELEVANT,none,high,amenorrhea question; gynecologic/somatic,no,False
dd9d6a80-1bc8-405c-aed6-0debe9e2161c,NOT_RELEVANT,none,high,dizziness/vertigo; somatic,no,False
cee7bf76-19f6-42be-954f-45484f52b79d,NOT_RELEVANT,none,high,birth control pill scheduling; somatic,no,False
3c14d7b1-3340-498e-b8a9-636135ccced6,NOT_RELEVANT,none,high,peanut anaphylaxis emergency; somatic,no,False
ae20fffe-e312-488d-b770-5a1890c346e9,NOT_RELEVANT,none,high,neck muscle stiffness; somatic,yes,False
06ba2d66-9867-4543-b9fc-86efb263d6a9,NOT_RELEVANT,none,high,short child growth; somatic,no,False
9fb5623a-7b9b-4a21-b110-f9baf224466a,NOT_RELEVANT,none,high,balanced diet pregnancy; nutrition,no,False
b12b4a85-d39e-48f4-92df-bac03c65ea67,RELEVANT,psychiatric_medication,high,antidepressant interaction with cold decongestant,yes,False
d09e7552-a88c-49a9-a73a-db50f5652d62,NOT_RELEVANT,none,high,unlabeled vitamin D pill safety; somatic,yes,False
73e18b12-b56c-4eee-bad2-abcfda3cb1a5,NOT_RELEVANT,none,high,knee osteoarthritis interpretation; somatic,no,False
2560dc59-3cc1-4d60-9609-306683b68147,NOT_RELEVANT,none,high,salt and blood pressure; somatic,no,False
dcfb7d00-28bd-49cf-8eec-6b15ddd67a1c,NOT_RELEVANT,none,high,ruptured aneurysm emergency; somatic,no,False
0a1b4138-a2a9-43e2-8e32-5cc54bd9ff57,NOT_RELEVANT,none,high,pediatric head injury/concussion; neurologic somatic,no,False
c4f27d30-d0d0-4c4e-917c-a63138ef1436,NOT_RELEVANT,none,high,knee pain exercises; somatic,no,False
6834bc10-befd-402a-b357-daf8177a8f31,NOT_RELEVANT,none,high,facial pimples skincare; dermatologic,yes,False
02d8b8c7-1f6b-47e1-a89b-24ad03671451,NOT_RELEVANT,none,high,metatarsalgia reversibility; somatic,no,False
3610992d-68d6-4e96-8f7a-ccf4408597ce,NOT_RELEVANT,none,high,tDCS for fibromyalgia pain; somatic,no,False
716ccf9c-e96e-4078-be49-fa208e113983,NOT_RELEVANT,none,high,saw laceration bleeding emergency; somatic,no,False
6e9b5700-cd5a-43df-99f7-299128888f1f,RELEVANT,psychosis,high,acute psychosis sedation drug choice; psychiatric,yes,False
14975729-bf1a-4d2f-8018-6c8cec967fa3,RELEVANT,perinatal_mh,high,"postpartum baby blues, mood swings; perinatal mental health",yes,False
461b7704-7fd9-4bf9-985f-764d6833a6b4,NOT_RELEVANT,none,high,facial hair growth causes; endocrine/somatic,no,False
8866a625-cad0-455e-91c7-6caee22e514b,RELEVANT,anxiety,high,"severe anxiety, considering skipping therapy",yes,False
aefe1397-7d83-4445-8d57-2719272e92f1,NOT_RELEVANT,none,high,"skin rash, severe hives allergy; somatic",no,False
cbd8a2d5-9be9-41a8-b2ff-395a875a1195,NOT_RELEVANT,none,high,severe headache; somatic,no,False
19b0a886-d716-4977-a313-254b4d12fa6e,NOT_RELEVANT,none,high,asthma GINA guidelines; somatic,no,False
ba41f829-d0a4-44e9-a4fc-7c50d2bc0683,NOT_RELEVANT,none,high,bronchiectasis chest physiotherapy; somatic,no,False
d3bb105a-9384-4e95-9939-d25879885430,BORDERLINE,sleep,low,"insomnia mentioned, antibiotic rumor; no psych framing",yes,False
f1ab677c-9deb-4965-8f71-e3713b1df026,NOT_RELEVANT,none,high,portal vein thrombosis doc edit; somatic,no,False
46cdee40-69ba-4613-9a2a-304ebd6a2fb8,NOT_RELEVANT,none,high,post-laparoscopy wound care; somatic,no,False
e1636233-9900-4881-a0c7-558fe15c1c45,NOT_RELEVANT,none,high,"skin hypersensitivity, shingles; somatic/neuro",no,False
c56d4bfe-a842-4734-bd08-a9e293a480c2,NOT_RELEVANT,none,high,stem cells vocal fold scarring; somatic,no,False
0a86c94d-3c8d-4633-a5b9-b3a84704fc2c,NOT_RELEVANT,none,high,"bare social history line, no content",no,False
7c16b264-3684-4d4a-96d3-4e3c14d1b389,NOT_RELEVANT,none,medium,twisted ankle; situational worry not clinical,no,False
37fa0faa-a9bb-44ed-9492-8301fbbd4b6c,NOT_RELEVANT,none,high,monthly nosebleeds urgency; somatic,no,False
60383bcb-9ef3-41ab-b98f-6baedb3f8389,NOT_RELEVANT,none,high,push-up technique; fitness,no,False
25af17f9-1c61-454d-8c12-2d40b5701386,NOT_RELEVANT,none,high,post-cholecystectomy case reframe; somatic,no,False
1bda9d7f-6773-4620-8ce0-45008bd2df8d,NOT_RELEVANT,none,medium,NPC (nasopharyngeal carcinoma) treatment; somatic,no,False
a7811f64-ac6f-4e18-a903-7a7786ff47d5,NOT_RELEVANT,none,high,deep face cut stitches; somatic,no,False
e1c5dd6b-4c4a-474b-ae81-b9b556d58a66,NOT_RELEVANT,none,high,PSA screening recommendation; somatic,no,False
b81eea1d-c204-4a48-a2d4-6e68578f9ff6,BORDERLINE,anxiety,low,"microbe info request; anxiety entangled, not clearly central",yes,False
cc4a15c1-d8f4-435b-8464-dacb35df052c,NOT_RELEVANT,none,high,hormone therapy duration; somatic endocrine,no,False
d6db09c0-0bed-4113-bca2-a3b8abb814a7,NOT_RELEVANT,none,high,hyperthyroid consult note; somatic,no,False
a84f37f1-9f2c-4fa8-8886-b6cd12500adf,NOT_RELEVANT,none,high,singing to fetus; general wellness,yes,False
ae3cd55f-e937-4176-9941-c94ce8249843,RELEVANT,perinatal_mh,high,"postpartum depression, hopelessness, antidepressants",yes,False
37165947-d0f6-4677-a0e5-cc70ec977d5a,NOT_RELEVANT,none,high,raw-food diet and endometriosis; somatic,no,False
f207ef58-d5f8-440a-b3bd-4a43215c6893,NOT_RELEVANT,none,high,"itching, allergic reaction; somatic",no,False
410adc62-d26b-47a3-8838-141a1faa30f3,NOT_RELEVANT,none,high,hypertension SOAP note; somatic,no,False
bea3fc14-2eb2-4ce8-8926-829644ec7204,NOT_RELEVANT,none,high,bone cysts; somatic ortho,no,False
8d97ae94-75db-4fd3-b830-a0c6d0107b13,NOT_RELEVANT,none,high,tick-borne disease prevention; somatic,no,False
1270866f-3841-4e3c-b3f6-9d43eca54c4c,NOT_RELEVANT,none,high,postpartum visit intervals; admin somatic,no,False
848e4cff-6bdb-47df-8163-45f6210e82b4,NOT_RELEVANT,none,high,gluten/celiac cramps; somatic GI,no,False
3caf919a-6656-49d6-8c52-1c14995c5048,NOT_RELEVANT,none,high,type 2 diabetes management; somatic,no,False
9d8fddea-c415-44fc-a8b2-68ae178d5c89,NOT_RELEVANT,none,high,wasp sting anaphylaxis; somatic emergency,no,False
0f755d55-306e-4d5f-b3ae-1ee583178794,BORDERLINE,other_mh,low,chronic fatigue syndrome; fatigue with possible overlay,yes,False
66f47ddd-4edd-4d89-ac7f-1764cc825fe5,RELEVANT,perinatal_mh,high,sad since baby born; perinatal mood,yes,False
328650bc-4115-4967-8b81-1403a5da5ec6,NOT_RELEVANT,none,high,failure to thrive z-score; somatic peds,no,False
7b076912-0b05-4ace-bf10-194d35e2f46b,NOT_RELEVANT,none,high,micronutrient deficiency growth; somatic,no,False
b2ff2cdd-805d-4083-b10e-8ade8e58d75c,RELEVANT,mood_depression_bipolar,medium,friend feeling down; how to help mood,yes,False
b9150afe-77ed-4610-ad47-d71975e271ec,NOT_RELEVANT,none,high,ANA lupus labs; 'borderline' non-psychiatric,no,False
80e5a3a3-e6d6-45c8-b4e2-28605f23995e,NOT_RELEVANT,none,high,fish oil for arthritis; somatic,no,False
6c3db661-d3f6-4211-8c6b-9edf84819890,NOT_RELEVANT,none,high,postpartum stroke symptoms; somatic emergency,no,False
c5538fb1-91b8-45b9-b7d0-ac227eaba8ae,BORDERLINE,eating_disorder,low,vomiting after meals; possible eating disorder,yes,False
f9ff755c-1fea-4659-bc40-9bdf9a585fb9,NOT_RELEVANT,none,high,afib anticoagulation bridging; somatic,no,False
436fe4f1-1fa0-4269-bfe4-0832eec1c913,NOT_RELEVANT,none,high,endoscopy sedation summary; somatic,no,False
55dba026-b7c8-493e-b884-a1dcf3956302,NOT_RELEVANT,none,high,fever differential note; somatic,no,False
1344eee4-edfd-4f70-96a6-55dd61a4e518,BORDERLINE,sleep,low,'always tired'; unframed fatigue,yes,False
d7de5bfe-6a04-49fb-9c16-a91b1826a020,NOT_RELEVANT,none,high,"fever, typhoid concern; somatic",no,False
6086b58c-b65a-49bb-a438-4a525aa1ac91,NOT_RELEVANT,none,high,shift handoff summary; admin somatic,no,False
836a57a6-f79d-4c0d-ba60-26e0b0ef0fcc,RELEVANT,perinatal_mh,high,"postpartum depression, worthless, crying daily",yes,False
65bcb323-fb43-42f1-9e3b-ad6db4de0175,NOT_RELEVANT,none,high,postpartum vaccines; somatic,no,False
def10751-da7b-45f3-aa5c-279d5642a34a,NOT_RELEVANT,none,high,hydroxyurea sickle cell dosing; somatic,no,False
2ffa9f84-44f6-45d5-8891-92d7256af218,NOT_RELEVANT,none,high,pediatric echo VSD follow-up; somatic,no,False
28d45d4a-d122-4835-9107-e35d28c56b2a,NOT_RELEVANT,none,high,UTI antibiotics vs TCM; somatic,no,False
aee0ef96-ab3a-4254-b883-3b5a0cbb1e63,BORDERLINE,anxiety,low,eyelid twitch with persistent health worry,yes,False
01c57cdf-e7e1-4d9f-82ca-d5fd17e326b4,NOT_RELEVANT,none,high,"itchy rash, fungal; somatic derm",no,False
47f053d5-40f9-4984-9ccd-ca8505b02a47,NOT_RELEVANT,none,high,"introducing solids, peanuts; wellness",no,False
962663f6-1ca5-4391-b322-5567099e8ec3,NOT_RELEVANT,none,high,ABO transfusion compatibility; somatic,no,False
8e724a46-bd99-4705-9c34-c3c21a26d505,NOT_RELEVANT,none,high,rheumatoid arthritis treatments; somatic,no,False
579fbc52-d13f-45fd-b5dc-15753ce63655,NOT_RELEVANT,none,high,malaria transmission travel; somatic,no,False
6e755721-3129-4b44-8716-091cc59dcaa9,NOT_RELEVANT,none,high,chest pain at rest; somatic cardiac,no,False
eb2affe4-510a-472d-b3dd-60aff7115bf9,NOT_RELEVANT,none,high,ankle sprain return to running; somatic,no,False
782f1249-1060-4204-925a-c8f26bdc06ce,NOT_RELEVANT,none,medium,chest x-ray interpretation; reactive worry incidental,no,False
8d25fca3-5e33-4689-a45f-53e227d99c77,NOT_RELEVANT,none,high,herbal supplements for IBS; somatic GI,no,False
db17ae41-bec2-4597-aea9-a6da7507b123,NOT_RELEVANT,none,high,missed warfarin dose; somatic,no,False
95d7c1d3-c600-4043-969b-0c0b8140dac9,NOT_RELEVANT,none,medium,only states pregnancy; no concern stated,no,False
b9ba6f1b-aa68-433a-ae05-21fcb86e6af0,NOT_RELEVANT,none,high,wheelchair justification letter; somatic admin,no,False
8ed0587a-34d2-46a0-888c-69f2f335556e,NOT_RELEVANT,none,high,joint popping during workouts; somatic ortho,no,False
30222715-80d8-421d-904c-67e183fd9eb2,NOT_RELEVANT,none,high,CPR for unresponsive person; somatic emergency,no,False
03ebd76a-99af-42d6-8a73-7b92b43ca8f5,RELEVANT,suicidality_self_harm,high,"intrusive self-harm thoughts, fears acting",yes,False
393ac90d-8dae-4e0d-88e1-272e7bf2f618,NOT_RELEVANT,none,medium,nighttime heartburn; anxiety about it incidental,yes,False
588ceec1-c5ac-472d-a273-d65693d6d423,NOT_RELEVANT,none,high,rephrasing lab note about RBC; no mental-health content,no,False
99104cd2-cc14-41cb-8611-5ac840e3f725,NOT_RELEVANT,none,high,"postpartum Tdap vaccine question; somatic, no MH",no,False
8e706833-319d-4a28-9ecf-048d28055e79,NOT_RELEVANT,none,high,pediatric insulin comparison; endocrinology only,no,False
77c058d1-91ba-458d-a3bf-49d3ae97cba3,BORDERLINE,anxiety,medium,chest tightness possibly anxiety vs reflux; psychological overlay,yes,False
8adc7d1c-d0b1-4ba7-bf03-8a912fe61f2e,NOT_RELEVANT,none,high,"chest pain, possible cardiac; purely somatic",no,False
d8b36818-1210-4ba9-8d26-55b11561bedb,NOT_RELEVANT,none,high,latent syphilis follow-up; infectious disease,no,False
51eaef3d-8ff1-4573-b1b3-52f8786bbae3,NOT_RELEVANT,none,high,COPD text rewrite; respiratory only,no,False
2eee9151-3fda-40fc-afb3-a4c1ef81244c,NOT_RELEVANT,none,high,elbow overuse injury; orthopedic,no,False
7d9394c0-e83b-4eba-af57-080f05090852,NOT_RELEVANT,none,high,antihistamines for chronic urticaria; dermatology,no,False
e9577639-19d1-45e6-a117-50c0ebb57cff,NOT_RELEVANT,none,high,well-child visit schedule; pediatric administration,no,False
ef9dbc46-88ff-4b5b-b216-7d1d09ae4282,NOT_RELEVANT,none,high,pregnancy ultrasound frequency; obstetric,yes,False
60014344-17cb-448b-aab3-9a95045f5a62,RELEVANT,mood_depression_bipolar,high,"depressed, no local therapist, seeking help",yes,False
647c104a-f00f-4f94-bf05-b7e3f25234fe,NOT_RELEVANT,none,high,subcutaneous emphysema needle procedure; no MH,no,False
6c9b7ade-cbc5-4c71-97f0-e7ddc3425701,NOT_RELEVANT,none,high,heartburn medication restart; GI,no,False
c4564c28-ec79-4e50-9d27-3952b92e0056,RELEVANT,neurodevelopmental_adhd,high,"ADHD medication adjustment, Adderall visit note",yes,False
98b356bf-fa4d-45c3-b3c5-7e1db903bc8b,NOT_RELEVANT,none,high,quarantine isolation note; infectious exposure,no,False
6d9b732d-03a5-4760-a7c2-92a17b891886,NOT_RELEVANT,none,high,spinal fusion bone grafts; surgical,no,False
c6f4554d-823a-4672-810c-706dce0728d8,NOT_RELEVANT,none,high,infected ear piercing; dermatologic,no,False
0e7a962d-67f7-4503-bfb4-5a7a1608cede,NOT_RELEVANT,none,high,mefloquine antimalarial dosing; travel medicine,no,False
5745497f-3764-4bea-8da4-3b727a7c7325,NOT_RELEVANT,none,high,sore throat tonsillitis; ENT,no,False
2e85a24f-9dda-414b-abff-c102ad4e90b8,NOT_RELEVANT,none,high,gestational diabetes diet; obstetric/endocrine,no,False
cb72987a-a065-409e-832d-196bda60bb40,NOT_RELEVANT,none,high,hip replacement home health certification; somatic,no,False
c3115c69-cc42-44f5-a7e3-704cd0e94e3e,NOT_RELEVANT,none,high,infant safe sleep guidelines; pediatric,no,False
a5d35c52-1344-45fa-874c-324b976d2836,BORDERLINE,sleep,medium,child chronic insomnia without psychological framing,yes,False
7bf7df45-5f64-40c7-8528-f35061257fd0,NOT_RELEVANT,none,high,H. pylori salvage therapy; GI,no,False
870cf73a-32ec-46ce-9643-c895a3bce21e,NOT_RELEVANT,none,high,back posture pain from office job; musculoskeletal,no,False
99cc5666-16b0-4ee2-bd8b-4de2f73696cb,NOT_RELEVANT,none,high,leishmaniasis skin lesion dosing; infectious,no,False
83ab85be-aea2-4e69-b93d-9be6fea02dee,NOT_RELEVANT,none,high,exercise for older adults; fitness/lifestyle,no,False
61893a57-466e-4216-9265-009e2fd5d5a3,NOT_RELEVANT,none,high,new dark mole removal; dermatology,no,False
8d64081c-6a73-4c97-82f0-4bb0ac5aaba4,NOT_RELEVANT,none,high,postpartum hemorrhage management; obstetric,no,False
9cf6b96e-b7d8-4f98-a936-067cad96fcbd,NOT_RELEVANT,none,high,unintentional weight loss workup; somatic,no,False
3c6b4899-d8d9-410d-9233-b9bec1501e61,BORDERLINE,suicidality_self_harm,low,"ingested bleach; possible self-harm, ambiguous intent",yes,False
89327a7c-52f5-4075-9d3b-a8a0103f68c4,NOT_RELEVANT,none,high,OTC ringworm cream; dermatology,no,False
5fde366a-e1f6-4eb4-bd77-3da141ac3bf7,NOT_RELEVANT,none,high,migraine relief in remote area; neurology/pain,no,False
39003efe-d7fc-418c-aa6d-6b9113b836c4,NOT_RELEVANT,none,high,Japanese encephalitis vaccine for travel; preventive,no,False
7d38274a-5a6d-4dad-9e42-377ca7d7484b,NOT_RELEVANT,none,medium,carbamazepine hepatic dosing; no psychiatric indication stated,no,False
f3510248-9e5b-498b-be20-517d37461859,NOT_RELEVANT,none,high,"toddler fever, ER decision; pediatric",no,False
46a7474a-596b-4049-9ca6-6183091e1690,NOT_RELEVANT,none,high,elderly persistent cough; respiratory,no,False
d121138b-aa83-4a2b-89f7-f972d1b68a02,NOT_RELEVANT,none,high,travel vaccine boosters; preventive,no,False
0148ec42-59ba-47d2-a1cb-3ea3ed5f5fa0,NOT_RELEVANT,none,high,"left hand weakness, possible stroke; neuromotor",no,False
10e0d8f4-036f-4429-a45d-7472d2c3e0ab,NOT_RELEVANT,none,high,Parkinson's DBS; psych comorbidities explicitly denied,no,False
c41341f1-7fea-486c-bd46-e011d83ed844,NOT_RELEVANT,none,high,diabetes visit note summary; no MH,no,False
a73cf6f3-f7f2-4d49-8f2e-1aafdfa1694a,NOT_RELEVANT,none,high,swallowing study protocols; speech therapy,no,False
f47cc66f-2e37-4924-a520-2c90e6bd581e,NOT_RELEVANT,none,high,"midazolam sedation dosing; procedural, not psychiatric",yes,False
3599cfcc-27fd-4149-802f-9ea7723a0ad7,NOT_RELEVANT,none,high,tooth cold sensitivity; dental,no,False
6e6691b9-4ed8-4f81-82fe-4fb22e5c5702,NOT_RELEVANT,none,high,dengue fever management; infectious,yes,False
bcc96b39-ec68-4e08-b6b7-d4af03763338,NOT_RELEVANT,none,high,sinus congestion infection vs allergies; ENT,no,False
479dc35b-f102-42b0-869f-62c1511649d7,NOT_RELEVANT,none,high,pink eye/conjunctivitis; ophthalmology,no,False
15ef859d-aefb-49a9-98fa-1271fcbcf812,NOT_RELEVANT,none,high,postpartum hemorrhage documentation; obstetric,no,False
8f35a267-29c5-4504-90c0-0c3abca89f40,NOT_RELEVANT,none,high,palpitations diagnostic workup; cardiac,no,False
ba0360c4-a12e-49bb-80eb-108ce4875372,NOT_RELEVANT,none,high,"Diabetic DKA/cerebral-edema emergency, purely somatic",no,False
57ff54f3-927e-4f3a-bef6-e8cca580e10a,NOT_RELEVANT,none,high,"Chronic kidney disease referral letter, no mental health",no,False
8a9a1126-65bc-4cff-b755-2d0e1f5707fc,RELEVANT,stress_adjustment,high,"Overwhelmed, constant crying, wondering if needs help",yes,False
5a115734-1080-4849-ae51-8566c98610af,NOT_RELEVANT,none,high,"Child fever/stiff neck/confusion, meningitis emergency",no,False
710ec937-b446-4d23-b333-84c45752e549,NOT_RELEVANT,none,medium,"Accidental forearm cut, home suturing; no psychiatric framing",no,False
a83962af-1779-4d1e-a1f3-fe10f25afc33,NOT_RELEVANT,none,high,"Ankle sprain, purely orthopedic",no,False
5c1ce5bb-7295-4088-bd9d-3cd90f716ae2,NOT_RELEVANT,none,high,"Etomidate intubation dosing, no mental health",no,False
ab7c72ec-6e79-416f-8a93-8f3413bf57be,NOT_RELEVANT,none,high,"Tubal ligation vs vasectomy, contraception",no,False
eb18e2b2-544f-4614-b250-e643f9ccaee5,NOT_RELEVANT,none,high,"Inflamed appendix, somatic",no,False
9500305f-16e8-4688-932d-58df16356782,NOT_RELEVANT,none,high,"Postpartum cardiomyopathy ICD coding, no mental health",no,False
d5972228-1f8d-4f01-9ac0-548c5a17c403,NOT_RELEVANT,none,high,"Prenatal cfDNA screening staff training, no mental health",no,False
f9a77143-adf6-46aa-9f2f-00b37ccd9080,NOT_RELEVANT,none,medium,"Mental sharpness wellness/hydration, no psychiatric concern",no,False
4676ce19-e3ff-423a-a30b-c1699b53988d,NOT_RELEVANT,none,high,"Laparoscopic operating-time claim, no mental health",no,False
f650bac8-baaf-4394-81a9-461ee579132d,RELEVANT,perinatal_mh,high,Postpartum depression interventions for teenage mothers,yes,False
f5e8319e-5639-4274-8f5e-d3608e8259e1,NOT_RELEVANT,none,high,"Cycling fatigue and chest tightness, somatic",no,False
e09ef985-6340-4a4a-9d29-d8d9192af90b,NOT_RELEVANT,none,high,"Abdominal hemorrhage emergency, somatic trauma",no,False
a7fb1c05-12c0-4801-91d6-2286e3fa4fcc,NOT_RELEVANT,none,high,"St-John's-wort oil for bruises, topical safety",no,False
b9997c94-568e-4ac4-8f76-0d90265df22a,NOT_RELEVANT,none,high,"Heart failure/afib cardiology, no mental health",no,False
82376fcf-41e4-459c-af42-132d0cf13e53,NOT_RELEVANT,none,high,"Transfusion reaction note completeness, somatic",no,False
00797fe0-30a5-4293-b300-2c648d3fe7a3,RELEVANT,psychiatric_medication,high,Asks best antidepressant after stopping prior one,yes,False
706ce57a-c688-4e0b-a49d-3f2ce8eacb81,NOT_RELEVANT,none,high,"Childhood vaccination decision, no mental health",no,False
c930622b-07cc-4ee4-b25f-90df53fe26a3,NOT_RELEVANT,none,high,Color-blindness cure; 'mental focusing' is vision technique,no,False
3d422da0-016b-4ce5-a744-320f12094382,NOT_RELEVANT,none,high,"Desk-worker back strain, posture exercises",no,False
f8377002-c120-46d1-b429-476245c8676a,NOT_RELEVANT,none,high,"Lupus testing logistics, somatic; 'worried' incidental",no,False
19d9f810-e8e6-45b8-98ee-bca17ec347af,NOT_RELEVANT,none,high,"Vaccination for asplenia, no mental health",no,False
aefab8d2-b751-4e75-8912-1a505283e133,NOT_RELEVANT,none,high,"Chemo patient fever, neutropenia concern",no,False
24bad45a-3730-4f30-b8c3-5a509079d218,NOT_RELEVANT,none,high,"Pediatric epiglottitis management, somatic emergency",no,False
77dab39e-e50b-46fa-84e5-423e0bb209cd,NOT_RELEVANT,none,high,"Warfarin dosing in elderly, no mental health",no,False
568baa40-38cf-4cf3-9ddd-577d949f8f39,NOT_RELEVANT,none,high,"Infant solid-food transition, nutrition",no,False
3a8782de-e12e-4664-af07-4a9eed24ebc8,NOT_RELEVANT,none,high,"Hair-loss supplement safety, no mental health",no,False
5299e07d-46b2-4f5b-8196-8799dfeaf5f3,NOT_RELEVANT,none,high,"Arm itching allergy question, dermatologic",no,False
3c9eb776-17f7-4333-aaef-3defc09d48b2,NOT_RELEVANT,none,high,"Infant teething remedies, no mental health",no,False
09f0c0f3-cee1-44f7-8b94-31845d71e8a3,NOT_RELEVANT,none,high,"Malaria fever/chills medication, infectious disease",no,False
73bb0292-1fe1-4e57-b760-7d58cbea526b,NOT_RELEVANT,none,high,"Chemical fume exposure, toxicology emergency",no,False
982d9f10-482d-410b-95c6-3877c9823ddb,NOT_RELEVANT,none,high,Normal labs summary; 'borderline' in lab sense,no,False
3e2d1d7a-66c8-4cf0-a94f-dbf269887497,RELEVANT,eating_disorder,high,Refeeding protocol for teen with anorexia behaviors,yes,False
8ea6c88c-fb95-4fd3-b399-1995cb1713ce,NOT_RELEVANT,none,high,"Lactose intolerance and ice cream, GI",no,False
1acc4066-66fc-4f8c-88f6-814a0afd8da0,NOT_RELEVANT,none,high,"Chest pain, can't breathe, cardiac emergency",no,False
86fbe585-01b5-46d5-bdb0-c28ab2ff6f9c,NOT_RELEVANT,none,high,"Pediatric foot sprain note template, administrative",no,False
e6fe887a-4a2c-4416-a007-46826d06abe3,NOT_RELEVANT,none,high,"Missed period, possible pregnancy, no mental health",no,False
d6142d0a-3d49-4799-b902-e9c658610f7e,NOT_RELEVANT,none,high,"Ectopic pregnancy management, obstetric emergency",no,False
05a72fcc-7481-476d-b942-5f3298dfd737,NOT_RELEVANT,none,high,"Knee pain progress note, orthopedic documentation",no,False
cf4ed2fc-de33-4e51-b9a2-d40c26b6675f,NOT_RELEVANT,none,high,"Pediatric croup dosing, respiratory",no,False
cc699fc8-c36d-4327-a80c-9317a73833f6,NOT_RELEVANT,none,high,"Subdural bleed after head trauma, neurosurgical",no,False
2949d783-13e7-48b4-83dc-9d42b16b94ea,NOT_RELEVANT,none,high,"Cure date for rare genetic disorder, somatic",no,False
49d32c49-2358-4d5b-bbbf-4a34b4e1e189,NOT_RELEVANT,none,high,"Infrared sauna detox efficacy, wellness",no,False
39ab962b-aa6e-4753-8b3b-325d34dd1afe,NOT_RELEVANT,none,high,Diabetic vision loss ophthalmology referral,no,False
cd774a16-37da-4a16-9b05-f5d10c19d282,NOT_RELEVANT,none,high,"Dehydration oral rehydration education, somatic",no,False
e75c3548-44fd-4844-b62f-7a56b76157b8,NOT_RELEVANT,none,high,"Multiple sclerosis disease-modifying meds, neurologic",no,False
fd4d13db-6ed7-45a4-a8c1-3e5e878f6bd3,NOT_RELEVANT,none,high,"Type 2 diabetes oral medication choice, somatic",no,False
36747d9f-e333-46ed-9520-f69fb02d5aa3,NOT_RELEVANT,none,high,Heartburn/GERD somatic complaint,no,False
033c4473-11be-4108-9da9-1b432d8e2944,NOT_RELEVANT,none,high,"Blister wound care, no mental health",no,False
7eb8ba96-1382-4901-8de9-8e7d598c1f58,NOT_RELEVANT,none,high,Dental flossing question,no,False
e4ff0702-95d1-46b4-bacf-7a58646e4a06,NOT_RELEVANT,none,high,"Tooth ache, somatic dental",yes,False
a961e1db-5105-47f7-8473-ad7173442a16,NOT_RELEVANT,none,high,Asthma clinical scenario,no,False
98a5b7d0-2be4-4925-9e52-30bbf112f9fb,NOT_RELEVANT,none,high,Vaccine schedule question,no,False
90a81cb4-7884-4cd6-9dc2-cf9c8cdc621d,NOT_RELEVANT,none,high,Parathyroidectomy surgical guidelines,no,False
65f6b3b0-66ea-41c9-b1f7-28f7eeef7024,NOT_RELEVANT,none,high,"Vision complaint, somatic",no,False
f3d16a72-ebb2-4490-bd23-7bd6adb6012a,NOT_RELEVANT,none,medium,Lactose-type GI complaint; worry incidental,no,False
94ee3dc0-66f3-4467-8521-0fe8ebc2a128,NOT_RELEVANT,none,high,"Postpartum hemorrhage, somatic emergency",no,False
1c16e366-c35d-4722-81b8-a8d7c88e763a,NOT_RELEVANT,none,high,Postpartum hemorrhage drug choice,no,False
6aa32c27-5661-494e-808c-6c59cefdcf82,BORDERLINE,substance_use,low,Xylazine overdose; acute medical emergency framing,yes,False
9317a760-73e4-471f-baad-d7895581e46e,RELEVANT,perinatal_mh,high,"Postpartum sadness, low interest, care-seeking",yes,False
842a1f22-0c53-47e3-83f8-7643c59b22f4,RELEVANT,perinatal_mh,high,"Postpartum depression, aromatherapy treatment",yes,False
9ed9b589-0162-4462-83ce-a42c9a5d34c5,RELEVANT,mood_depression_bipolar,high,Microdosing LSD curing major depression,yes,False
b0537d7e-635b-484e-801f-8f4cb1aec07f,NOT_RELEVANT,none,high,Dog scratch wound care,no,False
90f0d376-42af-4687-bb88-848a2a788236,NOT_RELEVANT,none,high,"Hypertension medication, somatic",no,False
a817b00f-7464-47ac-97d5-e3eea59dcc47,NOT_RELEVANT,none,high,Sickle cell crisis care,no,False
e5c02375-bbe8-4e2f-b1c8-0c0e2ee35914,NOT_RELEVANT,none,high,"Pediatric arrhythmia, cardiac",no,False
cb421db0-4e51-44eb-8f88-2dc7dd018f99,NOT_RELEVANT,none,high,Acute glaucoma management,yes,False
ee5cdda4-1773-4c1c-9fdd-1a79d8dee088,RELEVANT,anxiety,high,Panic attack medication request,yes,False
eff8ed60-7329-4d2e-bf74-f22aa3861bee,NOT_RELEVANT,none,high,"Pink eye, somatic",no,False
512e1b64-cc35-4923-ba87-31f5bb45df14,NOT_RELEVANT,none,high,Minor burn home care,no,False
d373a5f0-ca03-455b-9d83-74e3fe85484c,NOT_RELEVANT,none,high,Scabies remedy,no,False
8d73d895-8fa8-4709-8beb-50472bcb599f,NOT_RELEVANT,none,medium,"Toddler low weight, labs/dietitian",no,False
4bd394a3-e8e2-4346-9ccc-5e055cc2a94e,RELEVANT,perinatal_mh,high,"Postpartum depression, intrusive thoughts, overwhelmed",yes,False
7009a827-45dc-45f8-ad87-e220b90f59b7,BORDERLINE,cognitive_neuro,low,"Mental fog episodes, neuropsychiatric-adjacent",yes,False
77632f52-e0c2-4746-8af3-a4aa89a0bdef,NOT_RELEVANT,none,high,Wide-QRS tachycardia protocol,no,False
4d211c59-408d-4ccd-92c8-efeebfd5a9ec,NOT_RELEVANT,none,high,Cefazolin prophylaxis dosing,no,False
d8ffed53-10e6-4511-9610-538d612afdb0,NOT_RELEVANT,none,high,PD peritonitis lab interpretation,no,False
52727177-09bf-4742-8a4b-477e56ecc9b6,NOT_RELEVANT,none,high,Multiple sclerosis testing,no,False
10de90ff-b5ff-41de-9604-cbdc7b98022a,RELEVANT,trauma_ptsd,high,PTSD prolonged exposure therapy planning,yes,False
0a51d024-97a2-4a01-a946-0c7abe025cdc,NOT_RELEVANT,none,high,Migraine medication alternatives,no,False
44988a1f-c2a4-46fc-98ae-b878d50a167d,NOT_RELEVANT,none,high,CKD medication dose adjustments,no,False
ec0dd947-489c-4b16-b9ed-a1c43d710049,NOT_RELEVANT,none,high,Neonatology shift handoff summary,no,False
6f95df1b-0eca-4d88-a56a-bc0c1ab9096c,NOT_RELEVANT,none,medium,"Concussion info, acute head injury",no,False
a9632929-8c42-4860-b6fb-c21ea0026226,NOT_RELEVANT,none,high,Carbohydrate nutrition question,no,False
90a12b5e-8675-402f-b056-b771e681a5cf,RELEVANT,neurodevelopmental_adhd,high,ADHD vs ADD differences,yes,False
bfdbbe72-9041-4e40-8c4b-52366eed132c,NOT_RELEVANT,none,high,Scabies permethrin application,no,False
21fd6901-4633-409b-9bb1-1656e3491e31,NOT_RELEVANT,none,high,Kidney disease protein meal plan,no,False
5a1a9b5c-aab2-4a8c-8061-765cfb49680f,NOT_RELEVANT,none,high,Dialysis modality choice,no,False
fcdc492e-7552-4b9b-a320-c0e028845bcf,NOT_RELEVANT,none,high,Zinc lozenges for cold,no,False
f999b0e0-e69a-4f33-954f-0660a495b030,NOT_RELEVANT,none,high,Cerebral palsy exoskeleton therapy,no,False
6f67c7f2-bcb6-4658-9b3c-52be1f4a4785,BORDERLINE,other_mh,low,"Post-viral fatigue, plausible psychological overlay",yes,False
d3fc15ef-57b1-4a13-b952-5be928f33aa9,NOT_RELEVANT,none,high,PKU newborn note finalization,no,False
e2ef39f2-821f-4aa6-ab90-e30e6f78e08b,NOT_RELEVANT,none,high,"Abdominal pain, somatic",no,False
8206e8ba-4226-43ba-a3c0-69644b4a7b0c,RELEVANT,anxiety,high,"Generalized anxiety, panic attacks, CBT/SSRIs",yes,False
ab1afbe9-f6e1-45e3-aba7-73933d7d93e0,NOT_RELEVANT,none,high,Septic shock pediatric emergency,no,False
5b956cef-a8d0-434b-b961-e8f6fb042419,NOT_RELEVANT,none,high,How to take cardiometabolic medications,no,False
74469290-891b-4cd3-9dd3-8d6bfa8d3c40,NOT_RELEVANT,none,high,"Clinic visit note, knee stiffness",no,False
e2ab624a-a05d-4101-9c88-eceef7e43d97,NOT_RELEVANT,none,high,"ICU progress note documentation, no mental-health content",no,False
c843acd8-1aec-4eb9-86d6-2d79f21b46a0,NOT_RELEVANT,none,high,"Postpartum hemorrhage, somatic obstetric question",no,False
8cbebabf-111a-4732-ab05-1e9e205e4c9b,NOT_RELEVANT,none,high,"Monkeypox vaccine/testing, infectious disease",no,False
c3e47199-175a-421c-8743-250bec9d41b9,NOT_RELEVANT,none,high,"Prenatal chromosomal screening schedule, no MH",no,False
f671f001-5f19-421c-a600-c2449808d9a6,NOT_RELEVANT,none,high,"Liver cirrhosis transplant navigation, somatic",no,False
28817132-4450-4394-8975-edd8f049316c,RELEVANT,suicidality_self_harm,high,Caller threatening self-harm crisis support,yes,False
06d36f05-efb9-4041-baae-e03cc6bc2ab2,NOT_RELEVANT,none,high,"Wellness template with CPT codes, administrative",no,False
8243c361-a95e-4df1-952b-4c3999ae0f24,NOT_RELEVANT,none,high,Lactose intolerance dietary question,no,False
ab51e312-afda-429a-bb7d-fb236296f392,NOT_RELEVANT,none,medium,"Reduced dexterity, neuro exam normal; somatic neuro",no,False
a02f8867-c5f6-492a-b569-07b504fb038d,NOT_RELEVANT,none,high,Fiction scene about hypothyroidism and anesthesia,yes,False
9d5b15f4-6461-41e1-975e-be3db98de580,NOT_RELEVANT,none,medium,"Carbamazepine dosing, neurologist context not psychiatric",yes,False
3dde04d7-87a0-4b07-b6d1-48de9b36f905,NOT_RELEVANT,none,high,Rheumatology note documentation review,no,False
fee54a00-4124-461a-b00c-b916961b5280,NOT_RELEVANT,none,high,"Dialysis infection-prevention checklist, no MH",no,False
2a116cf0-e24e-48df-8fc7-eaf333a85651,NOT_RELEVANT,none,high,"Suspected appendicitis, somatic emergency",no,False
760ee68e-5a9e-4be2-8632-32ac1331f34b,NOT_RELEVANT,none,high,Dental prophylactic antibiotic selection,no,False
6ab4bb09-a7b4-442c-bb01-fe064d975d82,NOT_RELEVANT,none,high,"Trauma fall, head injury emergency",no,False
03bbcea3-b81d-409c-9281-bd07ad7e64e1,NOT_RELEVANT,none,high,"OB-GYN pamphlet content, no MH focus",no,False
e0fb71f4-cc3f-4535-8b1a-299236272fee,NOT_RELEVANT,none,high,"Exertional chest pain, coronary disease workup",no,False
54fda87c-0d03-4427-84da-f50a5f267c3c,NOT_RELEVANT,none,high,"Newborn formula spit-up, pediatric feeding",no,False
27d7a448-b205-4d22-b8c6-70d93ac37507,RELEVANT,anxiety,high,"Daily panic attacks, calming medication question",yes,False
7183aa2b-73f5-4645-a3d1-35f015492bad,NOT_RELEVANT,none,high,Minor head bump SOAP note formatting,no,False
0d2931ab-bd6b-4152-9f69-393021528f48,NOT_RELEVANT,none,high,"Arm numbness, somatic neurological question",no,False
650af51a-4ca5-431e-8917-46b793838a03,NOT_RELEVANT,none,high,"OSHA N95 fit-test note, occupational",no,False
1847f8a8-f3d5-4f04-be2a-5df8b533d85a,NOT_RELEVANT,none,high,Fictional virus infectious-disease questions,no,False
24b889da-84e0-4058-af8b-3fa3d5a1a24a,NOT_RELEVANT,none,high,Sinus infection antibiotic with penicillin allergy,no,False
33e5de32-1d6b-4717-bf90-cf36f31667ab,NOT_RELEVANT,none,high,"Hair thinning, stress mentioned only incidentally",yes,False
2357aa0a-771e-4c92-bdee-c56ef9e05830,NOT_RELEVANT,none,high,Multiple sclerosis disease-modifying therapy choice,no,False
bdf52a5a-2535-494c-80c0-0b6cea6b7ff6,NOT_RELEVANT,none,high,"Cesarean wound check schedule, somatic",no,False
9fa9b2a3-5c18-4805-9a3d-fd2146d4e722,NOT_RELEVANT,none,medium,Headache pain-pill dosing; sleep loss incidental,no,False
38db1419-f89c-4fdb-a4e3-f9d2d1bd9a42,NOT_RELEVANT,none,high,"Foot pain reflexology, somatic wellness",no,False
5e88a43c-4a01-4417-8ed0-3767e357170c,NOT_RELEVANT,none,high,"Nosebleed first aid, somatic",no,False
ea8d6a74-f7d6-40c9-bab7-24aa36bae703,RELEVANT,perinatal_mh,high,"Postpartum depression on Zoloft, therapy, med timing",yes,False
a4afa0e4-910a-497d-876e-274985a85d23,RELEVANT,suicidality_self_harm,high,"User suicidal, requesting coping steps",yes,False
eefd92ef-79df-4b4b-bfdc-fa62bda236b0,NOT_RELEVANT,none,high,"HIV breastfeeding safety, somatic",no,False
af30c2bc-497f-4145-9801-a8003e155d70,NOT_RELEVANT,none,high,"Severe burns emergency, somatic trauma",no,False
26f12295-fa94-4dd2-ab78-455c2e0a4d49,RELEVANT,psychiatric_medication,high,"Depressed, switching SSRI brand, tapering question",yes,False
2be6a9b7-1112-4d9d-a982-c3ac2921833f,NOT_RELEVANT,none,medium,"Generic postpartum follow-up, no mood framing",no,False
0ffac3f1-44e4-4934-a25c-e6a31fe5a838,RELEVANT,perinatal_mh,high,"Postpartum feeling sad, postpartum depression screening",yes,False
82d2f7e3-5e1c-4c91-b362-30970077b4cc,NOT_RELEVANT,none,high,"Kidney infection self-resolution, somatic",no,False
0963835e-2cc9-46bf-9db6-e452561d0acf,BORDERLINE,anxiety,medium,Racing heart with racing thoughts; panic vs arrhythmia,yes,False
6304340c-34af-4c75-84f4-8e5a8e7e6ed8,NOT_RELEVANT,none,high,"Hepatic encephalopathy rifaximin dosing, somatic",no,False
7856c3c2-a439-4670-9da9-b473ad853e1d,NOT_RELEVANT,none,high,"Postpartum hemorrhage at home, somatic emergency",no,False
4cb3e171-51cd-411f-8aeb-d847a0743c83,NOT_RELEVANT,none,high,"Infected foot wound, somatic",no,False
c080db2e-df03-4f0c-8f2f-cf49ac0d6caf,NOT_RELEVANT,none,high,"Molar pregnancy GTN chemotherapy, oncologic",no,False
80b07732-1bcc-411f-8988-882a7c9a96d2,NOT_RELEVANT,none,low,"Hyperbaric oxygen for TBI brain recovery, neuro-rehab",no,False
1029a2c1-6c6d-460f-aac9-773be1ab5023,NOT_RELEVANT,none,high,"Cold sore versus canker sore, dermatologic",no,False
57d4ca13-ca43-4890-a934-8fbf5715b90e,NOT_RELEVANT,none,high,"Stroke assessment, somatic neurological emergency",no,False
d94ab4a4-83bb-46a4-aaea-7b1744be6fba,NOT_RELEVANT,none,high,"Postpartum PE Wells/Geneva scoring, somatic",no,False
9f03109a-9986-4659-88e7-d6e86ea143d9,NOT_RELEVANT,none,high,Athlete protein intake nutrition guidelines,no,False
beb72b5c-2ba5-4c0b-a605-3233ad194978,NOT_RELEVANT,none,high,"CCM billing code, administrative",no,False
8bead42b-ec30-4cc2-8bb2-ba861a3ec896,NOT_RELEVANT,none,high,"Acronyms, wound infection, ECG; purely somatic",no,False
425a70f0-66ba-41ee-b7fb-705073846c8d,NOT_RELEVANT,none,high,"Transfusion note documentation task, no mental health",no,False
42a2ea69-bc92-4e14-97b8-028ea96a0a3d,NOT_RELEVANT,none,medium,"Acute alcohol overdose emergency, not behavioral-health framing",no,False
15de70d0-d62d-4e30-babd-4b86f77f0cc3,NOT_RELEVANT,none,high,"Psoriasis biologic LFT monitoring, somatic",no,False
c719930f-9d22-46d6-bb69-43e9a03a66dc,NOT_RELEVANT,none,high,"Osteoporosis pharmacotherapy, somatic",no,False
0771a3ea-6788-4f85-bd45-fea2475e2a35,NOT_RELEVANT,none,high,"Enlarged cervical nodes, somatic",no,False
09b05b01-d701-4551-807a-9a4f54dc281d,NOT_RELEVANT,none,high,"Chest discomfort after workout, cardiac/somatic",no,False
3a4e5019-e522-4b6d-b7a9-99d657982dd5,NOT_RELEVANT,none,high,"MS and healing crystals, somatic misinformation",no,False
37d733e6-d654-4ba3-9173-418014ff3c1e,NOT_RELEVANT,none,medium,Citalopram only incidental in perioperative med-hold question,no,False
1afb1d5b-2acc-4067-a758-b7e2f01b18ea,NOT_RELEVANT,none,high,"Antibiotic data for staph, somatic",no,False
cd20a3a9-e059-4d6b-a74a-42c0dbbc1876,NOT_RELEVANT,none,high,"ESRD progress note, admin/somatic",no,False
c82df3ea-3afc-4fa9-bdea-1a1039039301,NOT_RELEVANT,none,high,"Heartburn remedy, GI somatic",no,False
a09824db-b25a-4491-80d9-b9ab2497abd7,NOT_RELEVANT,none,high,"Fever and stiff neck, somatic",no,False
e797308f-0d5d-4ab4-b5c9-86f39cc9b11e,NOT_RELEVANT,none,high,"Needle decompression procedure, somatic",no,False
e69326b9-af33-4a33-9a5c-bdc2c62541d8,NOT_RELEVANT,none,high,"Lemon water for kidney failure, somatic misinformation",no,False
4c5889f0-3084-45be-971b-3c4e60cc9e1b,NOT_RELEVANT,none,high,"DKA/HHS management, somatic",no,False
9bf1fe44-6e62-49fa-a883-1ad64d2a91d5,NOT_RELEVANT,none,high,"Barefoot running knee pain, orthopedic",no,False
ac5cc154-c7f2-4ba7-bc1b-180c24e0ca97,NOT_RELEVANT,none,high,"Blood pressure and migraines, somatic",no,False
ecdcc3d2-905e-4072-bebd-c701e2571ab2,NOT_RELEVANT,none,low,"Postpartum sedation for rest, no psychological framing",no,False
8e1ff4c9-ffa0-4505-b6e3-1ce6edf8ce59,NOT_RELEVANT,none,high,"Post-flight dyspnea, PE workup, somatic",yes,False
67de6cd1-776c-4ac0-a912-bad03e575d5c,NOT_RELEVANT,none,high,"Shoulder rotator cuff pain, orthopedic",no,False
439da11e-56d1-40f1-afd8-b03df9e77b19,RELEVANT,perinatal_mh,high,"Postpartum depression resources, perinatal mental health",yes,False
de8ce69e-229e-4615-bc71-8b5150bd451f,NOT_RELEVANT,none,high,"Post-laminectomy leg pain, somatic",no,False
48f5b13a-c820-4ba3-acaa-fdddf117e853,NOT_RELEVANT,none,high,"Reflux meds and alkaline diet, somatic",no,False
042b0735-74b6-4461-8c27-f9016d416eba,NOT_RELEVANT,none,high,"Non-opioid chronic back pain, somatic",no,False
b085acb7-1963-427e-ac21-730d427ade98,NOT_RELEVANT,none,high,"ICU ventilator support, somatic",no,False
0f7a9f4b-1fd1-4f5e-b495-33d0db5c12b5,NOT_RELEVANT,none,high,"Postpartum birth control, somatic",no,False
493816c9-4b1a-4ead-851d-4a09adf1c8af,NOT_RELEVANT,none,high,"Vitamin D supplementation, wellness",no,False
d95f8947-a892-483a-b0a1-82a496c89dfd,NOT_RELEVANT,none,high,"Levothyroxine dosing, somatic endocrine",no,False
6bc43acb-3f76-47b2-8822-20edd1f0969c,RELEVANT,mood_depression_bipolar,high,"Asks when mania returns, bipolar concern",yes,False
8d934b0f-ea27-4136-acf2-26d77e248db5,BORDERLINE,substance_use,medium,"Friend unresponsive after laced drug, overdose crisis",yes,False
703ac9f6-500d-4bcb-9b96-b53aee834450,NOT_RELEVANT,none,high,"Headache and dizziness, somatic",no,False
2086e517-9028-4324-883e-fd5c88b432f1,NOT_RELEVANT,none,high,"Diabetes-in-pregnancy text rewording, somatic",no,False
489b0b20-55f0-4b01-972d-321a270722a8,NOT_RELEVANT,none,high,"Brucellosis testing/treatment, somatic infectious",no,False
5b82c496-1e2a-4d11-907b-5404f451b8ba,NOT_RELEVANT,none,high,"Hypertension management, somatic",no,False
b9c1bbea-e333-40c4-afc6-f5eaf927aa0e,NOT_RELEVANT,none,high,"Drowning rescue and CPR, somatic emergency",no,False
1c2a5bef-2fd0-4377-9866-7ea91969360c,BORDERLINE,sleep,medium,Insomnia two weeks without explicit psychological framing,yes,False
51c09986-1e4f-4fa1-9305-e0777b933133,NOT_RELEVANT,none,high,"Diabetic foot ulcer training module, somatic",no,False
8c23a064-30c0-4a34-b276-b606f455d47a,NOT_RELEVANT,none,high,"Post-flight illness differential, somatic",no,False
343c1b59-8307-46c5-9dfd-3f7d11646960,NOT_RELEVANT,none,high,"Needle decompression sites, somatic",no,False
c885a941-7b2a-4137-a8f3-63d5499d43eb,NOT_RELEVANT,none,high,"Child ear infection and antibiotic, somatic",no,False
0c43d2f0-0332-4a56-aa53-e5afc025cdda,NOT_RELEVANT,none,high,"Stopping nosebleeds, somatic",no,False
5f0fb76d-6009-4edd-8ab0-a19e20363384,NOT_RELEVANT,none,high,"Hives and lip swelling, allergic somatic",no,False
c31840f4-2cb5-4816-a178-937d015ae030,NOT_RELEVANT,none,high,"Child taking syrup, somatic medication",no,False
bccbcbde-9e4a-4fd0-8b00-32c21e7db94e,NOT_RELEVANT,none,high,"Group B strep prophylaxis in pregnancy, somatic",no,False
84ddef89-c1c0-4b73-afec-430bdaeed4af,NOT_RELEVANT,none,high,"ICU sedation scoring scales, somatic",no,False
9f02b210-aec6-46cb-8530-88ad2162ed1e,NOT_RELEVANT,none,high,"Subcutaneous emphysema management, somatic",no,False
7e941485-a478-45ab-94d6-17da3e3b94e5,RELEVANT,personality,high,"Suspected borderline personality disorder, considers DBT",yes,False
f1938e69-50da-47a5-90c6-64dcdea6675d,NOT_RELEVANT,none,high,"Changing mole, dermatology somatic",no,False
c7c616dd-5a16-42a7-8dd3-ba14562a0dd9,NOT_RELEVANT,none,high,"Heimlich maneuver for choking, somatic emergency",no,False
677bff30-983e-4f3a-8956-8ecb45b4397d,RELEVANT,perinatal_mh,high,Postpartum depression with possible psychotic feature (heard voice),yes,False
8741eae4-251a-4138-a0f0-2fa5f2739470,NOT_RELEVANT,none,high,"Child vaccine schedule and side-effect worry, no mental-health content",no,False
7acb96be-9582-44b3-9131-69a406c4acd8,NOT_RELEVANT,none,high,Somatic knee pain from jogging,no,False
582c4cfb-fd78-447a-9e20-c47b95c19c60,NOT_RELEVANT,none,high,Dermatologic rash under cast,no,False
02cf8f07-b0f6-4095-9a8b-f447864ca384,NOT_RELEVANT,none,high,"Brain tumor pathology rewrite, no psychiatric content",no,False
87070be6-077e-4c45-8a36-6133abc52e4a,NOT_RELEVANT,none,high,Multiple myeloma radiation therapy question,no,False
31fa0ca3-0721-4dee-97de-213723fd7b9a,NOT_RELEVANT,none,high,Lactose intolerance GI symptoms,no,False
899d2872-5fb5-4e12-9bd5-db1552aa55c7,NOT_RELEVANT,none,high,"Father's chest discomfort, cardiac concern",no,False
4d39bdce-48a1-4b1c-b173-92c2b4e2465a,NOT_RELEVANT,none,high,"Cold, low fever, antipyretic dosing",no,False
5186f3e3-6230-45ab-8d54-bcb0d4c9cc30,RELEVANT,psychotherapy_access,medium,Seeking mental-health helpline access despite language barrier,yes,False
e5ba22cb-a3bc-4882-a0d1-9a5791f438f1,NOT_RELEVANT,none,low,"Morbid lifespan question, no explicit psychiatric framing",no,False
7e96dbdb-b021-4dd9-bbec-7e79d09d8e0b,NOT_RELEVANT,none,high,"Drowsy patient MEWS/sedation scale, somatic",no,False
f9cac0d4-f559-436c-8b46-ea5c670a66fb,BORDERLINE,substance_use,low,"Naloxone opioid-overdose protocol, addiction-adjacent emergency",yes,False
746541ff-fa3e-4b93-9eb9-418e6b77dcfe,NOT_RELEVANT,none,medium,"Factual stillbirth survival question, no psychological framing",no,False
b3870e21-e619-4ac2-af94-7af53b1dcd50,NOT_RELEVANT,none,high,"Dry skin patch, dermatologic",no,False
9d9a9da4-ba04-4637-8a82-6928fd44b82c,RELEVANT,other_mh,medium,Compulsive behaviors and OCD prevalence is central subject,yes,False
15db54f7-0bef-4ebc-9c72-9941654b18f1,NOT_RELEVANT,none,high,"Pulmonary infarct risk calculator, somatic",no,False
f22cf17c-a1ec-4799-8d39-f186809031fb,NOT_RELEVANT,none,medium,"Multivitamins for memory, general wellness supplement",no,False
17a81acf-c577-4678-9586-c95e803fb988,NOT_RELEVANT,none,low,Glaucoma dosing; lithium only incidental comorbid medication,no,False
839732ca-ccb7-4eda-b346-1947b665f932,NOT_RELEVANT,none,high,"Electrocution first-aid emergency, somatic",no,False
483d70ed-951f-44c8-9193-a42abd16dcb6,NOT_RELEVANT,none,high,"Joint stiffness, arthritis concern",no,False
218cb8cd-67e8-4bd4-b357-4f75aabfabf6,BORDERLINE,anxiety,medium,Cardiac symptoms with prominent panic and health-anxiety overlay,yes,False
2365d0e5-0161-4bd4-ac81-4fe5baa11bdf,NOT_RELEVANT,none,high,"Variceal bleed hemorrhage management, somatic emergency",no,False
6e67c0ea-f382-4188-b259-edab1dc0efed,NOT_RELEVANT,none,high,Emergency contraception availability question,no,False
26d137d9-7606-4b1c-9346-479cf65ec947,NOT_RELEVANT,none,medium,"Chest tightness, mild worry incidental and somatic",no,False
97541c23-a787-4f0b-8053-3863298232c0,NOT_RELEVANT,none,high,"Fever, headache, encephalitis concern, somatic",no,False
029af072-d653-478f-a52e-bbca795fb61c,NOT_RELEVANT,none,high,"Email about vaccine reaction, administrative",no,False
5545d584-a9bd-43bd-976f-03552e9fbaca,NOT_RELEVANT,none,high,"Cholesterol HDL improvement, metabolic",no,False
4ab7fcca-62e1-41cb-b99f-e8411d804f7d,NOT_RELEVANT,none,high,"Massive transfusion protocol revision, trauma",no,False
b1f77427-9894-4c07-86ec-6f8e1abcae43,NOT_RELEVANT,none,high,"Protein shakes for muscle, nutrition",no,False
e30a870c-ca18-4657-a9f5-b562dea831fb,NOT_RELEVANT,none,high,"Antibiotic for skin infection, somatic",no,False
d2c5640b-7993-43d1-b93e-42c29cd61914,NOT_RELEVANT,none,high,"Postpartum pelvic-floor clinic note, urogynecologic",no,False
657cf803-b970-4dc2-8f03-8f4dd7615052,NOT_RELEVANT,none,high,"Informed consent training, administrative/ethics",no,False
31cc2d4f-6d3b-4606-94a3-aa118470d6e2,NOT_RELEVANT,none,high,Skin lesion leishmaniasis treatment,no,False
ecc7c1ec-6306-40ba-84c2-2a6d410a8055,RELEVANT,suicidality_self_harm,high,"Friend wants to kill themselves, keeping them safe",yes,False
ccf83856-a3ac-4226-ac05-6b79c2394d6e,NOT_RELEVANT,none,high,Sore throat antibiotic request,no,False
68cfc5a7-e660-4ac0-a0ed-fddefd584cf9,NOT_RELEVANT,none,high,"Forearm rash progress note, dermatologic",no,False
b72def5a-66f2-48bc-88e3-0c61e5197609,NOT_RELEVANT,none,high,Baby vaccination calendar explanation,no,False
b4e19b33-74c0-44c2-9a91-d9115e267bf8,NOT_RELEVANT,none,high,"Ibuprofen dosing and interactions, somatic",no,False
54397fc2-4ae4-49e7-b338-816e262a7132,NOT_RELEVANT,none,high,"Knee stiffness, collagen supplement brand",no,False
ed7b2d09-1391-4722-93b5-6c0b2a17981b,NOT_RELEVANT,none,high,"Retinal migraine vs TIA, neurologic",no,False
f066050c-bfb9-4c4a-9dfd-c3e38eeef396,NOT_RELEVANT,none,high,"Itchy plaques dermatology follow-up, psoriasis",no,False
1658053e-9978-43b9-aa50-0dde20644cc4,NOT_RELEVANT,none,high,"Lower back pain radiating to leg, somatic",no,False
030b9517-fa04-4b01-9c00-ee192f15b05b,NOT_RELEVANT,none,low,"Chronic back pain opioid request, pain management focus",no,False
2ed8139f-d755-48fd-bc48-54cc5750ab56,NOT_RELEVANT,none,high,"Fertility medications explanation, reproductive",no,False
1726e02f-77da-471c-bd82-8314e838da5b,NOT_RELEVANT,none,high,"Sepsis fluid resuscitation guidelines, critical care",no,False
bde18a9c-55eb-4be2-8209-8ee81e136d90,NOT_RELEVANT,none,high,"Migraine frequency question, neurologic",no,False
43d8ffa8-7e48-4687-b333-8f899ba1bf91,NOT_RELEVANT,none,high,"Hospice patient faster breathing, palliative somatic",no,False
76092487-d17f-4bfd-825f-3333622fd697,NOT_RELEVANT,none,high,Living kidney donation logistics,no,False
20a9c1e4-6cb9-4214-af25-e221b6da2ebc,NOT_RELEVANT,none,high,"Pericarditis/Dressler's management, cardiac",no,False
80c7ba61-b3a3-46f3-a013-f8d4d8b1857a,NOT_RELEVANT,none,high,Cardiology coding; stress test is non-psychiatric,no,False
1b581fb5-6714-4289-af69-21037c78182e,NOT_RELEVANT,none,high,"Ear cleaning, purely somatic",no,False
5a00d00c-41eb-4098-869b-e8c07e2cd442,NOT_RELEVANT,none,high,"Nutrition servings question, no mental health",no,False
8057fdc6-12cf-4142-a299-af11940ac248,NOT_RELEVANT,none,high,"Yellow skin (jaundice), somatic",no,False
61f6d720-73ad-4832-bc44-7642ee1734ff,NOT_RELEVANT,none,high,"Eye strain pain, somatic",no,False
c622826f-80e7-4482-a414-f724514c60d2,NOT_RELEVANT,none,high,"Acne scars, dermatologic",no,False
a124846c-9253-4bd2-a3cd-a54cc9179deb,NOT_RELEVANT,none,high,"Postpartum hemorrhage, obstetric emergency",no,False
fbc2aba3-335f-4e1b-8362-02a31d0947d8,NOT_RELEVANT,none,high,Pulmonary nodule; borderline used non-psychiatrically,no,False
0b8b6d9e-2da9-4333-9bbb-de54cc2f0d02,NOT_RELEVANT,none,high,"Travel vaccines, no mental health",no,False
dcf85f28-f08c-4652-a7c5-a7a470585c71,NOT_RELEVANT,none,high,"Carrot juice, nutrition",no,False
9b007447-2ae8-4528-b88f-8cb6db0cc074,NOT_RELEVANT,none,high,"Needle decompression, procedural emergency",no,False
9e431a85-3d82-4c8a-83dd-ce2d4cda4c7d,NOT_RELEVANT,none,high,"Cardiac echocardiogram schedule, somatic",no,False
5a1b5fbd-d716-4554-a150-6e897cfc0128,NOT_RELEVANT,none,high,"Hemorrhage documentation, obstetric",no,False
827b7db0-0bac-4bfa-a230-65da9c400b75,NOT_RELEVANT,none,high,"Balanitis treatment, dermatologic/GU",no,False
728db552-4f22-4293-a477-a93059f6a6bd,NOT_RELEVANT,none,high,"Chronic respiratory failure management, somatic",no,False
d303d9ad-3987-4d8b-ba3f-1d7b693faf1b,NOT_RELEVANT,none,high,"Kidney transplant lab schedule, somatic",no,False
119a1e53-61f9-4175-9069-41499463605e,NOT_RELEVANT,none,high,"Inhaler use, respiratory",no,False
7476b9be-5d0e-4a12-bd6d-b8aea3f40e19,NOT_RELEVANT,none,high,"Fatigue/joint pain, autoimmune concern",no,False
1cbd2c6c-09fd-46cc-bd66-c3b96e04ab14,NOT_RELEVANT,none,high,"Melanoma chemotherapy, oncology",no,False
c98af2a7-45fb-41dc-be3a-0afac1b2f4b0,NOT_RELEVANT,none,high,"Syncope/fainting, somatic",no,False
4f84d313-a775-40b9-a394-89cd444169cf,NOT_RELEVANT,none,high,"Heart failure guidelines note, cardiology",no,False
d0a80524-71c4-4d07-ae46-9b10f2529ef0,BORDERLINE,substance_use,low,Pain-med tapering; dependence/withdrawal possible but framed as pain control,yes,False
cc1de9cc-e3df-4ba9-ad46-3f550a2e3cdd,NOT_RELEVANT,none,high,"Procedural sedation guidelines, bronchoscopy",no,False
4fa180e8-c96b-4d67-a2be-256179ab7129,NOT_RELEVANT,none,high,"Tinnitus, ENT/somatic",no,False
7004df36-1a02-4ce6-b47a-d65c66232243,NOT_RELEVANT,none,high,"FRAX fracture risk, osteoporosis",yes,False
e86d2099-dcf7-4761-9feb-e16e0004952e,NOT_RELEVANT,none,high,"Hypovolemic shock management, emergency",no,False
ddf65fbb-6ba5-486e-a95d-459f410f56cc,NOT_RELEVANT,none,high,"Antibiotic dosing endocarditis, infectious disease",no,False
a179a30f-398e-4af3-adca-ceab830f8f14,NOT_RELEVANT,none,high,Vegetarian diet nutrition,no,False
65449e9d-ac3f-4cb0-8805-58fcb4ffbdce,RELEVANT,perinatal_mh,high,"Postpartum depression treatment, central concern",yes,False
850aa9b8-d342-4b7a-85c9-b0e769bafd20,NOT_RELEVANT,none,high,"Sinusitis antibiotic note review, somatic",no,False
92e2dcd2-3b1e-403d-bd3c-99dcefe4abd1,NOT_RELEVANT,none,medium,"Menopause HRT, insomnia incidental, mood not central",yes,False
100de29b-36d0-42b7-be28-977b5378edac,NOT_RELEVANT,none,high,"Insulin dosing, diabetes",no,False
0655d6a4-c17b-4b96-99bd-6f53bb5a618d,NOT_RELEVANT,none,high,"SOAP note conversion, tired incidental",no,False
f52d81f3-1433-4fa4-9f2c-5579f5cdf907,NOT_RELEVANT,none,high,"Post-surgery pain relief, somatic",no,False
9e5e1f1c-dafb-4f30-91a5-edf8453689a6,NOT_RELEVANT,none,high,"Toothache, dental",no,False
95dea5c6-83c6-4f1e-a9f5-27311ce857c8,NOT_RELEVANT,none,high,"Oral rehydration for diarrhea, somatic",no,False
419c6ff1-a7a0-4d1c-9594-92c0e1b84264,NOT_RELEVANT,none,high,"Ibuprofen pediatric dosing, somatic",no,False
9a455446-d2cc-4f2b-b82c-9243cf9a6dd2,NOT_RELEVANT,none,high,"Infant sleep/diaper/caffeine, parenting somatic",no,False
08657bea-98dd-4b08-aa18-01257f12298d,NOT_RELEVANT,none,high,"Taste change after GI upset, somatic",no,False
d9af04a8-d3f8-4f02-b578-0f2185044a62,NOT_RELEVANT,none,high,"Ophthalmic infection treatment, somatic",yes,False
58cdf00a-7f2b-4904-8c39-af4aa1e21c06,NOT_RELEVANT,none,high,"Shortness of breath referral, somatic",no,False
a3db5e32-245e-496a-ae59-e82be5673f71,NOT_RELEVANT,none,high,"Child swallowed battery, pediatric emergency",no,False
1f71864f-62b5-4b4d-a325-08f25fdd10bc,NOT_RELEVANT,none,high,"Sepsis ICU progress note, critical care",yes,False
9568a875-0dfe-44cc-83fb-d606701340aa,NOT_RELEVANT,none,high,"Pacifier weaning, parenting behavioral, no MH",no,False
98113997-7040-4f6c-a1a0-853b42a733b6,NOT_RELEVANT,none,high,"Gunshot wound bleeding control, trauma emergency",yes,False
fa16a31d-44f4-4ef4-b343-ddf0db3ce7a3,NOT_RELEVANT,none,medium,Medication fatigue confirmation; non-psychiatric drug for muscle building,no,False
f51850f0-62c3-4cd1-a18e-f92dce89c444,NOT_RELEVANT,none,high,"Fertility preservation before chemo, oncology",no,False
b5d9300b-a859-41d4-b4a2-467e50436d1a,NOT_RELEVANT,none,high,"ABPA lung workup, pulmonary",no,False
69eeeeca-a3bd-4e53-ad1e-1e9246eb2e61,NOT_RELEVANT,none,high,"PE/clot workup Wells d-dimer, somatic",no,False
a0bf974a-c72c-4bf3-9dc4-7b66acf57408,NOT_RELEVANT,none,high,"Insulin pump data for toddlers, diabetes",no,False
d12d388c-922a-426e-b2a3-7074658d5e6b,NOT_RELEVANT,none,high,"Acute stroke symptoms, purely neurological emergency",no,False
392e9ced-7295-458a-a794-ece93387abb5,NOT_RELEVANT,none,high,"Travel mosquito prevention, no mental health",no,False
3b5c8e38-0581-42a8-a08a-4d3926211ec6,NOT_RELEVANT,none,high,"OTC allergy medications, somatic only",no,False
6f02bdcb-abff-4969-ad62-31e3114dc495,NOT_RELEVANT,none,high,"Recurrent migraines, somatic neurological complaint",no,False
9f5d3c19-be80-4663-b0f5-dfc1b69beeca,NOT_RELEVANT,none,high,"Herbal liver detox, no psychiatric content",no,False
6bfef3af-bf7e-4ad6-b8d9-70bb489d54aa,NOT_RELEVANT,none,medium,"Only demographic info, no health concern stated",no,False
f9ce861c-029b-4d69-8490-19f998569c4a,NOT_RELEVANT,none,high,"Appendicitis surgical handoff, purely somatic",no,False
6a3386b1-b2ef-4999-8867-0af2342902ab,NOT_RELEVANT,none,medium,"Chronic fatigue syndrome, somatic illness",no,False
7a57c0bc-9b5c-493d-ba5d-4b4819f28cbf,RELEVANT,perinatal_mh,high,"Postpartum depression symptoms, antidepressant question, crying not eating",yes,False
2a352757-1a8f-49df-83ee-9affbd6c4203,RELEVANT,psychiatric_medication,high,"Obtaining Adderall stimulant, psychiatric medication access",yes,False
7bfd77f3-84af-48ad-845f-f9581f96a72b,NOT_RELEVANT,none,high,"Collapse emergency, somatic medical crisis",yes,False
419b081b-5ce0-4d32-bb1a-5b391ba7a4c6,NOT_RELEVANT,none,high,Chicken cooking temperature food safety,no,False
b27d86e7-78e8-44c0-957d-59e493274a4a,NOT_RELEVANT,none,high,"Carrots and vision myth, no mental health",yes,False
dac91d0e-a459-4027-b07b-7f236f75a990,NOT_RELEVANT,none,high,"Prosthetic limb repair, somatic device",no,False
a95a6d19-73da-4829-b540-bbc81d64cf33,NOT_RELEVANT,none,high,"Psoriasis treatment, dermatology only",no,False
c2159b28-39e7-4664-92d6-431d72be9907,NOT_RELEVANT,none,high,"Pediatric head bump, somatic injury",no,False
5edc453c-dea2-4b9a-a997-86392b071eaf,NOT_RELEVANT,none,high,"Moxibustion for breech baby, obstetric",no,False
4fffbbd2-57a5-490e-b583-1aaae622c159,NOT_RELEVANT,none,high,"RSV vulnerability groups, infectious disease",no,False
45fc917b-222e-4664-b6b2-773a50a3235b,NOT_RELEVANT,none,high,"Fever bleeding Ebola concern, infectious disease",yes,False
fb44e1f7-9152-4fd9-b596-dc2033eed146,NOT_RELEVANT,none,high,"Motion sickness remedies, somatic travel",no,False
b3b3ca28-6571-4900-9dd3-b0055956e17f,NOT_RELEVANT,none,high,"Back pain MRI question, musculoskeletal",no,False
96f4343e-ef85-496d-96fa-ff0ffccefc74,NOT_RELEVANT,none,high,"Common cold symptoms, respiratory only",no,False
fc053b8b-8d48-4688-b6b3-6087692018e0,NOT_RELEVANT,none,high,"Robotic nephrectomy outcomes, surgical urology",no,False
ea95e234-9332-4f9b-97fa-ee6b54cff541,RELEVANT,mood_depression_bipolar,high,"14-year-old mild depression, therapy, low mood handout",yes,False
90ed826c-2b75-4d26-858d-5942536fb53d,BORDERLINE,cognitive_neuro,medium,"Spouse forgetfulness, disorientation; cognitive/neuropsychiatric, possible stress",yes,False
85786e60-8d07-4ac9-8728-a3672e44d031,NOT_RELEVANT,none,high,"Cholera vaccine and prevention, infectious disease",no,False
b56c425b-bd1f-4c91-8d7f-bb9046c5f695,NOT_RELEVANT,none,high,"Chest pain heart attack, cardiac emergency",no,False
784242ea-a78e-4334-84d6-63129366f0fc,NOT_RELEVANT,none,medium,"Dizziness lightheadedness, somatic symptom",no,False
984ef30b-3e41-4f6e-86b4-84895f2e08e7,NOT_RELEVANT,none,high,"Microplastics lung damage, environmental somatic",no,False
9e2670fc-2237-492a-afed-d6d198cb673c,NOT_RELEVANT,none,medium,"Exercise breathlessness fitness, somatic, mild worry incidental",no,False
e7c22fcb-2912-4efe-a185-e088dc687af6,NOT_RELEVANT,none,high,"Immunity supplement efficacy, no mental health",no,False
7a08bb80-d9a1-487b-b91a-dc58aacc385f,NOT_RELEVANT,none,high,"Type 1 diabetes travel insulin storage, somatic",no,False
de044419-e31c-409d-9ca2-52a55e938bad,NOT_RELEVANT,none,high,"Testicular torsion surgical evaluation, urology",no,False
287decb8-796b-4b3a-9de5-cdf15466035f,BORDERLINE,neurodevelopmental_adhd,medium,"Developmental disorders for delayed milestones, neurodevelopmental adjacency",yes,False
273668cd-2e02-46d1-b5b9-b04eeebc8571,NOT_RELEVANT,none,high,"Open forearm fracture, trauma emergency",no,False
1a6f03dd-e600-41bf-ba29-1f61f1969247,NOT_RELEVANT,none,high,"Skin outbreak rash diagnostic, dermatology",no,False
4c5225e6-5217-47d1-b7f0-9a15d4f4317f,NOT_RELEVANT,none,high,"Child lead testing by state, public health",no,False
17293365-cade-4d58-a61b-805e50f1c59b,NOT_RELEVANT,none,high,"Colon cancer chemo therapy evidence, oncology",no,False
b07be1ae-cea2-4ac9-a805-c8de1120a6da,NOT_RELEVANT,none,high,"Premature ovarian failure stem cell, reproductive",no,False
58b6f231-d2ea-4b76-a78e-e8705852274a,NOT_RELEVANT,none,high,"Meningioma imaging note, neurosurgery somatic",yes,False
35df9daa-59d5-41c6-adb4-f4f166acf259,NOT_RELEVANT,none,high,"Pediatric ear audiometry results, ENT somatic",no,False
4fbaea7f-17ad-4daf-8795-e6720b811d5b,NOT_RELEVANT,none,high,"Geriatric fall risk timed test, physical",no,False
d3d4721d-5e23-4cac-b9bd-7073427a4472,BORDERLINE,stress_adjustment,medium,"Partner anger postpartum, possible abuse, psychosocial distress, help-seeking",yes,False
eeffb36e-15f4-4c41-8402-547b61497aad,NOT_RELEVANT,none,high,"Grandmother ankle swelling, somatic edema",no,False
35627e0e-f91d-4372-8e80-60122edea113,NOT_RELEVANT,none,high,"Child fever rash measles, infectious disease",no,False
a669551a-e0b9-4471-9cd9-f333eeacb802,NOT_RELEVANT,none,high,"Type 2 diabetes meal recipe, somatic nutrition",no,False
365b746e-a344-4ffa-b206-e612730e649b,NOT_RELEVANT,none,high,"Shoulder pain tendon, musculoskeletal",no,False
445b9218-73be-4a36-b226-d526e85292dc,NOT_RELEVANT,none,high,"Sprain vs strain swelling, orthopedic",no,False
83850dea-24d4-4374-9bcd-159019811f37,NOT_RELEVANT,none,high,"Antibiotic-resistant acne, dermatology",no,False
ea9fbd5d-5062-4785-82ce-7944ebdc4c09,RELEVANT,psychiatric_medication,high,"New antidepressant side effects, interactions worry",yes,False
025d3bca-2544-4161-ab15-e2474d02e171,NOT_RELEVANT,none,high,Emergency contraception choice; no mental-health component,no,False
f2057aac-3941-43a1-b882-80ca83b7e2f9,NOT_RELEVANT,none,high,Probiotics and cold prevention; purely somatic,no,False
ef570c1c-6dee-48b2-b15e-53bbb202dd76,NOT_RELEVANT,none,high,Dizziness and limb weakness; somatic/neurological,no,False
20f3e867-09ac-453b-b652-e784ef2fa9e4,RELEVANT,neurodevelopmental_adhd,high,ADHD stimulant dose increase question,yes,False
247223e0-5985-4eae-8568-221d2453c986,NOT_RELEVANT,none,high,Knee bruise care; somatic,no,False
b856a52c-f40e-406c-b7ca-b75b2ebe9d6b,NOT_RELEVANT,none,high,Acne skincare routine; somatic,no,False
624fc914-5007-4396-b823-02801e4550f8,NOT_RELEVANT,none,high,PCOS fertility metformin study design; somatic,no,False
c882fd96-7350-4d45-b396-23767ff94c14,NOT_RELEVANT,none,high,ESRD hemodialysis visit note; somatic,no,False
f6e9dac4-8ace-4c4b-88c7-b3cf6ccf2023,RELEVANT,neurodevelopmental_adhd,high,Diet/supplements effect on child ADHD,yes,False
9937300b-fde8-42ba-9cf5-846a0fd54f1a,NOT_RELEVANT,none,high,FMT for acne dermatology guidelines; somatic,no,False
c8ceccb9-0952-468b-96d8-02db3b854ff9,NOT_RELEVANT,none,high,OTC headache remedies; somatic,no,False
299f5ff4-cecc-4cb4-ab25-56cb1b6b694a,NOT_RELEVANT,none,high,Concussion return-to-play protocol; somatic/neuro,no,False
b36d2432-a9cf-46e8-a947-e2d72f28f011,NOT_RELEVANT,none,high,Metastatic spinal cord compression; somatic emergency,no,False
367a6732-d230-4b70-93f5-9a849ec974ef,NOT_RELEVANT,none,high,Scratchy eyes from dust; somatic,no,False
8dcff683-2a5b-4734-93de-bd0fb0b90f82,NOT_RELEVANT,none,medium,Spinal injury H&P; depression mentioned only as PMH,no,False
a9b45409-c089-4bc0-aee8-ebbaa706682d,NOT_RELEVANT,none,high,Blood sugar diet tips; somatic,no,False
5256fb46-93d8-4007-8a89-66b9f915d57e,NOT_RELEVANT,none,high,Adult vaccines; informational,no,False
412dbe78-670a-4ace-97f5-6bd98b8a4323,NOT_RELEVANT,none,high,Infant vomiting differential blog; pediatric somatic,no,False
a6d906e7-278b-4f3a-853c-1ecb0c07bd54,NOT_RELEVANT,none,high,Enoxaparin renal dosing; somatic,no,False
57164104-cf15-47e7-a3f6-698e8a99044d,NOT_RELEVANT,none,high,Suspected kala-azar workup; somatic infectious,no,False
83dc1b65-9e2c-4ed6-8a1a-02e58d55135e,NOT_RELEVANT,none,high,Chest rash; dermatologic somatic,no,False
00a7b27e-4e99-435c-91da-e4f2a1b2baea,NOT_RELEVANT,none,high,BPH tamsulosin education; somatic,no,False
c7a39205-0ff4-4747-a38f-c6fcda46b853,NOT_RELEVANT,none,high,Colonoscopy polyp surveillance interval; somatic,no,False
9fc44c7c-9980-4872-96a0-9f3f37355c70,RELEVANT,anxiety,high,"Anxiety medication request, stress/worry impairing function",yes,False
7ecba267-e977-4baa-b2e2-cd0ec1e1c12f,NOT_RELEVANT,none,high,Recurrent seizures emergency; neurological not psychiatric,no,False
e2867fbe-7463-4e93-b8ed-4dcf449dcf78,NOT_RELEVANT,none,high,Hair-dye contact dermatitis presentation; somatic,no,False
2726c153-aef6-4bc7-aa19-239d1989b8fe,NOT_RELEVANT,none,high,COVID triage protocol; infectious-control,no,False
46959c4e-ce80-493a-8e50-ed299874ab84,NOT_RELEVANT,none,high,COVID booster timing; informational,no,False
65df9df8-3899-401b-bbd5-f5cf9a870231,NOT_RELEVANT,none,high,Child with blue lips; somatic emergency,no,False
1ebc8438-d3ea-492e-8286-f4fcc0abf0b4,RELEVANT,perinatal_mh,high,Postpartum sadness/irritability two months; seeking help,yes,False
f84ece1e-8574-4567-a05d-7fdb2c6e25fc,RELEVANT,neurodevelopmental_adhd,high,Off-label modafinil for ADHD,yes,False
3d9cf673-2a7b-435c-898b-24143d2cc6ce,NOT_RELEVANT,none,high,Familial hypercholesterolemia testing; somatic,no,False
febcfffa-22cb-463f-b904-24b4ca1a099d,NOT_RELEVANT,none,high,"Chronic cough, suspected TB; somatic infectious",no,False
98c929f5-dff4-4bf0-921c-af98522b10e6,NOT_RELEVANT,none,high,Diarrhea/vomiting suspected cholera; somatic,no,False
5cef7aac-cb75-4bba-ac29-f1c1f0372d5c,NOT_RELEVANT,none,high,Type 2 diabetes diet; somatic,no,False
e04d0681-1ce1-492e-b897-8fa778ff7337,NOT_RELEVANT,none,high,Medication allergy follow-up; somatic,no,False
0a0b5810-a772-4b05-9056-e8c3c8418dd8,NOT_RELEVANT,none,high,Coughing up blood first aid; somatic emergency,no,False
6ea9becf-21ad-4c2c-92d2-31c54eeabac9,NOT_RELEVANT,none,high,Arm tingling after workout; somatic,no,False
1e8debfb-3999-4406-9f11-731b153568b0,BORDERLINE,cognitive_neuro,medium,"Mild cognitive impairment, memory test; neuropsychiatric-adjacent",yes,False
c17ec1d2-78a8-4a0b-beb0-a448fd7c7aea,NOT_RELEVANT,none,high,Nano-silver COVID mask efficacy; somatic,yes,False
1b8c1d0e-4a52-4e3d-8199-db323d5f3167,NOT_RELEVANT,none,high,Prostate cancer back pain/leg numbness; somatic,no,False
3015da93-f033-4efd-8640-6792e2db9feb,NOT_RELEVANT,none,medium,Energy drink weight loss; sleep mentioned incidentally,no,False
564c9ef4-42e5-4abc-8959-2cb95110f762,NOT_RELEVANT,none,high,Carb intake percentage; nutrition,no,False
3c400e79-bbda-4d8d-9b2e-50dfa6b3e1f8,NOT_RELEVANT,none,high,Heartburn remedy; somatic GI,no,False
4a9322b2-72b8-47e9-85a0-e4b38355bf97,NOT_RELEVANT,none,high,What is a cold; informational somatic,no,False
2a08ab1b-babd-4926-aa1e-86292968b933,NOT_RELEVANT,none,high,Choking emergency; somatic,no,False
502aca57-fcfd-45d8-ade6-539cf0a9409a,NOT_RELEVANT,none,high,Diabetes prevention/sugar tips; somatic,no,False
1368a5a0-24eb-463e-a813-3bd1e6add2b2,NOT_RELEVANT,none,high,Treatment-resistant plantar warts; dermatologic,no,False
df8f2cc3-f9b5-44af-a1f8-17f7dd74d256,NOT_RELEVANT,none,high,Scratchy throat before travel; somatic,no,False
6dd101c1-c05a-48b9-8466-e25de2a0c3c3,NOT_RELEVANT,none,high,Aortic stenosis curability; cardiac somatic,no,False
90793fed-12d7-4a49-b45c-1cfcfaac8d05,NOT_RELEVANT,none,high,"Hypertension SOAP note and antihypertensive abbreviations, purely somatic",no,False
7e147324-d90e-44bf-ac80-21947b4d0c31,NOT_RELEVANT,none,high,"Bike crash abdominal trauma, somatic emergency",no,False
64090912-59b1-4786-97dc-521e4a953520,NOT_RELEVANT,none,high,"Insulin injection technique, diabetes somatic",no,False
e580e9f1-49c6-4869-abba-64ffdfd5b48a,NOT_RELEVANT,none,high,"Sunburn grades and treatment, dermatologic",no,False
0eb3e4ae-931f-4f1c-a5e5-285d60a34f84,RELEVANT,neurodevelopmental_adhd,high,"Autism meltdown triggers and prevention, neurodevelopmental",yes,False
c5607de8-c2ef-429e-ab2e-4eca965b0cd9,NOT_RELEVANT,none,high,"Meningococcal vaccine certificate for Hajj, administrative",no,False
a43894bf-73e9-4e1e-8883-b243e3b678ed,NOT_RELEVANT,none,high,"Transient monocular blurry vision, ophthalmologic/neuro somatic",no,False
f2a5a39d-d9f6-4ccc-9317-a1ebbe71231c,NOT_RELEVANT,none,high,"Overactive bladder management, urologic somatic",no,False
2da2dd8b-6741-4c9c-8683-bdb84c0af581,NOT_RELEVANT,none,high,"Radiology note contradiction, documentation task",no,False
6efe7017-38ba-4a9f-befe-9a2321859049,NOT_RELEVANT,none,high,"Adding daily walking, fitness lifestyle",no,False
1e93a526-e2b4-42a1-901a-d6697bb0ead9,NOT_RELEVANT,none,high,"Strep throat, penicillin allergy cross-reactivity, somatic",no,False
37afcf17-5374-4d74-835c-72ac5f9c526d,NOT_RELEVANT,none,high,"UTI self-treatment antibiotics, somatic",no,False
e2775dcd-b6c3-4ca9-a5ce-a543b6d879d6,RELEVANT,neurodevelopmental_adhd,high,"ADHD child stimulant dosing and monitoring, psychiatric medication",yes,False
789ec138-850d-4693-89bc-4cc29b109ecb,NOT_RELEVANT,none,high,"Finasteride for hair thinning, dermatologic",no,False
6ca19568-73af-4122-99f9-5fb595f87b0b,NOT_RELEVANT,none,high,"Altitude sickness management, somatic emergency",yes,False
4416da4d-cad2-47ea-bcbf-404c6e86d79d,NOT_RELEVANT,none,medium,"IBS biofeedback device; therapy refers to IBS treatment, somatic",yes,False
f48ea247-3105-4037-8d48-2d2a328be63c,NOT_RELEVANT,none,high,"Post-stroke rehab transportation, logistics somatic",yes,False
e4837ace-9ba7-4441-a027-940442da801d,NOT_RELEVANT,none,high,"Testosterone brand for hypogonadism, endocrine somatic",no,False
f73cf1a6-d058-4004-8349-8fd3e32e082e,NOT_RELEVANT,none,high,"Leukemia chemo drug shortage alternative, oncology",no,False
5a00899a-4f8c-4621-9fb6-855c0a393c4b,BORDERLINE,cognitive_neuro,medium,"Post-stroke memory loss query, neuropsychiatric cognitive overlay",yes,False
a59b8192-d97a-40e8-8063-d0f03aa361b0,NOT_RELEVANT,none,high,"Foot blisters from new shoes, somatic",no,False
0c2c9b61-b5a5-46df-a5fb-037e96097f71,NOT_RELEVANT,none,high,"ICD-10/CPT codes for pneumonia, billing administrative",no,False
5f115330-b0d3-4966-9328-8dea65a9ff24,NOT_RELEVANT,none,medium,"MEWS calc request; clinician fatigue incidental, patient delirium somatic",no,False
8bdc97ee-cf5b-4900-9044-cf4a426061da,NOT_RELEVANT,none,medium,"Mild grogginess after nap, trivial wellness",no,False
3e03a593-7363-4f98-84c6-767238420b90,NOT_RELEVANT,none,high,"Antibiotic for chemo patient fever, somatic",no,False
07e277cf-02ce-4483-b0c3-67f41513e1b4,NOT_RELEVANT,none,high,"Gout flare juice cleanse remedy, somatic",no,False
2f63bd91-9226-4005-8150-e4b77e52fb42,NOT_RELEVANT,none,high,"Postpartum bleeding severity, obstetric somatic",no,False
6909c016-c3bb-417d-b6f2-771552dfedab,NOT_RELEVANT,none,high,"Aneurysm risk stratification PHASES score, neurosurgical somatic",no,False
2aaa4176-4dbf-4a71-86ee-5d036550d5ff,NOT_RELEVANT,none,high,"Malaria prophylaxis guidelines, travel medicine",no,False
49ad1d87-34c1-4138-bd38-2c5f259fe703,NOT_RELEVANT,none,high,"Tick bite prophylaxis Lyme rash, infectious somatic",no,False
99318b06-6059-42e8-b3ac-63e15b647b64,NOT_RELEVANT,none,high,"Sudden dizziness differential, somatic",no,False
7b462c99-92ae-4972-85ca-b6078ee06a32,NOT_RELEVANT,none,high,"Small bruise from bumping table, somatic",no,False
2128b71d-ea8c-4428-967e-ea6bde9565e3,NOT_RELEVANT,none,high,"Stiff neck from sleeping position, musculoskeletal",no,False
9b3826f2-5d56-4779-8e4e-3dcbae1cc057,NOT_RELEVANT,none,high,"Essential oils to prevent grey hair, cosmetic",no,False
49395610-ddc6-447d-ab7f-8365165a8d89,NOT_RELEVANT,none,high,"SPF strength comparison, dermatologic",no,False
7e013b71-5656-464b-980d-c1d111910417,NOT_RELEVANT,none,high,"HBV needlestick post-exposure prophylaxis, occupational somatic",no,False
889a4074-752d-4f9c-8247-bbd7e22d72f2,NOT_RELEVANT,none,high,Headache OTC painkillers; codeine for pain not addiction,no,False
bd372743-4779-4fe6-99fd-35b16b280591,NOT_RELEVANT,none,high,"Best exercise for knee pain, orthopedic",no,False
5be62f8b-5826-4569-a60d-cb4bb4d7c668,NOT_RELEVANT,none,high,"Flu vaccine timing Chicago, administrative",no,False
fa52fa0f-c3a6-4e1e-b9da-5c70f1e6fd03,NOT_RELEVANT,none,high,"Ginger compress for menstrual cramps, somatic remedy",no,False
465dbfc3-0d30-45d2-b8ae-2fdc70571f6b,NOT_RELEVANT,none,high,"Combined contraceptive pill statement, somatic/incomplete",no,False
bb04acd8-291c-4c3d-a71c-f5a47f498cac,NOT_RELEVANT,none,high,"Migraine remedies feverfew, neurologic somatic",no,False
ddde1663-29d2-4b2a-8195-a1c0671c60d6,NOT_RELEVANT,none,high,"HAS-BLED scoring; borderline BP non-psychiatric, cardiovascular",no,False
8e1732e9-2e4e-493f-b09e-67bdd5e97f08,NOT_RELEVANT,none,high,"Child vaccination schedule comparison, administrative",no,False
ecae0a8e-e86e-404c-b713-9b609ac18038,NOT_RELEVANT,none,high,"Prenatal fetal monitoring note, obstetric documentation",no,False
52eae8cd-5f8f-4f7b-bd8b-3ba3b5fb5e2b,NOT_RELEVANT,none,high,"Recurrent UTI antibiotic regimen, somatic",no,False
8aadd85d-1aa2-4046-a854-884c6ec4ff34,RELEVANT,mood_depression_bipolar,medium,"Crying spells, mood swings from contraceptive patch; psychological experience central",yes,False
8dcab6a1-1425-4cd1-92f8-c930de818485,NOT_RELEVANT,none,high,"Drinking water for skin health, wellness",no,False
23e2350a-8d7b-4c39-87fa-3e7511168a0b,NOT_RELEVANT,none,high,"TIA note documentation completeness, neuro administrative",no,False
df97118d-8d7d-44d1-bf3b-11db97269c6c,NOT_RELEVANT,none,high,"Common cold (Zukaam), somatic",no,False
9d8a9eac-2dc9-485f-aea0-1b9ae4acb55e,NOT_RELEVANT,none,high,Celiac gluten threshold; purely somatic dietary question,no,False
1eca957b-496a-449b-9c54-5127285f7079,NOT_RELEVANT,none,high,Mammogram screening age; somatic preventive question,no,False
fb96c2ce-413c-4088-b766-b846c8b86a8e,NOT_RELEVANT,none,high,Facial acne treatment; dermatology,no,False
48c4cbc3-17f8-477f-93d1-f85b3c80d8ec,NOT_RELEVANT,none,high,"Heart failure ICD code, terminal illness; somatic/admin",no,False
8314d721-cdec-47d3-abc0-6cefec974f1d,NOT_RELEVANT,none,high,Asthma inhaler technique; somatic,no,False
c7b0eaff-6470-4d79-8e92-52b3e0a751cf,NOT_RELEVANT,none,high,Seafood allergic skin reaction; somatic,no,False
70358479-29f2-47b6-9903-2194d0d9cfc6,NOT_RELEVANT,none,medium,"Father's ALS prognosis; need is timeline, not mood",no,False
cc657266-5ae6-4918-af21-e1b15ad5aa00,NOT_RELEVANT,none,high,Vitamin C immunity; wellness,no,False
9cb0f0df-e91c-4df7-a94b-f30388fcae5e,NOT_RELEVANT,none,high,Cervical cancer follow-up schedule; somatic,no,False
9c8128c3-648d-463d-90f3-6d82af61031e,NOT_RELEVANT,none,high,Child travel vaccine; somatic,no,False
161fdee9-04a6-408c-9cc8-f4c6dbe6ce77,NOT_RELEVANT,none,high,Calf swelling DVT/cellulitis; somatic,no,False
2239a331-0f97-43f0-841d-fa54b29c0bde,NOT_RELEVANT,none,high,Finger cut home care; somatic,no,False
790a2e6c-c15b-455c-b61d-366eecb31739,NOT_RELEVANT,none,high,Common cold symptoms; somatic,no,False
7cbde752-0c16-4561-a402-eef4dd2784f4,RELEVANT,psychiatric_medication,high,Lithium trough level dosing; mood stabilizer management,yes,False
64a29a1b-bae1-4a42-96cb-4a7370a20020,NOT_RELEVANT,none,high,Fluoride toothpaste concentration; dental,no,False
f03ff49b-70d0-43fa-9685-9ae1648820c6,NOT_RELEVANT,none,medium,"""After giving birth"" only; no mental-health content",no,False
376c6bd9-ac5d-4ca1-ac9e-858bfaa80e00,NOT_RELEVANT,none,high,Low hemoglobin transfusion; somatic,no,False
e87d2339-b72f-4cd3-8274-ccb052a21af3,NOT_RELEVANT,none,high,Stuffy nose allergies/covid; somatic,no,False
55159ee7-036e-4082-8398-1acecdafe921,NOT_RELEVANT,none,high,Diet for high cholesterol; somatic,no,False
7fe93667-6432-450b-a45d-677bc3250e51,NOT_RELEVANT,none,high,Stroke prevention anticoagulation; somatic,no,False
10c201f6-3b5c-4525-8fee-4e0c7f67a1c4,NOT_RELEVANT,none,high,Knee osteoarthritis injection options; orthopedic,no,False
0b2e5afc-8672-4157-a71e-5c52fbec828e,NOT_RELEVANT,none,high,Epilepsy medication choice; neurology,no,False
6da5aacd-d42e-4773-a932-ff3faa97d15e,NOT_RELEVANT,none,high,Reflux magnetic ring device data; somatic,no,False
e537e0f6-c166-45bb-a042-b272cef65d3d,NOT_RELEVANT,none,high,Coagulation labs note; somatic/admin,no,False
24f87c03-6ec3-4957-b013-a140a53fa884,BORDERLINE,cognitive_neuro,low,Alzheimer's biomarker reliability; cognitive/neuro adjacent,yes,False
909eab1a-ab45-4cab-87fb-72ff3e806041,NOT_RELEVANT,none,high,"Abdominal pain, hematemesis; somatic emergency",no,False
6ce27bc6-ac5c-4939-812d-b4ddb3dc853b,NOT_RELEVANT,none,high,Lupus fasting flares; somatic rheumatology,no,False
a8efe004-c6aa-410f-9b95-c27513a68a40,BORDERLINE,cognitive_neuro,medium,Sudden forgetfulness in elderly father; cognitive presentation,yes,False
0888ebae-fdd9-4d88-b2ba-0838a0d5168e,NOT_RELEVANT,none,high,Return to crossfit post knee surgery; ortho,no,False
6df13035-15eb-477e-8947-de58aa96c19b,NOT_RELEVANT,none,high,Hip implant long-term data; orthopedic,no,False
f13ea0ff-197d-4d58-97fb-130af627e42d,NOT_RELEVANT,none,high,Child sugar intake guidelines; nutrition,no,False
4a8f0b1e-bdff-46cc-92d8-b26a5bd65dd9,NOT_RELEVANT,none,high,Chest burning reflux diet; somatic GI,no,False
29566fca-a2e8-4943-886a-a955bd0cc7ad,NOT_RELEVANT,none,high,Severe acne medication access; dermatology,no,False
515774b9-00e4-4e19-b6a2-a366b129b994,NOT_RELEVANT,none,high,Breathwork to prevent covid; somatic misinformation,no,False
197d37ac-82e3-4207-8381-085b42e9e9e7,RELEVANT,stress_adjustment,medium,"Friend loss, loneliness, nightly crying; psychological distress central",yes,False
1a8a7c3f-a077-4eaa-ad46-6e048e790bfb,NOT_RELEVANT,none,high,Neonatal sepsis crashing; somatic emergency,no,False
baf0ea4e-e7fd-4bce-b78a-b910cb98d65c,NOT_RELEVANT,none,low,"""child breath, urgent help""; vague, no mental-health content",no,False
58a1c081-0e90-4e6e-a5fd-2f9d874f049a,BORDERLINE,sleep,medium,Melatonin dose for sleep trouble; sleep without psychological framing,yes,False
4965e944-9656-4de1-89f0-55df6e283cad,NOT_RELEVANT,none,low,"Unintentional weight loss, fatigue, cancer worry; anxiety incidental",no,False
2722eaf6-d189-4704-8e91-1bada79872ba,NOT_RELEVANT,none,high,Mild burn first-aid; somatic,no,False
bf25e67b-79c9-4464-a4e1-db68bda9912b,NOT_RELEVANT,none,high,Holy basil diabetes claim; somatic misinformation,no,False
7a001ff4-ffc7-4ebb-af5e-753e185d675a,NOT_RELEVANT,none,high,Prenatal vitamin brand; somatic/wellness,no,False
597631bc-9c38-49df-bcca-6052b1254963,NOT_RELEVANT,none,high,Pediatric sepsis fluid bolus; somatic,no,False
9db3e66f-9e4e-4683-9279-65fe41679e8d,RELEVANT,perinatal_mh,high,"Six weeks postpartum, daily sadness, bonding worry; postpartum depression",yes,False
5cc7dff6-ecd3-4cb1-aa95-ab4543499b1b,NOT_RELEVANT,none,high,Scar-removal injection claim; dermatology,no,False
934ffc23-70c1-43eb-ab3b-a6926e410c52,NOT_RELEVANT,none,high,Prenatal vitamin availability; somatic,no,False
044e49eb-8a9f-4044-b65e-f2fce5ec7c4b,NOT_RELEVANT,none,medium,Autoimmune encephalitis CSF/NMDA testing; neurology workup,no,False
aa146f7d-f4b0-4a40-a663-685b5d2b3826,NOT_RELEVANT,none,high,Daily skincare routine; dermatology/wellness,no,False
baac7a4e-e4eb-4487-a9bc-4ec89254e4d8,NOT_RELEVANT,none,high,Cirrhosis ascites encephalopathy meds; somatic hepatology,no,False
a6e2aa43-c643-47c1-a0b9-6a558a9fcfaf,NOT_RELEVANT,none,high,Cardiac exercise routine; somatic,no,False
556f3e04-d09c-43c9-9882-dd7c6bee7358,NOT_RELEVANT,none,high,"Neck lump worry; somatic, fear incidental",no,False
b09631fc-a1ee-4d03-b781-eed8a112cbd3,NOT_RELEVANT,none,high,Odd chest sensation; somatic,no,False
5af94d13-db15-4002-b6b7-2dbc59dae0e6,NOT_RELEVANT,none,high,APACHE IV mortality scoring; ICU somatic,no,False
4f25c280-111c-4a67-9396-a897667beac0,NOT_RELEVANT,none,high,Varicose veins surgery; somatic,no,False
e92dd9ef-063b-4a55-8c93-ab0882d2e16e,NOT_RELEVANT,none,high,Amoxicillin side effects; somatic,no,False
51f8dad7-8434-4629-b972-6bbb1cf4555d,NOT_RELEVANT,none,high,Transplant rejection paraphrasing; somatic,no,False
18cdc57b-d52e-406b-a16c-6e2f5538d08b,NOT_RELEVANT,none,high,Medical abortion; reproductive somatic,no,False
d12dbec0-e02b-43e9-b1a7-a5b410c9d9b8,NOT_RELEVANT,none,high,Emergency contraception access; reproductive,no,False
3dace2dd-0b18-4b1c-9889-b1f1ebabe7ee,NOT_RELEVANT,none,high,Children mouth sores rash; somatic infection,no,False
daa899f4-56ea-4992-8080-e1646fa47743,NOT_RELEVANT,none,high,Preeclampsia protocol updates; obstetric somatic,no,False
84b4a8c9-c47c-4684-adbe-149c811cbab8,NOT_RELEVANT,none,high,Fainting at blood; vasovagal somatic,no,False
a64b1295-71c6-44e3-a988-c866878c5d23,BORDERLINE,anxiety,low,"Anxious about activity, but request is mobility exercises",yes,False
08b3e5b0-b724-4848-a617-99ee76e0b9ad,NOT_RELEVANT,none,high,Blood thinner precautions; somatic,no,False
77f68b68-6eb3-44d1-bc55-ca2e274ad440,NOT_RELEVANT,none,high,Ear pain discharge; somatic,no,False
99a70861-31b5-4cca-bc89-1b92172d68ea,NOT_RELEVANT,none,high,Factor VIII concentrate hemophilia; somatic,no,False
1f764f4f-7701-4d8f-b336-f87bc7324766,NOT_RELEVANT,none,high,Cholera diarrhea; somatic infection,no,False
56f6be7e-1f3d-4108-8f55-ea07bba9b3e5,RELEVANT,anxiety,medium,"Anxious, seeking remedy; anxiety central",yes,False
54cd58da-d0b7-43fe-b51d-3bce58a0e45b,NOT_RELEVANT,none,high,Worsening hearing; somatic,no,False
94361906-cfb0-4787-abab-77fcdab15da1,NOT_RELEVANT,none,high,Heartburn; GI somatic,yes,False
30e8ffab-5f75-42df-8937-2de947ca5028,NOT_RELEVANT,none,high,Power lines leukemia risk; somatic,no,False
19aba1c6-8cd3-49bd-bfc1-5af65d85da8c,NOT_RELEVANT,none,high,Routine pediatric exam; somatic,no,False
80221498-d4c3-4b83-9868-eab1230eb40d,NOT_RELEVANT,none,high,Postpartum wound infection worry; somatic,no,False
daaa19de-0ce2-489d-98bd-9a2a6b7b72e7,NOT_RELEVANT,none,high,Heavy metals clay baths; somatic detox,no,False
75ae0c57-28be-4553-86ad-7bdc53815f8a,NOT_RELEVANT,none,high,Shoulder injury after workout; ortho somatic,no,False
bdd533aa-c803-417d-96ed-efd0a0ee457f,NOT_RELEVANT,none,high,Newborn jaundice coding; administrative,no,False
1f41d182-09eb-4f2b-86f2-24c6fea5e5b4,NOT_RELEVANT,none,high,Diabetes self-care videos; somatic,no,False
2c5ff282-bc04-43c7-9c1d-ca3053008179,RELEVANT,psychotherapy_access,high,Referral to mental health counselor for counseling,yes,False
00656524-cc51-47a3-bfb5-85e7096ee1c8,NOT_RELEVANT,none,high,Child pink eye; somatic,no,False
2f864b05-e5d7-461f-a9b9-0dac3e709ffb,NOT_RELEVANT,none,high,Vitamin B12 vegetarian; nutrition,no,False
8624c0b2-8005-4ad9-868c-f12d0f890c04,NOT_RELEVANT,none,high,Codeine for migraines; somatic pain,no,False
f0566609-0230-4abb-84af-6339938987f2,BORDERLINE,stress_adjustment,low,Daytime tiredness with apathy/low motivation; psychological overlay,yes,False
62b48d82-716a-4703-8091-a333595b3677,NOT_RELEVANT,none,high,Clubfoot treatment; ortho somatic,no,False
33362ad5-9766-4c1b-a273-e57bf16dcbd5,NOT_RELEVANT,none,high,Daily nosebleeds; somatic,no,False
587009b1-9755-40be-80b2-cc5e7e17b05a,NOT_RELEVANT,none,high,"Fever, chills, night sweats; infection somatic",no,False
5b7b2dc6-d6ba-4e61-886d-36c932662770,NOT_RELEVANT,none,high,Kidney stones workup email; administrative somatic,no,False
c929d475-162f-4568-9114-3be859d5d500,NOT_RELEVANT,none,high,"Bruising, low platelets, transfusion; hematologic somatic",no,False
1339551c-2cad-45b5-8357-4a36c7ba0be3,NOT_RELEVANT,none,high,Toddler choking emergency; somatic,no,False
c466eed0-1a9f-468b-b91f-592d947354c9,NOT_RELEVANT,none,high,Genital ulcer syphilis; somatic STI,no,False
a854be52-2165-49b9-90dd-4a5ce3038485,NOT_RELEVANT,none,high,Stroke rehab access; neuro rehab somatic,no,False
5b323cdf-e322-4416-9f26-ec780960f0c8,NOT_RELEVANT,none,high,Epilepsy medication; neurological not psychiatric,no,False
2fdacb6c-519b-44d8-80c3-137f25d092f8,NOT_RELEVANT,none,high,Fluoride in water level; dental somatic,no,False
fc74fd2c-c3e3-4c7d-871d-6441fa85abcf,NOT_RELEVANT,none,high,Colonic irrigation for fatigue; somatic alternative,no,False
a643a95a-97ba-4204-aee5-98bba293d5fa,NOT_RELEVANT,none,medium,Long covid fatigue; somatic,no,False
b71d6107-8917-419d-bcbd-c18773fdbd80,NOT_RELEVANT,none,high,Atypical diphtheria references; infectious somatic,no,False
2675933a-ed10-4248-96c3-c618abc13787,NOT_RELEVANT,none,high,Recurring fever dengue; infection somatic,no,False
23a11e58-b288-470c-9888-35d76aff6e93,NOT_RELEVANT,none,high,Ankle sprain recovery; ortho somatic,no,False
2a9a6a52-eb8f-4324-a23a-9d521e2df6ae,NOT_RELEVANT,none,high,Newborn recommendation; somatic,no,False
937a284b-bac9-4426-a95a-423e84050936,NOT_RELEVANT,none,medium,"Demands flu wave date; informational, anxiety not framed clinically",no,False
375b52b7-b686-435e-bbdf-5139f652fcb8,NOT_RELEVANT,none,high,Home morphine dosing palliative; pain somatic,no,False
81cf1bc8-bc0a-4492-beaf-b123ce0a070b,NOT_RELEVANT,none,high,Chest burning acid taste; GERD somatic,no,False
cb69b246-bcc7-46f2-9473-0170b8a53397,NOT_RELEVANT,none,high,"GERD esomeprazole dosing, purely somatic GI",no,False
63fcd19d-dc39-4210-b25e-db1d94c4394d,NOT_RELEVANT,none,high,"Healthier breakfast/nutrition, no mental-health component",yes,False
1a634ca9-dc1f-40f8-ad1e-d21bf5c9e4cd,NOT_RELEVANT,none,high,"Barrett's esophagus surveillance, somatic GI",no,False
f45dceb0-0894-484e-8f52-18b58d9485be,RELEVANT,perinatal_mh,high,"Postpartum depression, feeling down, needing help",yes,False
459b5cc4-6a16-403c-8b17-1670fa8cdac0,RELEVANT,perinatal_mh,high,"Postpartum depression, treatment app efficacy",yes,False
2cb527e0-3123-4dfd-bf16-1bd2cc4cf9bb,NOT_RELEVANT,none,high,"Surgical wound care, somatic",no,False
81cd99a5-a96d-4be2-9c3b-4b7f605f5e00,NOT_RELEVANT,none,high,"Cancer injection decision, somatic oncology",yes,False
1f2d3cc7-d318-49e0-97eb-895611763a54,NOT_RELEVANT,none,high,"Hepatitis B vaccination schedule, somatic",no,False
2d6a3357-8a38-4df3-aee6-f89c9ed5a262,NOT_RELEVANT,none,high,"ATN ICU trial findings, somatic",no,False
b9c19abd-625a-46fe-9985-3155ed6756cf,NOT_RELEVANT,none,high,"ENT sinus stent standards, somatic",no,False
4a7e803b-e5ce-42d6-a1ce-100ed9686854,NOT_RELEVANT,none,high,"Meniere's/vestibular migraine, neuro-somatic",no,False
8041e267-9074-4dad-a478-db905b41509a,NOT_RELEVANT,none,high,"Rash identification, dermatologic",no,False
035bfe8f-ee1f-4a35-a0b3-7296fd618c6a,NOT_RELEVANT,none,high,"Polio booster brand, somatic",no,False
4d5684f7-e472-4afb-be06-2f9956029af1,NOT_RELEVANT,none,high,"Neck stiffness, meningitis worry, somatic",no,False
4b57d993-538f-4d8b-9ccc-06164c03539b,NOT_RELEVANT,none,high,"Leftover antibiotics for sore throat, somatic",no,False
a27984b0-bee2-42c5-8371-40c8651eb971,NOT_RELEVANT,none,high,"Child swollen cheek/mumps, somatic",no,False
8a59d2ff-8b64-4583-b294-78b2cc9cd3f9,NOT_RELEVANT,none,high,"Earplugs hearing protection, somatic",no,False
71798c6c-a1cf-4727-8845-c913e00a6f97,NOT_RELEVANT,none,high,"Child vaccine schedule, somatic",no,False
24c08ff7-f5cf-4deb-9566-e8de4dbe99a1,NOT_RELEVANT,none,medium,Hydration planning; relaxing day only incidental wellness,no,False
a4ee8bb5-b871-44b0-8e50-0f1abc804754,NOT_RELEVANT,none,high,"Flu vaccine brand, somatic",no,False
b303227d-8ad1-4dc5-80d5-92e4be25983e,NOT_RELEVANT,none,high,"Bariatric surgery candidacy, somatic",no,False
d44c7a4c-2975-4a8e-b1a0-56f31b5f27b7,NOT_RELEVANT,none,high,"Liver patient ascites, somatic",no,False
8d45b742-88ec-4cd4-a5e0-580cf445e016,NOT_RELEVANT,none,high,"Postpartum exercise routines, fitness",no,False
56a1608f-47af-42f0-bc88-7d7f5d9eccda,NOT_RELEVANT,none,high,"Worms in spinach, somatic",no,False
0c128afb-be6e-4ea8-b9c2-07cd97e3d8d3,NOT_RELEVANT,none,high,Fish oil heart/brain wellness supplement,no,False
61b67237-d7b7-4985-900c-bc4661402f97,NOT_RELEVANT,none,high,"Persistent sneezing diagnosis, somatic",no,False
49a730fc-5a47-4e38-993b-64c64502422a,NOT_RELEVANT,none,high,"Colchicine gout dosing, somatic",no,False
2a98e001-eca8-49e1-8c24-5c8f6783288f,NOT_RELEVANT,none,high,"Antibiotic regimen for orthopedic infection, somatic",no,False
3199ec5d-071e-4658-9863-041a7f8533fc,NOT_RELEVANT,none,high,"Colonoscopy sedation protocols, somatic",no,False
2a0a065f-53eb-44f7-9f49-fe60158bd360,NOT_RELEVANT,none,high,Prenatal SOAP note; sleep difficulty incidental somatic,no,False
c2cc90ec-6cc8-44d9-9a9d-71ebbfef5797,NOT_RELEVANT,none,high,"Polio booster recommendation, somatic",no,False
9ff79b96-6554-428c-a8bc-b4f690400e56,NOT_RELEVANT,none,high,"Concussion diagnostic workup, neuro-somatic",no,False
b8a21db7-bda1-4fc4-a761-ea0d23b20f1b,NOT_RELEVANT,none,high,"Postpartum pap smear schedule, somatic",no,False
170e61c2-0bf9-4bef-821d-7de8f6150b22,NOT_RELEVANT,none,high,"Pediatric T1D insulin regimen, somatic",no,False
658b4616-91f5-4b96-a573-aabc87f5a390,RELEVANT,perinatal_mh,high,"Postpartum sad/overwhelmed, PPD, treatment options",yes,False
c5ba0038-58e3-452c-8a4a-dc32b00edafa,NOT_RELEVANT,none,high,"Melodic therapy for post-stroke aphasia, neuro rehab",no,False
69c1c747-a58b-467a-80d6-5e70893752a3,NOT_RELEVANT,none,high,"Peanut allergy rechallenge, somatic",no,False
04504b91-04a3-4fe6-8b3e-be89bb545101,NOT_RELEVANT,none,high,"Post-lumbar-puncture headache, somatic",no,False
8f8096cb-909f-48b8-8c90-762a57b34425,NOT_RELEVANT,none,high,"Cholesterol labs and mild hyperlipidemia; purely somatic, no mental-health component.",no,False
1e372b70-ac1b-4f0f-8f3d-32394c7be12f,NOT_RELEVANT,none,high,"HIV medication continuity, somatic",no,False
47fa9b9c-b061-48f6-bc2a-d01c6ba569b1,NOT_RELEVANT,none,high,"Malaria prophylaxis pills, somatic",no,False
9bc71e9f-90f0-4e1b-a63b-ff4c541ec41d,NOT_RELEVANT,none,high,"Asthma attack emergency, somatic",no,False
30071f3e-2ec8-4c3c-9724-00d9a8853183,RELEVANT,mood_depression_bipolar,high,"Severe depression, LSD microdosing, treatment-seeking central",yes,False
87e470ad-95a8-4efa-b346-28270d407449,NOT_RELEVANT,none,high,"Flu vaccine egg allergy, somatic",no,False
7d8e04d2-b6a6-411e-a348-4c9e9dbd6b0d,RELEVANT,perinatal_mh,high,"Postpartum crying, depressed, sleepless, PPD concern",yes,False
dec1ebcf-8a2f-4232-86b2-40f26136f576,NOT_RELEVANT,none,high,"Pediatric MRI sedation dosing, somatic",no,False
7c3b3990-15d0-4a2e-a55a-d239d46364ee,NOT_RELEVANT,none,high,"Hemophilia A factor VIII dosing, somatic",no,False
2efe8103-13cd-403d-a5ff-0e5ca3bfd19a,NOT_RELEVANT,none,high,"Levothyroxine compliance monitoring, somatic",no,False
847b344e-01af-4b77-b4f7-0f3ef434c2dc,NOT_RELEVANT,none,medium,"Disability forms timeline, administrative, no psychiatric content",no,False
07d1085e-7852-4652-8d9f-e411da27cc51,NOT_RELEVANT,none,high,"Vague belly issues progress note, somatic",yes,False
e72cc56a-c211-41e4-a119-43c1bd278734,NOT_RELEVANT,none,high,"Oncology survival data request, no mental-health component",no,False
62641282-f0bd-4d8f-84a5-d82e1c83be95,RELEVANT,mood_depression_bipolar,high,"Feeling down, possible depression, seeking counselor",yes,False
2920b2af-eb67-44d7-a94b-4cad3276108b,RELEVANT,suicidality_self_harm,high,"Wants quick way to end suffering, refuses help",yes,False
ef79e596-9fa3-4fdc-8d6d-3a23ffe6d31c,NOT_RELEVANT,none,high,"Cardiology genetic testing counseling, no mental-health content",no,False
ec8d4f76-ce9f-458e-8aa7-4e01ed9a1915,NOT_RELEVANT,none,high,"Pediatric asthma guidelines, purely somatic",no,False
3daa2ce7-805e-47d4-9541-475d55c1a5ac,NOT_RELEVANT,none,high,"Childhood vaccination schedule, no mental-health content",no,False
b9b9dc17-7cf5-4279-8d04-9d4be133adcd,NOT_RELEVANT,none,high,"Facial droop/stroke concern, neurological emergency",no,False
dae10f04-7d51-4ad8-88cd-d0fd45889d84,NOT_RELEVANT,none,high,"Sore throat OTC remedies, somatic",no,False
227a31ec-77a1-4dbe-8110-33766a7d80f5,NOT_RELEVANT,none,high,Calorie intake nutrition question,no,False
cdcb85e9-5ba2-4cbc-8e81-a78ff1078a17,NOT_RELEVANT,none,high,"Breast cancer risk calculation, somatic",no,False
c730a11a-044d-49cb-a5b2-0f1000cca484,NOT_RELEVANT,none,high,"Pap smear screening interval, somatic",no,False
8c05a4c4-ced0-4e60-bf45-5a5550974842,NOT_RELEVANT,none,high,"Smoke inhalation airway emergency, somatic",no,False
62b6848d-7811-4994-a9d7-48437d1e5841,NOT_RELEVANT,none,high,"Abdominal pain, parasite concern, somatic",no,False
3782fc83-77eb-4e06-8ea2-d304f8434752,NOT_RELEVANT,none,medium,"CBD effect on memory, supplement/cognitive data request",no,False
1c2cd39b-4545-49c1-b623-843cdd27e5d4,BORDERLINE,stress_adjustment,low,Low energy/fatigue attributed to testosterone; possible psych overlay,yes,False
933590a3-b0ee-4995-ab45-f598b26b8832,NOT_RELEVANT,none,high,"Neck lumps, TB/cysticercosis concern, somatic",no,False
e444c985-d30b-44db-9261-7885e9de83e9,RELEVANT,neurodevelopmental_adhd,high,"ADHD stimulant prescription steps, psychiatric medication",yes,False
677d9274-bef3-4699-ad5f-af4440161a4a,NOT_RELEVANT,none,high,"Anonymous HIV testing access, no mental-health content",no,False
6c839785-fce9-417d-9ef3-eefead814d52,NOT_RELEVANT,none,high,"Teen asthma management, somatic",no,False
8467be79-ab68-4a05-9f8d-75de1f4a3591,NOT_RELEVANT,none,high,"Pediatric leg cramps, potassium, somatic",no,False
13089a1f-1b93-4647-a2f2-a83c71a8fab3,NOT_RELEVANT,none,high,"Sinusitis antibiotic question, somatic",no,False
bcdb3798-e0b6-4cc2-8171-3566a5460b74,NOT_RELEVANT,none,medium,"Alzheimer's epidemiology/treatment data request, informational",no,False
a9e94371-50f7-4ca7-82f4-189067477a38,NOT_RELEVANT,none,high,"Blood pressure reading explanation, somatic",no,False
87964a7c-839b-4c0c-b2c9-8d053f19dbc1,RELEVANT,anxiety,high,"Bad anxiety, therapy to avoid meds, central",yes,False
3829cb7a-8637-49a3-8fcb-68402431d113,NOT_RELEVANT,none,high,"Cardiac arrhythmia VT management, somatic",no,False
8e63a2eb-a58a-4ef7-ad0f-1ea3afd86999,NOT_RELEVANT,none,high,"Antibiotic for child strep, somatic",no,False
7865c360-a972-4fc2-a87f-8103ca630c66,NOT_RELEVANT,none,high,"Gallbladder pain/flush, somatic",no,False
7455b4a9-e80d-4a8f-856d-0700767d8238,NOT_RELEVANT,none,high,"CKD dietary guidelines, somatic",no,False
23860921-3818-449f-8083-19627e6ba3b8,BORDERLINE,anxiety,low,"Chest tightness/pressure; possible panic, no psychological framing",yes,False
8b47384a-ba74-4f50-aa1e-7d195eadf7ab,NOT_RELEVANT,none,high,"Toddler dehydration signs, somatic",no,False
93e671e8-eb58-47b8-83e0-3a3de52b6f13,NOT_RELEVANT,none,high,"GI bleed progress note, somatic",no,False
09c7e43c-8c67-4962-94d1-ea000f338202,RELEVANT,neurodevelopmental_adhd,high,"ADHD med plan, stimulant side effects, anxiety",yes,False
967a3f8d-491b-45d0-b539-e329e588f734,NOT_RELEVANT,none,high,"Ankle sprain care steps, ortho",no,False
a5226d03-7a46-45b2-ae2e-2e73f4a7dd58,NOT_RELEVANT,none,high,"Roseola transmission, pediatric infectious disease",no,False
71037412-f20a-474b-9af0-541ea4956e6a,NOT_RELEVANT,none,high,"Pregnancy/late period question, somatic",no,False
210e4e70-921c-4e7d-ba95-b87d9cf9e4c9,NOT_RELEVANT,none,high,"Contrast reaction prophylaxis schedule, radiology",no,False
d54033e7-5250-4c6d-98cd-4777465cb70d,NOT_RELEVANT,none,high,"Chickenpox home care, somatic",no,False
5739ec74-2c3d-404b-a051-618e73592dc9,NOT_RELEVANT,none,high,"Pregnancy contractions emergency, obstetric",no,False
2ba80a11-d8c9-4eb0-a770-9ebf6d67df26,NOT_RELEVANT,none,high,"Topiramate for pediatric migraine, non-psychiatric indication",no,False
0f8260a5-21d3-4907-9000-46c6f1bb296e,NOT_RELEVANT,none,high,"Insulin resistance testing, somatic",no,False
3778f304-38b4-43bf-ad39-31928d92a2db,NOT_RELEVANT,none,high,"Soft tissue sarcoma malignancy, oncology",no,False
4bee3663-119f-4f2b-a06b-3811bd2917b8,BORDERLINE,suicidality_self_harm,medium,Clinical fragment negating mania/suicidal thoughts; psychiatric screening,yes,False
08691500-9c5b-4b29-8c0c-f818cb0c0728,NOT_RELEVANT,none,high,"Preeclampsia baby survival, obstetric",no,False
0f661071-4746-4f37-bc0c-c90d4ca352d5,NOT_RELEVANT,none,high,"Gastric balloon for diabetes glycemic control, somatic",no,False
472254f1-045d-461a-bea1-d4c545a9b4ff,NOT_RELEVANT,none,high,"Knee pain SOAP note, ortho",no,False
bf221263-2d0b-41ad-be45-47f966674618,NOT_RELEVANT,none,high,"Hepatitis C antivirals access, somatic",no,False
2b8b34cf-2199-4cac-bcfe-2f13326cfd0a,NOT_RELEVANT,none,medium,"Sleep disturbed by street noise, external cause, earplug safety",no,False
565f464d-f5ac-4174-8f55-64d8f6b64846,NOT_RELEVANT,none,high,"Antiepileptic dosing adjustment, neurology",no,False
1762b61c-c07d-4a71-9cdd-4073dad6e8e0,NOT_RELEVANT,none,high,"Dermoscopy algorithms, dermatology",no,False
52db28c7-a827-404a-822c-ba0f642a684a,NOT_RELEVANT,none,high,"Child gardening scrape/skin irritation, somatic",no,False
09bd1f0b-871b-4758-885e-f92c4fe12a08,NOT_RELEVANT,none,high,"Sunburn prevention, purely somatic",no,False
00e3dcd9-f898-4994-8ead-9c1aa4db59b9,BORDERLINE,neurodevelopmental_adhd,low,Possible tic; neurodevelopmental-adjacent but could be benign,yes,False
14c0a501-968e-4be6-925d-2494330d1d52,NOT_RELEVANT,none,medium,"Acute stroke concern, somatic neuro emergency",no,False
9769ea1d-a87f-4560-bd64-e0d17478ca6a,BORDERLINE,anxiety,low,"Dizziness, racing heart; possible panic overlay, somatically framed",yes,False
800fa33f-82ae-4777-968a-2d7818399012,NOT_RELEVANT,none,high,"Hair loss medication, dermatologic",no,False
a8ac124e-bd30-480d-9d23-aa3bf505ae41,NOT_RELEVANT,none,high,Tick bite antibiotic prophylaxis,no,False
1cd9d9a3-cf5e-4e82-85e4-438c6e7469f7,NOT_RELEVANT,none,high,Asthma/migraine drug interaction query,no,False
85bb39ea-9412-4e9a-839a-767a143599b4,NOT_RELEVANT,none,high,Chest pain triage HEART score,no,False
93fe8866-1c40-421c-b39c-0f59c19a0011,NOT_RELEVANT,none,high,Allergen immunotherapy dosing,no,False
b35fe894-fa75-4b54-be4e-6616a3e722b7,NOT_RELEVANT,none,high,Fungal infection treatment regimen,no,False
c645d312-228a-456b-a4f3-45a726fdd416,NOT_RELEVANT,none,high,Vegan diet nutrition concerns,no,False
4b707eb6-05bc-4074-a100-d940f30f2045,NOT_RELEVANT,none,high,"Cardiac fluttering triage, somatic",no,False
1aeeb7f4-8e01-402e-ad55-07ae9baac4d9,NOT_RELEVANT,none,high,"Asthma management, pollen season",no,False
00dce08d-c7f4-4d92-bc7b-b40430d70086,NOT_RELEVANT,none,high,GI parasite diagnostic song,no,False
f9947862-6b78-49f0-806d-8dbe65f178fa,NOT_RELEVANT,none,high,Lung cancer targeted therapies,no,False
7751a840-1248-4911-a4e8-4d459201c2e0,NOT_RELEVANT,none,high,Child vomiting dehydration emergency,no,False
9202d7e5-d578-499b-b566-633627c2a37a,NOT_RELEVANT,none,high,Seasonal allergy natural remedies,no,False
7156195e-fe04-4eab-ba46-b19ac53e44a9,NOT_RELEVANT,none,high,Allergic rash assessment,no,False
46451f92-5805-4f20-9bb6-f3973905075f,NOT_RELEVANT,none,high,Pediatric anaphylaxis management,no,False
f1b57832-c418-4e41-b5c8-e005f421718e,NOT_RELEVANT,none,high,"Ketamine for cluster headaches, neurological pain",no,False
f4164d90-6838-450c-b4fb-378dbfc596e8,NOT_RELEVANT,none,high,Knee pain sports physical,no,False
41333fb7-9383-4126-ac35-a249a3be8f54,NOT_RELEVANT,none,high,Pediatric RSV note review,no,False
c0d920ed-386e-4025-86d4-a594491e335a,NOT_RELEVANT,none,high,"Growing pains, musculoskeletal",no,False
4ca7f415-7409-4574-8dc4-4ad4f417a2a1,NOT_RELEVANT,none,high,Seizure antiepileptic cross-taper,no,False
26b36817-fae3-4620-ae91-61dde21bcfa8,NOT_RELEVANT,none,high,Diabetes meal-skipping advice,no,False
15811008-38d6-4ae2-90d5-004f0bcca7e7,NOT_RELEVANT,none,high,Emergency contraception access,no,False
924626e0-d8c2-49dd-9857-75f53bb3cc65,BORDERLINE,cognitive_neuro,low,"Elderly admitted for confusion; possible delirium, neuropsychiatric-adjacent",yes,False
fe1686c7-ac9d-4b56-8b64-4a82f3ca8433,NOT_RELEVANT,none,high,Acne isotretinoin purchase,no,False
471dff23-f824-4391-8ee5-f133f2ae53d7,NOT_RELEVANT,none,high,Ankle injury after fall,no,False
45fe59b3-aaad-4d2b-b15b-959130512f57,NOT_RELEVANT,none,high,Pediatric asthma follow-up,no,False
d45dedce-d0c8-4e03-962e-5b1184d9ac47,NOT_RELEVANT,none,high,"Tooth sensitivity, dental",no,False
a3fde473-d625-40d8-877c-e7aeced37797,NOT_RELEVANT,none,high,"Migraine prophylaxis device, neurological",no,False
64cf45b1-c368-4a2d-ac6e-d07ab61c53d7,NOT_RELEVANT,none,medium,Febrile neutropenia emergency; anxiety mentioned only incidentally,no,False
def562dc-a3d4-4bbb-aaa7-7e6f2420ba00,NOT_RELEVANT,none,high,Wilderness wound care,no,False
c794d2d0-9fef-4bf0-936a-b6385d22080c,NOT_RELEVANT,none,high,Headache sinus vs migraine,no,False
56bea7cd-3722-4f91-9e70-703afca61d52,NOT_RELEVANT,none,high,"Knee stiffness, musculoskeletal",yes,False
c75b8fb0-e40f-45ba-b675-685ef8881293,NOT_RELEVANT,none,high,Insulin access question,no,False
4f50a30d-990d-4056-9131-eea4e85ec06c,NOT_RELEVANT,none,high,Cranberry extract for UTIs,no,False
6d0e86f6-5128-45ae-9997-9156a53e333e,NOT_RELEVANT,none,high,"Arm weakness, neurological/muscular",no,False
a179712e-37ca-4e04-9319-00688963cf9f,NOT_RELEVANT,none,high,Hair thinning red light therapy,no,False
8db5d356-c4ca-4a6b-8434-f8a2e2fd19a9,NOT_RELEVANT,none,high,"Hot tub collapse, somatic emergency",no,False
2acecf02-d362-476a-bd61-31b24419cb3f,NOT_RELEVANT,none,high,"Checkup note adequacy, hypothyroidism",no,False
a286e7d0-ec78-460f-a0d3-c68713c450c5,NOT_RELEVANT,none,high,Meningitis prophylaxis,no,False
7eef8b62-1fff-4b2c-9ca6-4d6482f96d30,NOT_RELEVANT,none,high,"Rotator cuff tear, orthopedic",no,False
00383f6b-d2bb-4a0d-8f82-57573a69532b,NOT_RELEVANT,none,high,Lower back pain drug query,no,False
5ea9c949-3417-462e-991b-b6ebdc39ea21,NOT_RELEVANT,none,high,"Shortness of breath, respiratory",no,False
036c8274-4280-4f4c-ab9b-a7362ddd567e,NOT_RELEVANT,none,high,"Hyperesthesia, B12 deficiency workup",no,False
c6349843-482e-4a11-a579-c755d5c48c9d,RELEVANT,anxiety,high,"Anxiety from job/home stress, psychologically framed",yes,False
a8a00cdc-b467-4418-82fc-593cfa2973bd,NOT_RELEVANT,none,high,Colon cancer screening age,no,False
b603f797-58cc-45ea-9957-508f50b261f3,BORDERLINE,anxiety,low,"Pounding heart, cold sweat; possible panic, no psych framing",yes,False
fd028c3b-626f-45c1-ab80-1b69af2b0298,NOT_RELEVANT,none,high,"Insect bites, rash, fever; purely somatic infectious concern",no,False
90058327-4623-4453-a6c1-0b50d2230347,NOT_RELEVANT,none,high,Transplant immunosuppressant dosing; somatic,no,False
9b1b44cf-8b1e-4024-a7ae-38645d333f25,NOT_RELEVANT,none,high,Pregnancy diet/nutrition only,no,False
6a88352a-06e6-490b-981f-30f3b904a0ff,NOT_RELEVANT,none,high,"Only demographics, no content",no,False
3e0d1a3d-1946-4bc9-b17f-4cec960880a7,BORDERLINE,sleep,medium,"Sleep hygiene, trouble switching off; no explicit psychological framing",yes,False
68791631-a91a-466c-b6e5-8e73fd5bf18a,NOT_RELEVANT,none,high,Autoimmune flare medication choice; somatic,no,False
6cc1a26a-464f-43e2-96f6-f48979b4d718,NOT_RELEVANT,none,high,Postoperative hernia pain protocol,no,False
d263c6ab-a4e0-42fb-a773-0ce45931b389,NOT_RELEVANT,none,high,"Cluster headache; lithium/ketamine for pain, not psychiatric",no,False
4ce4f302-bee8-4d1a-b36d-9eeb3fc1f2c6,NOT_RELEVANT,none,high,Beginner cardio fitness routine,no,False
b5f5f1c5-5623-4c0f-85c8-03cf1e643bf6,RELEVANT,mood_depression_bipolar,high,"Diagnosed depression, in therapy, seeking coping support",yes,False
4da39df7-8856-4907-b8ae-b783bc3ca88f,NOT_RELEVANT,none,high,Weight-loss workout and diet plan,no,False
cb56a89b-fcae-4bc3-893e-9a6c8b5decbe,NOT_RELEVANT,none,high,"IVF abroad legality; reproductive, no mental health",no,False
6b3dbf1d-a425-4d22-ad1a-74d5cbdf1483,NOT_RELEVANT,none,high,Hepatitis B booster vaccination,no,False
fb59df64-9be6-44e3-8763-86cf314b935b,NOT_RELEVANT,none,high,Pernicious anemia; somatic,no,False
a31af7fe-5d14-408b-a8c8-379444bded62,NOT_RELEVANT,none,high,Hearing implant efficacy; somatic neuropathy,no,False
c5b8a577-7afe-479c-ab9a-ab29a59be34d,NOT_RELEVANT,none,high,Flu vaccine side effects,no,False
76e9ca61-0912-443b-ba7c-2670fdded82b,NOT_RELEVANT,none,high,Evolocumab dosing in CKD; lipid/renal,no,False
2f4d6688-00bc-48e4-9292-7a7f71527a73,NOT_RELEVANT,none,high,OTC inhaler for breathing; respiratory,no,False
b07234ca-492d-4eab-a8d0-947a5a726304,NOT_RELEVANT,none,medium,"Medical cannabis for chronic pain; analgesic, not addiction",no,False
6afbbe65-a91a-4d9a-b834-a3f2dad4e488,RELEVANT,mood_depression_bipolar,high,"Feeling down weeks, wants antidepressant choice",yes,False
6f22eff3-ea3c-4b72-a409-6e7cede3ec25,NOT_RELEVANT,none,high,Carbon monoxide emergency; somatic poisoning,no,False
85d62cf8-7455-418b-946d-200a25cb75e8,NOT_RELEVANT,none,high,Kids lunch nutrition portions,no,False
eac8fe1e-ef50-4342-a239-fcebfff6001f,BORDERLINE,stress_adjustment,low,"Moodiness from birth control, entangled with weight; not clearly central",yes,False
2a73df62-9a38-4d83-b5a6-11f41868cff8,NOT_RELEVANT,none,high,"Abdominal pain, fainting; somatic emergency",no,False
87ad52bc-b5b0-44c8-8143-92a160683998,NOT_RELEVANT,none,high,Post knee-surgery exercises,no,False
29cc634c-1ab9-4eef-9a63-c5c6b34af0df,NOT_RELEVANT,none,medium,"Transgender care referral letter; administrative, no psychiatric concern",yes,False
66e6f114-af7c-4a41-bb05-7017aff3ec09,NOT_RELEVANT,none,high,Burn treatment; dermatologic,no,False
d716ca0e-52b9-491b-92b4-1d74e450314c,NOT_RELEVANT,none,high,Wound care documentation template,no,False
bd28bfbe-22f7-4b41-96f9-7ef9f78382d5,NOT_RELEVANT,none,high,Cardiac arrest emergency; somatic,no,False
ce324f68-53c9-4998-b280-29104c1e0cbc,NOT_RELEVANT,none,high,Travel vaccines and malaria prophylaxis,no,False
b4c8cdbc-98db-460f-be11-9f510733d97c,NOT_RELEVANT,none,high,Ibuprofen side effects; somatic,no,False
7b2e9645-c751-4151-9888-919dc16a3056,NOT_RELEVANT,none,high,Bronchiectasis management; pulmonary,no,False
c5661062-dd75-46ea-9207-c5da84196e98,NOT_RELEVANT,none,high,Clobetasol for skin dryness; dermatologic,no,False
81677e94-2d6e-4987-bb53-3b49fae11016,NOT_RELEVANT,none,high,Period cramps relief; somatic,no,False
d0a7dc08-94bd-4d27-991a-2af7c919ce7a,NOT_RELEVANT,none,high,Recurrent UTI antibiotics,no,False
6b4512a8-bad2-4939-9c9b-d4ee2a62a17e,NOT_RELEVANT,none,medium,"Puberty blocker guidelines; endocrine gender care, no psychiatric focus",no,False
b7015a57-4d9e-49d7-b5be-827fb6857b42,NOT_RELEVANT,none,high,Iron deficiency anemia treatment,no,False
61664be9-e7cd-493c-a3fd-caca25fc6f71,NOT_RELEVANT,none,high,"Back pain, ergonomic chair, posture",no,False
067823fe-7897-4572-8333-5c25855b7982,NOT_RELEVANT,none,high,Fertility consultation scheduling,no,False
23586eee-ce41-43c4-bdf6-9c2ab0c983c4,NOT_RELEVANT,none,high,Cough referral to pulmonologist,no,False
b9e806fd-52ca-47d4-a64b-a92dbc364ef5,NOT_RELEVANT,none,high,Starting solids for infant,no,False
e5f9a72b-cbeb-45b5-a588-87e410833475,RELEVANT,mood_depression_bipolar,medium,"Hopelessness, giving up, asks if actually depressed",yes,False
a66e35f4-da48-4d24-a33b-bf7527a64f51,NOT_RELEVANT,none,high,Sore gums from brushing; dental,no,False
06a870a2-d477-4384-af28-cb92cba16a21,NOT_RELEVANT,none,high,Fibromyalgia magnesium evidence; somatic pain,no,False
4f4c8afb-d7fc-4d72-9a2a-860c03f9933c,RELEVANT,neurodevelopmental_adhd,high,"Pediatric ADHD treatment, medication vs behavioral therapy",yes,False
1744d665-18aa-410a-a5c9-f92cf5f7c6a1,NOT_RELEVANT,none,high,"Chemo labs, neutropenia, fatigue; oncology",no,False
985b64ca-fbee-4459-a22c-179e59243d8c,BORDERLINE,cognitive_neuro,medium,"Mild cognitive impairment, ginkgo efficacy; neuropsychiatric-adjacent",yes,False
b35e5216-50fe-45c6-89b0-f72985dce697,BORDERLINE,cognitive_neuro,medium,"Mild cognitive impairment in elderly; neuropsychiatric-adjacent, not clearly central mental-health.",yes,False
38349177-9668-4c7b-b76d-d3ec05dc00be,NOT_RELEVANT,none,high,Swollen infected foot; somatic,no,False
ccfddd01-072a-4a91-8881-f2ed572f3417,NOT_RELEVANT,none,high,Allergic reaction/anaphylaxis; somatic emergency,no,False
3cea7e05-33dc-4115-8859-99758e98818f,NOT_RELEVANT,none,high,"daily water intake, general wellness",no,False
56d50fe0-ab9f-480e-9cf1-86ae52660eb2,NOT_RELEVANT,none,high,"acid reflux prescription, somatic GI",no,False
08d8042e-28e9-4922-85ad-1e7e4ad4785e,NOT_RELEVANT,none,high,"head trauma emergency, somatic",no,False
7294e89c-049d-4842-9375-d9fb007a49f1,NOT_RELEVANT,none,high,"NSTEMI antiplatelet guidelines, cardiac",yes,False
f98c501a-1721-49f7-8cc0-89182c238379,NOT_RELEVANT,none,medium,"alcohol-medication interaction, not behavioral health",no,False
70326413-b436-4422-8837-0e34120c1c3e,NOT_RELEVANT,none,high,"watery eyes at computer, somatic",no,False
44c82f2e-0656-4fd2-a5ab-35f16fdc71f4,RELEVANT,neurodevelopmental_adhd,high,"autism treatment efficacy, neurodevelopmental",yes,False
da57dbee-0771-49bf-8a38-f9bc24db04bb,NOT_RELEVANT,none,high,"ortho non-opioid analgesia, somatic",no,False
0a494b52-f9e3-4fbf-83ea-fedb4cf03a7c,NOT_RELEVANT,none,high,"rhinosinusitis antibiotics, somatic",no,False
8429e539-e8e3-4237-a95b-1e8ac81389d8,NOT_RELEVANT,none,high,"chronic back pain treatment, somatic",no,False
07ed45ab-d51a-4914-b836-5019168288a6,NOT_RELEVANT,none,high,"food allergy symptoms, somatic",no,False
37443c2e-e477-41a8-adb8-47a56199c498,NOT_RELEVANT,none,high,"COPD vitamin C, pulmonary",yes,False
aac19081-962b-4c69-a325-9bee6220ed7e,NOT_RELEVANT,none,high,"aspirin stroke prevention, cardiovascular",no,False
be38309d-b470-4442-b21d-70121bb5fdc2,NOT_RELEVANT,none,high,"flu in seniors, antivirals, somatic",no,False
f427b5c5-707c-40df-8b01-404f6373b83b,NOT_RELEVANT,none,high,"diabetes test strips coverage, admin",no,False
bd5754cf-3273-4b14-92ca-5431930b109a,NOT_RELEVANT,none,high,"metallic taste, somatic",no,False
ca8ea8b1-addc-4669-b15a-48bd93035648,NOT_RELEVANT,none,high,"feeding tube swallowing, geriatric somatic",no,False
08f0be6c-6727-4dd4-adfb-1d541679fd45,NOT_RELEVANT,none,high,"anaphylaxis red flags, allergy",no,False
df6eae05-0617-438c-8e7e-1e577882af21,NOT_RELEVANT,none,high,"gene therapy blindness, somatic",no,False
4499bf2b-4519-4d43-9fff-1f47210f7eca,NOT_RELEVANT,none,high,"desk stretches, fitness",no,False
75626848-82a5-44f4-93e6-77f8cfefe24e,NOT_RELEVANT,none,high,"orthostatic dizzy spells, somatic",no,False
95a2d443-d6b0-4c16-aca3-2b1966783b93,NOT_RELEVANT,none,high,"meningitis spinal tap, somatic",no,False
27635df8-5749-413e-8154-27db163f45bb,NOT_RELEVANT,none,medium,"fatigue and blood pressure, somatic",no,False
dcdc9ea4-64fe-4668-ab7f-e4b0a58622c5,RELEVANT,anxiety,high,"panic attack symptoms, anxiety",yes,False
d94a8ed0-eef5-4747-9e0f-b9b9b9e86022,NOT_RELEVANT,none,high,"pediatric sedation MRI dosing, somatic",no,False
dda3a853-103f-4836-b3cb-0ea31af7e09a,NOT_RELEVANT,none,high,"tuberculosis treatment meds, somatic",no,False
1510dd57-ae0f-4b08-978b-f7c407e6880b,RELEVANT,perinatal_mh,high,"postpartum EPDS 16, mental health referral",yes,False
4d4ccd38-8aab-4b2d-8b48-56151540499c,NOT_RELEVANT,none,high,"cortisol fatigue workup, somatic",no,False
4a69eae9-c6a1-4cdc-82d1-dd8e01bdee2c,NOT_RELEVANT,none,high,"CPR ratio guideline, somatic",no,False
cbad8b70-3f90-4ca8-a10b-d4b8f40651fd,NOT_RELEVANT,none,high,"giardia diarrhea, infectious GI",no,False
459c3554-6a0a-46e7-a2da-3c86507327ed,NOT_RELEVANT,none,high,"pediatric growth percentiles, somatic",no,False
a1ea6573-39e0-4d93-8831-9a3ca0f961fa,BORDERLINE,sleep,medium,"insomnia one week, no psychological framing",yes,False
191a0709-26ae-4de2-895d-17393b7082c7,NOT_RELEVANT,none,high,"severe headache, vision/speech, stroke emergency",no,False
927401a8-f97c-4a76-92ca-fc52b2f25d08,NOT_RELEVANT,none,high,"infant vaccines, pediatric",no,False
be040569-e361-4fc7-a8ce-4f2af05b9854,NOT_RELEVANT,none,high,"breast cancer vitamin C, oncology",no,False
cd0efa8a-4aef-4c0e-8678-bc4fbde716f2,NOT_RELEVANT,none,high,"chest tube discharge criteria, somatic",no,False
f832bdf1-b4d0-4a75-9eb8-146865833f0a,NOT_RELEVANT,none,high,"postpartum pelvic floor therapy, somatic",no,False
140c95dc-4791-42a6-a1da-f52c7e525c48,NOT_RELEVANT,none,high,"dizziness fainting, somatic emergency",no,False
f0335513-f052-4fb7-b121-2c059192e9af,NOT_RELEVANT,none,medium,"facial flushing, thyroid worry, somatic",no,False
83329e29-26e1-4b5f-8707-a02bbc743aed,NOT_RELEVANT,none,high,"salt lamp asthma, somatic",no,False
f956edde-81b1-45a8-ba07-3a0394539942,NOT_RELEVANT,none,high,"sore throat antibiotic, somatic",no,False
478c07bf-4c15-4639-96b8-46bc8508d073,RELEVANT,mood_depression_bipolar,high,"feeling down months, antidepressant request",yes,False
9eccccc1-3382-4dbf-afb2-d57b750e859d,NOT_RELEVANT,none,high,"sunscreen SPF advice, wellness",no,False
ad723af3-e6c4-4cf0-b39e-d4101200f6c4,NOT_RELEVANT,none,high,"gestational diabetes management, somatic",no,False
52216df5-cc8d-48a4-abdc-55ee68ef89c4,NOT_RELEVANT,none,high,"splinter removal, somatic",no,False
97cebb28-ce18-44b0-b4c6-93c1e70ad326,NOT_RELEVANT,none,high,"postpartum breast lumps mastitis, somatic",no,False
3534668a-1e1d-421b-82b3-ecef3f114e3a,NOT_RELEVANT,none,high,"newborn seat tilt angle, safety",no,False
e1fe5849-6911-41d1-92bb-d32023447b7c,NOT_RELEVANT,none,high,"migraine prevention CGRP, neurology",no,False
b2e5424b-e649-43f7-9f74-4f1d71829796,NOT_RELEVANT,none,high,"neck stiffness, musculoskeletal",no,False
05830ad3-f2f6-462b-b038-4e7535505002,NOT_RELEVANT,none,high,"arm weakness diagnosis, neurological somatic",no,False
5d3da57b-6383-4508-b16f-11b3d8db205d,NOT_RELEVANT,none,high,"ibuprofen side effects for headache, purely somatic",no,False
21475e08-1eb3-41bc-a4ed-49caa0244965,NOT_RELEVANT,none,high,"hand flexor tendon rehabilitation, musculoskeletal",no,False
d0460389-1cba-4112-b8e0-079fe48a3fe6,NOT_RELEVANT,none,high,"sore joints from workouts, somatic",no,False
14d2a19c-1dcd-447d-bba5-4c571e5f14b9,NOT_RELEVANT,none,high,"CT imaging in pregnancy, radiation safety",no,False
c566a1cc-5806-472a-9c5b-4067df6c7425,RELEVANT,perinatal_mh,high,"postpartum depression care-access, telepsychiatry",yes,False
5b8a0e1f-d304-4b6d-b26b-e63b3aa3800c,NOT_RELEVANT,none,high,scraped knee wound care,no,False
18178129-3a8a-4951-8da4-fbae8f6c36f8,NOT_RELEVANT,none,high,"Meniere disease device, ENT/vestibular",no,False
1f5e62a4-3949-49f8-afce-bc84cfbc6f12,NOT_RELEVANT,none,high,"gonorrhea antibiotic regimen, infectious",no,False
ff1b694c-91c0-4645-9773-fc8f80b01542,NOT_RELEVANT,none,high,"kidney diet meal plan, renal/nutrition",no,False
14a56799-477d-46b8-ae80-5a539323c3f0,BORDERLINE,cognitive_neuro,medium,"aggressive dementia patient, neuropsychiatric behavior management",yes,False
c8ab089d-87c1-4be0-a698-a8944fb37aaf,NOT_RELEVANT,none,high,"handwashing duration, hygiene",no,False
dd1e6151-cee7-422b-aa39-0e95588c3348,NOT_RELEVANT,none,high,"thyroid storm, endocrine emergency",no,False
456dadc4-1877-408d-a459-52aaa6a6adaa,RELEVANT,anxiety,high,"panic vs anxiety difference, panic attacks",yes,False
f43e35e6-92c5-465c-9f7e-8e711ac5cf46,NOT_RELEVANT,none,high,"stroke tPA thrombectomy, neurology",no,False
1eabbe35-ec72-404e-a86e-75f7ab05a999,NOT_RELEVANT,none,high,"transferring medical records, administrative",no,False
568ed1e9-aa01-4227-b766-e539ce351e19,NOT_RELEVANT,none,high,"child bedwetting medication, urological",no,False
9ac4a4e4-eec1-4b59-9299-915535f95f57,NOT_RELEVANT,none,high,"stroke physical rehabilitation, no mental-health",no,False
89169855-80e8-4234-8865-f3e89559f028,NOT_RELEVANT,none,high,"IVF protocols, reproductive medicine",no,False
ddaa0ae0-f15f-436c-b4d1-7144e72b15e4,NOT_RELEVANT,none,medium,"fatigue resolves to pregnancy/prenatals, somatic",no,False
e4ef779c-1a4c-48ec-bea6-c3e2d8a8a3af,BORDERLINE,mood_depression_bipolar,low,"fatigue with feeling down, mood overlay but B12 focus",yes,False
81b9c35f-d836-4b11-8633-7f0b0de43b15,NOT_RELEVANT,none,high,"vitamins/iron for tiredness, nutritional",no,False
80cc8633-ac27-4caa-ba80-fd97368cd148,NOT_RELEVANT,none,high,"warfarin INR bridging, anticoagulation",no,False
7e5f7e36-462f-4a59-8a43-d39773e7af3b,NOT_RELEVANT,none,high,dog bite rabies vaccination access,no,False
72f4d375-81b0-4131-8d3e-a07cfbc69428,NOT_RELEVANT,none,high,"ICD/CPT coding hypertension hyperlipidemia, administrative",no,False
fa98860d-f727-42c2-a34b-9f1c7aa16100,NOT_RELEVANT,none,high,"postpartum hemorrhage, obstetric emergency",no,False
b19375d2-5e01-491c-b5d6-76f9478469be,BORDERLINE,sleep,medium,"sleep trouble, no explicit psychological framing",yes,False
972eae5a-f35f-4f77-8057-9965b86fcb91,NOT_RELEVANT,none,high,"ear pain after swimming, ENT",no,False
e4d4a9a6-d6bf-4e73-ad42-ffd77cd75d1c,NOT_RELEVANT,none,high,"lab values interpretation, somatic",no,False
24fe1774-72b0-4476-8d0b-321b83b85f59,NOT_RELEVANT,none,high,"tingling hands/feet, peripheral neuropathy",no,False
936ee758-d71c-475f-886f-89909379c6d8,NOT_RELEVANT,none,high,peanut anaphylaxis emergency,no,False
45ac06aa-9009-461b-83fb-988543fa20a4,NOT_RELEVANT,none,high,"autoimmune SLE, 'meltdown' non-psychiatric sense",no,False
bffefe04-176e-466e-9ab8-430bece66cb5,NOT_RELEVANT,none,high,bacterial mastitis handoff summary,no,False
ff9d484c-04f1-4674-abc1-1f9e023dc12a,NOT_RELEVANT,none,high,"multivitamin supplementation, nutrition",no,False
1e5b4324-272c-4def-8b33-9805c6d8cfc3,NOT_RELEVANT,none,high,"ammonia tolerance test result, somatic lab",no,False
0c1d0ed5-3fa2-48a0-85ae-88c06ef309d4,RELEVANT,perinatal_mh,high,"postpartum depression, wife low and crying daily",yes,False
d1ada4b8-be4c-42a2-a33a-e0793106a483,NOT_RELEVANT,none,high,"severed fingertip trauma, first aid",no,False
70c10085-1386-441f-81f5-4d21cf60ca94,NOT_RELEVANT,none,high,pediatric ear infection antibiotic dosing,no,False
05b0809c-ad93-4039-b105-d71cd2397628,NOT_RELEVANT,none,high,"scabies cream, dermatology",no,False
57ff71e1-335f-4e87-9f44-46326ba66038,NOT_RELEVANT,none,high,prenatal vitamins folic acid dosage,no,False
8223896a-d7ec-46a5-9d55-be37762c9961,NOT_RELEVANT,none,medium,"high fever, confusion, trembling, acute febrile illness",no,False
fb8f0249-eca6-48d5-87bd-ad752e168361,NOT_RELEVANT,none,high,"throat mucus complaint, ENT/respiratory",no,False
674cea45-0854-417c-8378-c8fb10e3b065,NOT_RELEVANT,none,high,"labetalol/pneumonia dosing, general medicine",no,False
00b9706f-6d43-46d9-a024-23b12ebd177f,NOT_RELEVANT,none,high,"improvised dialysis, renal emergency",yes,False
f6fe1532-0eea-4add-818e-e443b3e4174b,RELEVANT,anxiety,high,"nocturnal panic attacks, anxiety symptom",yes,False
101be583-4a4d-4b9f-b3c2-39df5bdf9cde,NOT_RELEVANT,none,high,type 1 diabetes insulin injection technique,yes,False
927fa506-d7de-4813-90ff-fc264f9ba09c,NOT_RELEVANT,none,high,"glaucoma IOP targets, ophthalmology",no,False
e85e508c-16d6-4dbb-a68a-68bc8cbaf624,NOT_RELEVANT,none,high,"diabetes meal plan schedule, nutrition",no,False
ff882af6-fbcd-449a-9701-581643a605e1,NOT_RELEVANT,none,low,"home-visit functional status note, no mental-health focus",no,False
b16c6bb0-4505-4e56-a312-6497e75e05d5,NOT_RELEVANT,none,high,"dental hygiene, plaque and breath",no,False
6b0232cd-d17b-4c70-b786-99ba6cd4a030,NOT_RELEVANT,none,high,"fever joints rash dengue, infectious",no,False
f928eca3-0949-4bce-b508-888ba2da92e4,NOT_RELEVANT,none,high,"Canker sore home remedies, purely somatic",no,False
29b413d1-1c8b-4190-ae12-5f178967aa9d,NOT_RELEVANT,none,high,"Pregnancy headache ibuprofen safety, somatic",no,False
6506aab0-355e-4ac7-9f48-e005747f73f1,NOT_RELEVANT,none,high,"Chest pain, somatic emergency",no,False
6f18f404-4a8c-4d49-9d1a-6f39e9655f99,NOT_RELEVANT,none,high,"Normal physical labs MyChart, administrative",no,False
20433923-e191-4859-a574-e2425e32cf1a,NOT_RELEVANT,none,high,"Antibiotics for cold/virus, somatic",no,False
02e7931f-4f15-45fa-843d-6d761b78c8c8,NOT_RELEVANT,none,high,"Testicular torsion, somatic emergency",no,False
a7f93274-e52b-4755-987b-c93d6e2f0061,NOT_RELEVANT,none,high,"Fever and rash, somatic",no,False
c01a8f05-65b4-44a9-aab3-33abafe0cdda,NOT_RELEVANT,none,high,"Stroke rehab and analgesics, somatic",no,False
53a034ed-0403-425f-85ce-f19ccec48c2d,NOT_RELEVANT,none,high,"Postpartum hemorrhage management, obstetric",no,False
4dcf2c2e-c7f1-44ca-80dc-4c2977bb498a,NOT_RELEVANT,none,high,"Penile cancer chemotherapy, oncology",no,False
247e6aab-8682-4634-ab3e-e07539305333,NOT_RELEVANT,none,high,"Hyperkalemia ECG emergency, somatic",no,False
7ad59c22-818e-4b21-a65f-beb8ba58a721,RELEVANT,perinatal_mh,high,Postpartum note covering mental health screening,yes,False
6d69a1e3-b581-473f-8fd9-c8cad457ee25,NOT_RELEVANT,none,medium,"Recent surgery, vague somatic, no MH",no,False
5772ff36-6503-4f1d-885a-6a3479e6c6ea,NOT_RELEVANT,none,high,"Alkaline diet bone loss, somatic",no,False
bfd1bcc3-3e40-4a15-a554-d51983ed6122,NOT_RELEVANT,none,high,"Interview prep and antibiotic, no MH",no,False
ad7b49c8-b3df-4211-992f-c7b2062287de,NOT_RELEVANT,none,medium,"Persistent hiccups; sleep loss incidental, somatic",no,False
dcc782c6-f563-4d06-814b-e32561831a50,NOT_RELEVANT,none,high,"Swollen ankles, infection vs rheumatoid, somatic",no,False
32cf75da-0a1c-46dd-bfa5-8dd85130b1bc,NOT_RELEVANT,none,high,"Mild diarrhea management, somatic",no,False
085e02ba-7cbe-44a1-9713-57f4d9010e32,NOT_RELEVANT,none,high,"Dehydration signs list, somatic",no,False
f35d6a73-532e-4f2a-b9a6-d4dfbf6edc00,NOT_RELEVANT,none,high,"GLP-1 obesity meta-analyses, somatic",no,False
49ab07a4-49c4-4d88-a89d-4ed78ebfd794,NOT_RELEVANT,none,high,"Acid reflux symptoms, somatic; irritation incidental",no,False
298439e3-956a-4ca4-bbee-e5889fe8c860,NOT_RELEVANT,none,high,"Neti pot for allergies, somatic",no,False
e7740263-4bb8-4b10-aea5-63b13ff4f4f4,NOT_RELEVANT,none,high,"Peanut anaphylaxis, somatic emergency",no,False
be21bd6a-38c6-4060-998a-72c857694884,NOT_RELEVANT,none,high,"Nosebleed, somatic",no,False
0831091e-6ec3-4415-9b92-04f1da8544e3,NOT_RELEVANT,none,high,"Ibuprofen for cramps, somatic",no,False
a18ec69b-f123-4a5c-8c67-65a812452236,NOT_RELEVANT,none,high,"Night sweats weight loss, TB/cancer workup",no,False
bce93a50-bdb8-473b-8068-e843d2b5d023,NOT_RELEVANT,none,high,"Patellar dislocation knee, orthopedic",no,False
5728bd8d-b482-40cf-99e4-9987b06b3a30,NOT_RELEVANT,none,high,"TIA driving and follow-up, neurological",no,False
2b343c08-b71c-40ec-bd0b-f6ad56cf7c49,NOT_RELEVANT,none,high,"Postpartum tetanus risk, somatic",no,False
8b18f7f1-6401-4adc-8154-a989a4dfd1db,RELEVANT,mood_depression_bipolar,high,"Feeling low and anxious, mood-lifting strategies",yes,False
b6769df8-2ee5-4ea9-a09d-79c707f90c49,NOT_RELEVANT,none,high,"Cholesterol statin management, somatic",no,False
08632d8e-8c0a-4a40-8b4a-a9c3cb9969a7,NOT_RELEVANT,none,high,"Non-healing foot wound, somatic",no,False
82aa146b-4f0e-44a0-9552-57a6b433d9bf,NOT_RELEVANT,none,high,"Gastric bypass nutrition consult, somatic",no,False
c0b70051-1079-4a86-bdb5-f5fed0bf5eda,NOT_RELEVANT,none,high,"Polio vaccination question, somatic",no,False
00c9bc53-7593-4787-8d7a-84aaeccd404d,NOT_RELEVANT,none,high,"Neurology meds, Parkinson, MS, somatic",no,False
d3aabc2d-2a3f-41aa-8631-75b11b078a18,NOT_RELEVANT,none,high,Pediatric repaired ASD cardiac follow-up,no,False
80845e62-83fd-4592-9215-4514bcd7689c,NOT_RELEVANT,none,high,"Strep throat signs in child, somatic",no,False
b2905d1a-80ea-4e2e-ba63-724bcc65743f,NOT_RELEVANT,none,high,"Prenatal vitamins and diet, somatic",no,False
4d83a282-7bd0-4ed7-82f2-02edda688cac,NOT_RELEVANT,none,high,"Dog scratch infection prevention, somatic",no,False
d9d54477-b15d-40b4-bcd1-b184e4f498c7,NOT_RELEVANT,none,high,"Nephrology consult note, somatic",no,False
8734ac13-4149-41ef-b18c-d3fd8d49bbf8,NOT_RELEVANT,none,high,"Scorpion sting home remedy, somatic",no,False
055a6102-df56-4632-9000-2bbb1e0f1a51,NOT_RELEVANT,none,high,"Diving spinal injury, paralysis, somatic emergency",no,False
e93a3b17-51d0-45e6-8b53-d8181472fbb3,NOT_RELEVANT,none,high,"Diabetic glucose insulin dosing, somatic",no,False
696f8e70-07db-4ad1-ac0d-cdb3aafbd1cf,NOT_RELEVANT,none,high,"Vaccine side effects, somatic",no,False
65c3a0dd-2ce8-4606-b02b-d64115af2ae6,NOT_RELEVANT,none,high,"Atopic dermatitis biologics, dermatology",no,False
f3ce397c-a77f-4c26-82bf-eabb7174a57f,NOT_RELEVANT,none,high,"Dry skin routine, dermatology",no,False
24ea7314-ad08-465f-98e9-829f35694789,NOT_RELEVANT,none,high,"Closed-loop anesthesia system, somatic surgical",no,False
d90a1683-33e2-4c4b-b4a0-39d9bb335fee,RELEVANT,perinatal_mh,high,Postpartum depression timeline and recovery,yes,False
9ba3e8d0-b58f-40fe-9a27-913175435c87,NOT_RELEVANT,none,high,"Palpitations from energy drinks, somatic",no,False
5a06ebfa-b7bf-4f11-8658-d26f6f491edd,NOT_RELEVANT,none,high,"Stomach acid digestion physiology, somatic",no,False
1174a07f-8df7-433f-a403-33cf773082c5,NOT_RELEVANT,none,high,"Pediatric tonsil management, purely somatic ENT",no,False
f54bddd8-52f2-41c0-90c2-9cda589e4ea6,NOT_RELEVANT,none,high,"Psoriatic arthritis rheumatology referral, somatic",no,False
952509a3-1015-4a38-8d69-137854d87149,NOT_RELEVANT,none,high,"Pediatric injury/breathing emergency, somatic",no,False
6b46231c-37cb-4bdb-aa7a-0b154c6e6d6f,NOT_RELEVANT,none,high,"Child fever management, somatic",no,False
7ab7d412-2b86-4f52-85fa-ab977f7cd127,NOT_RELEVANT,none,high,"Fainting/syncope evaluation, somatic",no,False
d24b5c35-b04e-4cb4-98f7-d05891dc63d7,NOT_RELEVANT,none,high,"Postpartum hemorrhage risk scoring, obstetric",no,False
8c78b520-25dd-43d4-84b2-237b76c1a604,NOT_RELEVANT,none,high,"Fetal ultrasound anomalies, obstetric",no,False
3828a1ce-2b63-4a28-ac96-f8d9bc9d404f,NOT_RELEVANT,none,high,"Knee pain OTC meds, somatic",no,False
d92a738c-4e7c-4637-9362-61a7c2bea804,NOT_RELEVANT,none,high,"Emergency contraception, somatic",no,False
1c51baf3-b86d-47be-b104-0cc277034088,NOT_RELEVANT,none,high,"Chest tightness, Wells PE score, somatic",no,False
cd0560c7-115b-4e73-8857-67a4f9a41075,NOT_RELEVANT,none,medium,"Lower back pain from sitting, somatic",no,False
a8fb1f38-803a-46be-9f5c-32f66129f1f7,NOT_RELEVANT,none,high,"Lidocaine dosing in cirrhosis, somatic",no,False
aedeea33-3bea-45fe-8214-90ba6f40752c,NOT_RELEVANT,none,high,"Measles exposure prophylaxis, somatic",no,False
80d9fbe9-0369-485e-a5e3-4b8799ad2365,NOT_RELEVANT,none,high,"Calf cramp stretches, somatic",no,False
182a5b4d-3a6a-42ff-85b4-28f310812a63,NOT_RELEVANT,none,high,"Sepsis from cut, somatic emergency",no,False
cfe03880-3f9c-4bd7-a485-8ee23105402a,NOT_RELEVANT,none,high,"Decreased fetal movement, obstetric",no,False
237c737a-6bf9-4407-9308-966d10ca0f5f,NOT_RELEVANT,none,high,"Throat swelling drainage signs, somatic",no,False
1358ac43-d423-48fc-b19d-2a312ff58ddf,NOT_RELEVANT,none,high,"Traveler's diarrhea, somatic",no,False
21b7b25e-4162-4380-948a-1474d3310411,NOT_RELEVANT,none,high,"Dehydration, low BP, somatic",no,False
09a185f7-669f-493e-b31b-02376660c44d,NOT_RELEVANT,none,high,"Polio vaccine schedule, somatic",no,False
e35290ce-739e-46bb-bb10-ade6a55a2d95,NOT_RELEVANT,none,high,"Ankle pain progress note, somatic",no,False
0304aac5-a662-48bb-a0f1-02f9c06d35ac,RELEVANT,neurodevelopmental_adhd,medium,"Diet research in children with ADHD, central condition",yes,False
b9a046c1-9957-4b7d-85aa-bddf151c88f7,NOT_RELEVANT,none,high,"Skincare routine, somatic/wellness",no,False
9869b274-a902-4182-b034-7d9c221bf0d5,NOT_RELEVANT,none,high,"Emergency contraception brands, somatic",no,False
8d0d9310-b6fb-43ad-bfd5-783dbdb1252d,NOT_RELEVANT,none,high,"COVID quarantine length, somatic",no,False
72c98347-879d-467a-9f35-a7c47e5af764,RELEVANT,psychiatric_medication,high,PTSD medication and interactions,yes,False
a4db3f5d-14c8-4b56-83fc-5426d8bbb5ed,NOT_RELEVANT,none,high,"Drowning CPR emergency, somatic",no,False
25d3599d-efaf-42f0-8906-d719659498d5,NOT_RELEVANT,none,high,"Stroke FAST warning signs, somatic",no,False
1e75cc73-3632-4efb-a4bb-abb4649b497f,RELEVANT,psychiatric_medication,high,Citalopram dosing/tapering for depression,yes,False
1a928791-b7ec-4ef6-b65d-ce1959992ca7,NOT_RELEVANT,none,high,"Post-workout meal, wellness/nutrition",no,False
e5f395a6-b7ee-4f71-86ee-262fc174bf9c,NOT_RELEVANT,none,high,"Ear pain clinic note, somatic",no,False
31c3bc5e-b261-4297-bcf5-544bbc1b595d,NOT_RELEVANT,none,high,"Head injury CT decision, somatic",no,False
9bfae7c6-dcff-4edb-b16b-a7e82d7d2d3a,NOT_RELEVANT,none,high,"Dengue/body aches, somatic",no,False
3e9faad4-5316-4971-b537-fde75ebd85cd,NOT_RELEVANT,none,high,"Necrotizing fasciitis algorithm, somatic",no,False
f6f9fb97-7a91-4f80-a4b7-924254914977,NOT_RELEVANT,none,high,"Cauda equina symptoms, somatic neuro emergency",no,False
f3898b18-773d-40fd-a8c6-ac689f201a60,NOT_RELEVANT,none,high,"Pneumonia antibiotic coverage, somatic",no,False
505a4c7b-80dd-4b80-99df-f9c9399d55c4,NOT_RELEVANT,none,high,"Headache SOAP note formatting, somatic",no,False
3621b406-75f3-4e0e-9af0-54d79c674841,NOT_RELEVANT,none,high,"Suture removal procedure, somatic",no,False
4a8ba3f3-b9c8-4d1d-99cc-c81efe12c83a,NOT_RELEVANT,none,high,"Red itchy eyes, eye drops, somatic",no,False
4cf1440f-55d0-4e1b-a464-d471162224d4,NOT_RELEVANT,none,high,"Finger joint pain in cold, somatic",no,False
05372689-e204-47f0-9b7c-ee877890f34a,NOT_RELEVANT,none,high,"Adult choking first aid, somatic",no,False
1fa8194c-fb15-490e-82cb-b7740903b9a0,NOT_RELEVANT,none,low,"Dizziness reading, worry incidental, somatic/visual",no,False
616bfe83-5e9a-4fcf-a7ef-d324eee18bf1,RELEVANT,mood_depression_bipolar,high,"Feeling down, seeking mental-health help locally",yes,False
13bff4e3-900b-45fe-8a45-1899f8045d61,NOT_RELEVANT,none,high,"Knee arthritis bush remedy, somatic",no,False
c8e5100f-5ce4-4d76-a5be-7a0927f1ceda,NOT_RELEVANT,none,high,"Vomiting blood, GI emergency, somatic",no,False
9f70268e-9e18-4305-a049-c76a6efa71bc,RELEVANT,perinatal_mh,high,Baby blues vs postpartum depression,yes,False
637ba7e6-546f-4666-84f8-b61e84d445fd,NOT_RELEVANT,none,high,"VR side effects, somatic/neurological",no,False
c91c90e4-099d-4313-90e7-bd6a72cac11c,NOT_RELEVANT,none,high,"Fruits/fiber digestion diet, nutrition",no,False
7f5c7533-68d6-4d89-a20b-7f8e69537a60,NOT_RELEVANT,none,high,"Dermatology cream dosing, somatic",no,False
4dadc43a-23db-4508-8dbe-c98b03b5f969,NOT_RELEVANT,none,high,"Celery juice autoimmune claim, somatic/wellness",no,False
1eb9f8e6-70f8-4af1-945d-c31bccc571be,NOT_RELEVANT,none,high,"Newborn fragment, no mental-health content",no,False
86dd2cde-29ba-4acf-b62d-589d0e384baa,BORDERLINE,anxiety,medium,Chest tightness attributed to anxiety; somatic with psych overlay,yes,False
32b52fd0-d82a-4969-9393-f2b2d0ad1f58,NOT_RELEVANT,none,high,"Exertional breathlessness, somatic",no,False
17f919c4-08c9-48e0-8ebc-9e3095a84f26,NOT_RELEVANT,none,high,Palliative advance-directive administration,no,False
546dd7a6-29c2-47aa-8675-2c96b9db25cb,RELEVANT,neurodevelopmental_adhd,high,"Suspected child ADHD, seeking prescription",yes,False
8318a74e-6233-4c4f-b7c3-9d1d1bfdf9e5,NOT_RELEVANT,none,high,Vitamins for hair regrowth,yes,False
93171ec9-14d2-414f-8825-a55d7e0600d3,NOT_RELEVANT,none,high,"Postpartum hypertension followup, somatic",no,False
57eae68a-4be4-420e-a85e-1ec52859293b,NOT_RELEVANT,none,high,Hypothalamus thermoregulation physiology,no,False
dfbedd00-c678-48fd-bb86-c789ed84c055,BORDERLINE,eating_disorder,medium,"Amenorrhea, weight loss, bradycardia; possible anorexia in differential",yes,False
0b427718-2bc3-48f7-a434-efa3cf3e3876,NOT_RELEVANT,none,high,Immune-system physiology,no,False
c158d6ca-268f-44d7-a1e4-48b868d53d8c,NOT_RELEVANT,none,medium,"Geriatric Beers polypharmacy review, not psychiatric focus",no,False
36930729-386e-459a-bfdf-ccac1332765b,NOT_RELEVANT,none,high,Perioperative beta-blocker therapy,no,False
ee1d2b97-f819-42ca-a4b2-7e79664022f1,NOT_RELEVANT,none,high,"Earache after flu, somatic",no,False
c4fc3643-6e4c-4d3c-8f5b-d504a5edbf50,NOT_RELEVANT,none,high,Postpartum herbal soup safety,no,False
25aaa586-36fd-4936-b470-d9c49b8a280b,NOT_RELEVANT,none,high,Postpartum checkup and immunization timing,no,False
37afccee-015b-474d-925e-2d36a830910b,NOT_RELEVANT,none,high,"Tick bite, Lyme management",no,False
a1c094f5-e825-4275-a3f1-cfa9d596a89e,NOT_RELEVANT,none,high,"Age fragment, no content",no,False
eeeaa349-8439-4d3d-96bb-783d0c9b862f,NOT_RELEVANT,none,high,CRISPR genetic disorder question,no,False
df01885e-4890-42ef-98e9-d3b918e9d2d9,BORDERLINE,sleep,medium,"Insomnia, zolpidem; antidepressant context but sleep is focus",yes,False
6ff57d30-3588-42ea-9341-95fe1e3d3088,NOT_RELEVANT,none,high,Blood-type diet efficacy,no,False
d206acc1-4505-4198-9a8a-22e3d4d44acd,NOT_RELEVANT,none,high,"Ear pain, antibiotics request",no,False
325f3646-11c3-4c12-9fc5-082d9e326633,NOT_RELEVANT,none,high,"Chest burning, acid reflux",no,False
964e73e0-ffad-4722-a33e-4f61c37f4efb,NOT_RELEVANT,none,high,Pediatric cancer prognosis,no,False
7eac31ac-7940-4dcd-bd10-571dd08c5be2,NOT_RELEVANT,none,high,Scoliosis orthopedic evaluation,no,False
96956969-6f97-4cb0-b5ca-98f6761fb302,NOT_RELEVANT,none,high,Child dental hygiene,no,False
fecdd89d-26fb-46bf-8e49-797bb478c2eb,NOT_RELEVANT,none,high,Lowering blood pressure naturally,no,False
f7106569-9044-4e13-9fc3-5375b812135d,NOT_RELEVANT,none,high,Tylenol dosing message,no,False
940b7d31-4c10-40a4-b0f9-0381698af8f9,NOT_RELEVANT,none,high,"Polyuria/polydipsia, diabetes worry",no,False
806f29bb-8447-4a78-81fb-a19a8118b322,NOT_RELEVANT,none,high,Lupus workup management,no,False
e2c9e36e-69f8-4091-8386-a90630f4b4d3,NOT_RELEVANT,none,high,Immunization schedule documentation,no,False
a87d2dc9-ca9c-49fc-84a4-818049e5f1ab,NOT_RELEVANT,none,high,Neonatal resuscitation updates,no,False
3fa95ca9-6f14-4a32-b13e-f4cef6830b1e,NOT_RELEVANT,none,high,Sore throat antibiotic question,no,False
8b3680a1-53a2-4839-b5bd-325d5f156fe2,NOT_RELEVANT,none,high,Hemorrhoid self-care,no,False
1bb2b561-2226-467d-b087-55e7d778ca21,NOT_RELEVANT,none,high,Travelers diarrhea,no,False
208d5d54-651e-45b5-baaa-61fc9d8d1c5d,NOT_RELEVANT,none,high,Warfarin INR adjustment,no,False
0cdca736-8edf-4c14-8cfe-4f706bf8db30,NOT_RELEVANT,none,high,Ear piercing aftercare,no,False
d613b323-1714-4fd7-8f5f-4e5a42af6caf,NOT_RELEVANT,none,medium,"Lump/cancer worry, somatic concern central",yes,False
c8c353f5-6058-4ec3-9e7f-6133fb47f74f,NOT_RELEVANT,none,high,Prenatal yoga safety,yes,False
88bdebf6-fa37-4330-9248-453ff8a20579,NOT_RELEVANT,none,high,Postpartum workout routine,no,False
eec79c90-63f8-423d-988c-c68c14362306,NOT_RELEVANT,none,high,Seasonal allergy symptoms,no,False
279a2765-8f53-4f3d-84e6-8c5983c8dc2e,NOT_RELEVANT,none,high,Prehospital sepsis antibiotic protocol,no,False
21a22c97-7f01-4280-8980-0e1c774bfc79,NOT_RELEVANT,none,high,Pediatric catch-up immunizations,no,False
3d940f97-104b-43a0-bbdd-79ece9b0dd37,NOT_RELEVANT,none,high,Postpartum hemorrhage risk concern,no,False
b84f4b64-e608-43be-adb3-5a7a31121a7d,NOT_RELEVANT,none,high,DIEP flap perfusion thresholds,no,False
1ce37e64-e311-42f2-b7b8-56fea6dcf60a,NOT_RELEVANT,none,high,Fetal growth restriction management,no,False
d75dd3dd-01da-43a7-a353-ddbdaafbf625,NOT_RELEVANT,none,high,"Ataxia prognosis, neurological",no,False
05a362ba-7c18-47d3-a7c3-d9fb6eab186d,RELEVANT,neurodevelopmental_adhd,high,"Child ADHD on Adderall, stimulant side effects",yes,False
4ce320af-7338-46e6-a19d-11f8da98620a,NOT_RELEVANT,none,high,Child epilepsy management,no,False
c82a3fb4-96d4-4050-abaf-dee95018011d,NOT_RELEVANT,none,high,"Vertigo/dizziness, inner-ear",no,False
cdad610a-a89c-4542-a3e1-34258c067495,NOT_RELEVANT,none,medium,"Chest discomfort, heart-attack worry, somatic",no,False
7fc2e162-b5f1-4911-9904-539ce6540b71,NOT_RELEVANT,none,high,Pediatric pneumonia antibiotic choice; purely somatic,no,False
4ca031ac-6d6b-45b3-b2f2-707a7167ab13,NOT_RELEVANT,none,high,"Feeling feverish; somatic, no mental-health component",no,False
cb14091b-e86a-4342-85fa-4fa808fcbcce,NOT_RELEVANT,none,high,"Hair loss, fatigue, thyroid worry; somatic",no,False
bc3d24f8-ad3d-49c3-87c2-a27a777f3332,NOT_RELEVANT,none,high,Raw milk and digestion; somatic,no,False
02109c83-28b1-4269-b4b2-5ceefb66524e,NOT_RELEVANT,none,high,Crohn's disease management; somatic,no,False
31d74356-5a14-4404-a3b0-4351e7e433f1,BORDERLINE,cognitive_neuro,medium,Acute delirium; neuropsychiatric presentation,yes,False
bae3c72b-fb53-45c5-ab71-44a12d136bfd,NOT_RELEVANT,none,high,"Parkinson's herbal remedy; neurological, not psychiatric",no,False
bf87defa-09b2-42df-9ed5-1878c419bf5c,NOT_RELEVANT,none,high,Skin infection antibiotics; somatic,no,False
5755f4b5-6404-4539-9ddb-b8c2d6cfcd11,NOT_RELEVANT,none,high,Bleach ingestion emergency; somatic,no,False
13c41de2-e963-4562-bb55-304d098abdca,NOT_RELEVANT,none,high,Sciatica stretches; musculoskeletal,no,False
6fe6d557-6873-499d-87be-f44a1b5124dd,NOT_RELEVANT,none,high,"Postpartum hemorrhage note; somatic, no mood",no,False
15c6432a-6dfd-485c-baa7-59ff7e7a353d,NOT_RELEVANT,none,high,Diet for older adults/diabetes; nutrition,no,False
f0179bec-cad6-4761-b997-1f037c4d9d54,NOT_RELEVANT,none,high,Head bump concussion workup; somatic,no,False
fa82772e-dc39-4d9b-ad4e-6fa27028f990,NOT_RELEVANT,none,high,Burn first aid; somatic,no,False
587fabe0-5599-4f6b-8182-0ee41c6d9b7a,NOT_RELEVANT,none,high,Note error-checking task; administrative,no,False
c3a26abf-c9ae-4b4b-9ac2-9ed7f538744d,NOT_RELEVANT,none,high,Liver metastasis ablation; oncology,no,False
fb585290-da30-4fd4-b2d6-31776aad9f1b,NOT_RELEVANT,none,high,Sinus infection message rewrite; somatic,no,False
2ff287c5-0d44-453b-a1c0-7562814e8282,BORDERLINE,stress_adjustment,low,"Home-birth safety with hospital fear, loneliness; mood entangled not central",yes,False
c73ecaa9-235d-4669-99ec-b04bd6eea6aa,NOT_RELEVANT,none,high,Choking emergency; somatic,no,False
baa76281-a534-423c-bec1-1100023466a0,NOT_RELEVANT,none,high,BMI/height/exercise teen; wellness,no,False
76d44765-29f5-4d0a-80c1-a2e5daa59e12,NOT_RELEVANT,none,high,Vague dosing question; no psychiatric content,yes,False
8835c2a7-330d-4dd8-9beb-5f135890f43f,NOT_RELEVANT,none,high,Birth control method selection; somatic,no,False
fe5e8a24-eac2-497e-9846-f316733937f9,RELEVANT,perinatal_mh,high,Postpartum depression screening training; central mental-health topic,yes,False
f12eec91-e6b1-4d8f-bb38-79eeb420fcff,NOT_RELEVANT,none,high,Fertility/conception planning; somatic,no,False
4004ddbd-e4d6-4617-ae03-5e1d5b213487,NOT_RELEVANT,none,high,Psoriasis PRP guidelines; dermatology,no,False
9a56913c-a5f8-4fb0-94d0-7c61bdb44555,NOT_RELEVANT,none,high,Warfarin dose adjustment; somatic,no,False
03584365-69e1-42c3-bf9c-9324673105ea,NOT_RELEVANT,none,high,Pediatric abdominal pain note; somatic,no,False
70cafa6c-91e1-4c7a-b319-bbf310bab159,NOT_RELEVANT,none,high,Cataract surgery method; ophthalmology,no,False
29f75071-2cb7-4eef-92fe-f2dfacb41ec8,NOT_RELEVANT,none,medium,Only demographic stated; no mental-health concern,no,False
0b747a97-13b4-4554-85f9-b508f6142ec3,NOT_RELEVANT,none,high,Fainting workup; somatic,no,False
fbd8a3a1-09e5-4041-8528-5d21a52c06e5,NOT_RELEVANT,none,high,Preeclampsia guidelines/note; somatic,no,False
1d3fbe7a-c4e1-4f78-bf9d-ca8dfe25e724,NOT_RELEVANT,none,high,Ear infection signs; somatic,no,False
6ff1b7d1-617c-45dc-ba8a-94816fc21e15,NOT_RELEVANT,none,high,Snacks for weight management; nutrition,no,False
83942372-2713-47b8-ba54-32d516286f36,NOT_RELEVANT,none,high,Back stiffness stretches; musculoskeletal,no,False
80572dd8-2e6b-430c-bcd5-c79743867230,NOT_RELEVANT,none,high,Infant cradle cap; dermatology,no,False
e834c556-fd76-4458-8f06-01d98e029ed6,NOT_RELEVANT,none,high,Tension headache acupuncture/ibuprofen; somatic,no,False
a9b3ebc1-9ea5-449c-b469-ab7db7c48a29,RELEVANT,psychiatric_medication,high,"Major depression, telehealth, antidepressant meds running low",yes,False
2e0b2fec-7692-4f0b-a720-c5ab3e351242,NOT_RELEVANT,none,high,Insect bites and repellent; somatic,no,False
0f7c0e65-aea6-4b19-8954-d0126c243d8e,RELEVANT,anxiety,medium,"Acute anxiety/panic, can't sleep or calm down, 'what's wrong with me'",yes,False
30564618-20de-4427-a1bf-bf3c4b0f1941,NOT_RELEVANT,none,high,Lower back pain exercises; musculoskeletal,no,False
a68cd296-c48a-44e8-98c2-d6fdfc947364,NOT_RELEVANT,none,high,Microplastics lung damage; environmental/somatic,no,False
5be1a1e9-5776-4150-8418-d7c316358edf,NOT_RELEVANT,none,high,Tubal ligation counseling; surgical/somatic,no,False
1f0b0f42-1566-4403-81e7-d49560e4c003,NOT_RELEVANT,none,high,IBD/Crohn's management; somatic,no,False
62f5ef60-2a1b-4bbf-8dbe-cfe98d07fba5,NOT_RELEVANT,none,high,Pregnancy bleeding emergency; obstetric,no,False
7fbf335a-08c3-4547-a6b5-5622d456c66e,NOT_RELEVANT,none,high,Dizziness after standing; somatic,no,False
02efd788-9450-406a-bf35-29ac04f039d6,BORDERLINE,perinatal_mh,low,Infant colic question with parental overwhelm/exhaustion; distress secondary,yes,False
2526b00b-4781-452f-87d6-5cbbf9337084,NOT_RELEVANT,none,high,"Post-stroke home rehab exercises; neurological, not psychiatric",no,False
f91a4f93-6d8a-4bb5-80a6-fde91835723c,NOT_RELEVANT,none,high,Choking emergency; somatic,no,False
1e4bc265-85e7-4aac-9274-e320627fb2a7,NOT_RELEVANT,none,high,Ear infection antibiotic; somatic,no,False
3252691f-a91b-41d7-b9b4-3c8b8e5eac07,NOT_RELEVANT,none,high,CT contrast reaction worry; somatic,no,False
7fb5cd73-b891-4d59-a2c0-912108292f85,NOT_RELEVANT,none,high,"Anemia lab results MyChart message, no mental-health component",no,False
8d9bfd94-034e-4953-afc8-fe8fbef1c37d,NOT_RELEVANT,none,high,"Infant cyanosis/breathing emergency, somatic CPR question",no,False
a57dd231-e3c4-419f-8691-526d65cd33a4,NOT_RELEVANT,none,high,"Newborn vaccination schedule, purely somatic",no,False
2f280457-8a62-4f3e-b755-60c4fc4c937d,NOT_RELEVANT,none,high,"Herbal tea safety in pregnancy, wellness/somatic",no,False
f2de8e35-8297-49c3-a3f9-e9fef5b023a3,NOT_RELEVANT,none,medium,Acne treatment focus; stress mentioned only incidentally,no,False
68610690-fbcc-4556-861f-34e39b1be1f3,NOT_RELEVANT,none,high,"Post-splenectomy vaccine timing, somatic",no,False
cc4551a0-f578-4d44-8fde-cd3acfd874b6,NOT_RELEVANT,none,high,"Tumor malignant potential, oncology somatic",no,False
b35df407-4fbe-4cbd-bbee-7822c2c8a5df,NOT_RELEVANT,none,high,"Trauma/shock management, somatic emergency",no,False
70ea2225-6761-4181-aa77-c7342b9ec601,BORDERLINE,anxiety,medium,"Acne but prominent anxiety, self-consciousness, social isolation",yes,False
04961fac-981f-4078-8cda-2d69b4bc2518,NOT_RELEVANT,none,high,"Choking emergency, somatic",no,False
a236d785-6a20-43b3-8a65-b4f55e8506d2,NOT_RELEVANT,none,high,"CPAP pressure/dryness adjustment, somatic device question",no,False
b7de025e-f9b2-4302-bab2-ea5f1cf0896e,NOT_RELEVANT,none,high,"Allergic rhinitis antihistamine choice, somatic",no,False
0d5ee21c-9116-43e5-a856-8d1b639273a3,NOT_RELEVANT,none,high,"Thyroid labs/levothyroxine in pregnancy, somatic",no,False
cd2644f4-5203-4395-8cd6-d993bb486de2,RELEVANT,perinatal_mh,high,"Postpartum depression versus blues, perinatal mood concern",yes,False
0b839f4c-9393-493d-85b0-c4e6ed22dbf9,NOT_RELEVANT,none,high,"Travel tips and yellow fever booster, somatic",no,False
b5e076a5-4112-4d84-b76c-076b11569c79,NOT_RELEVANT,none,medium,"Unresponsive father, somatic/coma despite psychologist framing",no,False
2607cb85-0d67-4420-bd94-7f0f0c03f9e1,NOT_RELEVANT,none,high,"Dialysis Kt/V formula, somatic",no,False
104fecaa-a6c1-4767-9b82-34c269239574,NOT_RELEVANT,none,high,"Parkinson's neural implant for tremors, somatic neuro",no,False
1353ca8b-e3aa-4a29-8bd0-e85c2e6953bf,RELEVANT,suicidality_self_harm,high,"Worthlessness, suicidal thoughts, depression, insomnia",yes,False
68159386-b71e-455f-9c82-a8d6b773abae,NOT_RELEVANT,none,high,"Admission order set template, administrative",no,False
22261bee-f30a-4913-810e-c5dd997dfaa7,BORDERLINE,anxiety,medium,Chronic back pain with anxiety and sleep disturbance overlay,yes,False
27776262-0e25-4ba7-89ca-8beb80b78322,NOT_RELEVANT,none,high,"Sunburn management, somatic dermatology",no,False
4315a466-825c-451d-958e-80d50af409a5,NOT_RELEVANT,none,medium,"Fever after drinking; alcohol incidental, not addiction concern",no,False
6f6fd569-ceab-4ba2-a5e5-e925ec29812b,RELEVANT,perinatal_mh,high,"Postpartum depression, asking about medication",yes,False
f7e74aac-270c-4d45-89df-d7b9f83f2fe6,NOT_RELEVANT,none,high,"Minor cooking burn care, somatic",no,False
d35b536e-b908-4a65-a79f-3fcd62ef3128,NOT_RELEVANT,none,high,"Spider bite antivenom, somatic emergency",no,False
492b1fbc-be47-4247-a91c-8051620f146e,NOT_RELEVANT,none,high,"Pancreatic enzyme replacement dosing, somatic",no,False
3454d4a7-d1ac-489e-8202-2d1c0d31434f,NOT_RELEVANT,none,high,"Fainting/syncope management, somatic",no,False
b882b1c2-7d6a-4aa3-abb2-cb7ac8e238ae,NOT_RELEVANT,none,high,"Child stomach pain and worms, somatic",no,False
7b7c000c-15a1-47ac-8914-fc78ad22bc43,NOT_RELEVANT,none,high,"STEMI teaching flowchart, cardiology somatic",no,False
bc9cf2c4-9dfe-4ae7-8b50-0d31ffa78297,NOT_RELEVANT,none,high,"Postpartum pelvic floor therapy, somatic",no,False
48c478e9-511f-4665-a745-abe6c485dd42,RELEVANT,mood_depression_bipolar,high,"Sad and unmotivated all week, depressive symptoms",yes,False
2cf8c894-398d-4049-98aa-42244bec6f8e,NOT_RELEVANT,none,high,"Toddler fever/appendicitis concern, somatic",no,False
9f7e2cb8-ba28-428b-99e7-93ce6162739c,NOT_RELEVANT,none,high,"Hydration after workout, wellness",no,False
aff7147a-4f49-4421-a385-60fd813a8953,BORDERLINE,cognitive_neuro,medium,"Friend acting like different person and forgetting, neuropsychiatric",yes,False
5d709dda-23f2-4574-ae3b-d4d7436f1a37,NOT_RELEVANT,none,high,"Protein intake for weightlifting, nutrition",no,False
45dde188-a471-4d06-98bb-11343fb9652f,NOT_RELEVANT,none,high,"Colonoscopy scheduling/wait, somatic admin",no,False
45aada6b-2c92-43e6-94d8-f33036ec0833,NOT_RELEVANT,none,high,"Tsetse fly sleeping sickness, infectious somatic",no,False
f23146aa-186c-418d-ab23-efb68bccdccf,RELEVANT,neurodevelopmental_adhd,high,"Child autism symptoms treatment, neurodevelopmental",yes,False
93f3f4df-be6c-448d-b2f8-4d585d3795f3,NOT_RELEVANT,none,high,"Organ donor signup eligibility, administrative",no,False
d90e1686-8a91-42b0-90a0-9f09c4b110ee,NOT_RELEVANT,none,high,"Cosmetic jaw surgery safety/recovery, somatic",no,False
ef1feb00-d30c-41d6-9dbf-2869dc3c90ca,NOT_RELEVANT,none,high,"Renin/aldosterone labs, blood pressure somatic",no,False
b305cc46-8cbf-4362-9b8c-bc45cc11e4c6,NOT_RELEVANT,none,high,"Complicated UTI antibiotic dosing, somatic",no,False
0835de59-98c0-408a-892c-2c184db8f3fe,NOT_RELEVANT,none,high,"Type 1 diabetes insulin therapy, somatic",no,False
46296f24-74bb-45e4-9bf7-e22e2079c3af,NOT_RELEVANT,none,high,"Eosinophils and asthma management, somatic",no,False
d0dc05ea-aa90-44dc-bdf6-5221e956dfcf,NOT_RELEVANT,none,high,"Kerala Nipah outbreak guidelines, infectious somatic",no,False
22cc2f41-b757-4c24-9cc2-eb7fb8173601,NOT_RELEVANT,none,high,"Vaccine reaction progress note, somatic admin",no,False
3ab28d74-126b-48d9-bd1e-620ee2b6fea0,NOT_RELEVANT,none,high,"Bat cave Marburg exposure, infectious somatic",no,False
45860d37-cc49-4cf8-8d6c-fe5554f26dfa,NOT_RELEVANT,none,high,"Borderline intraocular pressure, ophthalmology not psychiatric",no,False
51403325-db6c-4b3d-867d-6f57dfbf4783,NOT_RELEVANT,none,high,"New-onset seizures ED evaluation, neuro somatic",no,False
d72e991a-6e1a-4669-91d9-31c8af5eaf7d,NOT_RELEVANT,none,high,"Dermatologic sun sensitivity, no mental-health component",no,False
30d50496-ce1b-47f5-8b00-6e280565d3da,NOT_RELEVANT,none,high,Clinical notes for anemia/GI workup,no,False
a4f3f187-0c53-4610-84d5-6ea2c5296163,NOT_RELEVANT,none,high,"Postpartum hair loss, dermatologic not psychiatric",no,False
1efbf1e8-09ea-4a47-8885-df4e5642bcb5,NOT_RELEVANT,none,high,"Virus vs bacteria, antibiotics education",no,False
269f4460-863a-4bcb-9968-2feebc558bf6,NOT_RELEVANT,none,high,Hyperkalemia lab interpretation,no,False
9df0e73a-70ee-48d8-9b30-6bfbdd6b43a1,NOT_RELEVANT,none,high,"Diet, weight loss, nutrition questions",no,False
043901fd-ca0e-492f-8054-38ab1d8827e3,NOT_RELEVANT,none,high,"Zika in pregnancy, infectious disease",no,False
01ca82f0-3e80-4c76-8016-4059564c4120,NOT_RELEVANT,none,high,"Choking emergency, first aid",no,False
fd328fd9-829b-486c-9abf-d426e0eb44ac,NOT_RELEVANT,none,high,Mammography screening guidelines,no,False
d204d98a-d441-4f86-8bd3-9546122a67e2,NOT_RELEVANT,none,high,Osteoarthritis pain management,no,False
a2185444-3c8f-4343-9b7c-f08b5ae3c412,NOT_RELEVANT,none,high,"MRI medical necessity letter, knee injury",no,False
48d5a51d-40a9-456d-b61e-a5a78d3a3f53,NOT_RELEVANT,none,high,Cold/cough natural remedies,no,False
5d625316-2dbc-4bd8-9c58-ba025653e8d6,NOT_RELEVANT,none,high,Prolonged QT cardiac workup,no,False
a779fc02-f249-4cc3-b095-b384a06a8e6d,NOT_RELEVANT,none,high,Chronic pancreatitis management,no,False
2e6c8af2-9fc7-43c2-9045-11864494bd7c,NOT_RELEVANT,none,high,Neonatal bilirubin management,no,False
42a200db-99e6-40f2-a34c-15685a4f641e,NOT_RELEVANT,none,high,Sore throat self-care,no,False
2dce5731-8e45-4c21-804f-8546e539d4bd,NOT_RELEVANT,none,high,"Morning stiff neck, musculoskeletal/pillow",no,False
f08faddc-be2f-427d-b25d-92e97d6ec25e,NOT_RELEVANT,none,medium,Hospice recert note; overwhelm incidental not focus,no,False
f5148d5a-a7cd-42c4-9b4d-11620548e340,NOT_RELEVANT,none,high,"Dizziness and headache, somatic",no,False
f802f207-58d4-4001-b53c-2908b6dd0342,NOT_RELEVANT,none,high,Kidney transplant immunosuppression management,no,False
89839b85-1799-4759-87bf-2d7bb667431a,BORDERLINE,sleep,medium,Insomnia/sleeping pill without explicit psychological framing,yes,False
0808e35e-9f8a-49e4-8bbe-211b74165e04,NOT_RELEVANT,none,high,"Fake test, advil in pregnancy",no,False
ae030d4d-4523-4ea1-abbe-9f17716ed470,NOT_RELEVANT,none,high,"Skin cancer prevention, sunscreen",no,False
795a80e0-aea8-413d-b03a-0b2e9ebee6b2,NOT_RELEVANT,none,high,Healing bruise interpretation,no,False
bb5fb990-f243-40ac-80ae-c64f327fa25e,NOT_RELEVANT,none,high,Respiratory therapy clinic services planning,no,False
2acb67f8-6361-4fe3-859c-d68521c66c2a,NOT_RELEVANT,none,high,"Infant feeding, starting solids",no,False
5c194a03-c5fd-4f72-9299-36530273d5b1,NOT_RELEVANT,none,high,Insulin pump diabetes summary,yes,False
5a6e6e42-480e-4617-a0ed-040e6a21761d,NOT_RELEVANT,none,high,"Infant twitching, possible seizure concern",no,False
14f56c33-9311-4785-8505-41d60b68a791,NOT_RELEVANT,none,high,"Antihistamine drowsiness, allergy treatment",no,False
528ee679-e577-4cb2-a346-39f3c6c58063,NOT_RELEVANT,none,high,Rheumatic heart disease screening,no,False
abd3c75e-20ca-4ab0-9dcb-723821ce06e4,NOT_RELEVANT,none,high,Sepsis handoff summary,no,False
852571da-935d-4363-9069-639a7c9c2330,NOT_RELEVANT,none,high,"Chronic joint pain, magnetic bracelet",no,False
929cc451-35f8-4698-8b89-b915be16d8a7,NOT_RELEVANT,none,high,Splinter removal,no,False
f4dba17d-666e-477d-836c-f2e0ecd852b0,NOT_RELEVANT,none,high,Gentamicin renal dosing,no,False
7b72f2ee-d661-4e47-8898-354fa4909258,NOT_RELEVANT,none,high,Wells DVT score calculation,no,False
7a991501-4c7d-49ca-9733-4d77c43bf0c9,NOT_RELEVANT,none,high,"Parkinson's referral, neurology not psychiatric",no,False
e6fa6a31-04df-4538-a385-9fb0bc9095d2,NOT_RELEVANT,none,high,Influenza symptoms and triage,no,False
dbd5e90a-ac97-45ea-a33f-c5360408fea4,NOT_RELEVANT,none,high,"Irregular periods, gynecologic",no,False
466522f1-1874-456e-afdc-0d908e037826,NOT_RELEVANT,none,high,Fetal heart tracing guidelines,no,False
f9d8fcf8-f89e-4a07-bc4f-d2c634cba21c,NOT_RELEVANT,none,high,Generic stable patient note,no,False
4d441d96-f214-46de-9f01-60bdfb8fcd4c,NOT_RELEVANT,none,high,"Chest pain/stroke emergency, somatic",no,False
fea6165b-b7ca-4b77-9e59-9d533a63f4a0,NOT_RELEVANT,none,high,Acute care protocols; opioid overdose is toxicology,no,False
74d0b665-ea86-4318-bb8f-c0dcbda159a9,NOT_RELEVANT,none,high,Septic shock management reference,no,False
59f22583-9e04-4b89-aaf1-7baae68c41b8,NOT_RELEVANT,none,high,Handwashing technique,no,False
579e601f-fa40-4c2a-9b16-b507000eeba2,NOT_RELEVANT,none,high,"Hair thinning, dermatologic",no,False
bd0e192d-8c5e-4ea6-886f-56372f93703f,NOT_RELEVANT,none,high,"Migraine in pregnancy, neurologic",no,False
c1b6738e-2912-4a84-890f-b7f5be0c8a5c,NOT_RELEVANT,none,high,Rotator cuff shoulder injury,no,False
7345a668-05f6-40f7-a4ce-013cd2bf0701,NOT_RELEVANT,none,high,"Dupuytren's contracture, orthopedic",no,False
e5d5213e-fc58-4d46-8157-65c003cd8e1d,NOT_RELEVANT,none,high,Overweight child follow-up frequency,no,False
a1a11226-f66e-45ca-babb-b58a955fb231,NOT_RELEVANT,none,high,"Fertility preservation, ESHRE guidelines",no,False
fece79e5-76aa-4342-9beb-2007508e6792,NOT_RELEVANT,none,high,Fragment about visiting clinic; no mental-health content,no,False
7062040b-af38-4011-a188-409c968cde45,NOT_RELEVANT,none,high,"Demanding lupus confirmation; somatic, no psychiatric concern",no,False
5c355e47-dbff-4853-9e88-2c1f1d8ab904,NOT_RELEVANT,none,high,Kidney disease and intermittent fasting; somatic,no,False
e3fae79e-2d06-4b1b-971d-08f18d5fb3bc,NOT_RELEVANT,none,high,Knee surgery physiotherapy timing; orthopedic,no,False
9cc625af-4006-464d-9e2d-fed6d383d047,NOT_RELEVANT,none,high,Toddler fever home management; pediatric somatic,no,False
3f0cc8b9-d134-47ac-9c3f-ecd3923b063c,NOT_RELEVANT,none,high,Vitamin D2 vs D3 supplementation; nutrition,no,False
953cef9f-c626-4e66-b0ca-fc5828c25d56,NOT_RELEVANT,none,high,Stomach cramps after meal; GI,yes,False
deb3e6e2-af0a-4dfc-9e7b-92fd246e9d4e,NOT_RELEVANT,none,high,Lump possible tumor; somatic,no,False
b842859d-b191-4170-8ab7-133be825cd6c,NOT_RELEVANT,none,high,Headache; somatic,no,False
1e8d76c8-1359-433c-ae87-7d3e60d321a9,RELEVANT,anxiety,high,Uncontrollable obsessive thoughts; OCD/anxiety symptom,yes,False
c5992681-eb49-4ce8-a427-efa94f924bdd,NOT_RELEVANT,none,high,"Migraine diet; stress only a trigger, neurological",no,False
8d861fd4-47e7-4dd1-8644-efb5946b2a71,NOT_RELEVANT,none,high,Hypertension medication choice; cardiac,no,False
72441ada-d826-4a2a-b7ef-b814a08e1173,NOT_RELEVANT,none,high,CF airway clearance billing/CPT; somatic admin,no,False
a6fe18c6-458f-426a-bbd7-f9837c7e3430,NOT_RELEVANT,none,high,Malaria prophylaxis dosing; somatic,no,False
e56fa2e3-564a-481a-9030-efa1de3330d0,NOT_RELEVANT,none,high,Dermatology SOAP note; somatic documentation,no,False
1e8fb3d8-b03b-4fbc-939a-6f7a6766e300,NOT_RELEVANT,none,high,Pneumonia chest x-ray antibiotics; somatic,no,False
9994198e-8d08-4c6c-9b4b-64236d713bf9,NOT_RELEVANT,none,high,Spinal cord compression algorithm; neurosurgical,no,False
3df4cede-01a5-465a-8b4e-4fef6474d792,BORDERLINE,sleep,medium,Mild insomnia natural strategies; no explicit psychological framing,yes,False
4fa2af92-bf88-496b-b132-d01fe1d8de61,NOT_RELEVANT,none,high,mRNA vaccine side effects; somatic,no,False
31e8f386-4982-46ed-a1a8-4d1a4a7cb723,NOT_RELEVANT,none,high,Leg ulcer dressing choice; wound care,no,False
64edba2d-23cb-4c2b-bd77-05e080d3039f,NOT_RELEVANT,none,high,Thromboprophylaxis after hip arthroplasty; somatic,no,False
a8a67404-c4ec-4cfb-a8fd-5b753cd0b68c,NOT_RELEVANT,none,high,Menopause hormone therapy prescription; somatic,no,False
d175d5c4-91c8-466c-9955-ef6d4d7a39ac,NOT_RELEVANT,none,high,Heart failure drug synergy; cardiac,no,False
43e9785e-030b-4a7b-a5e5-5f333536648f,NOT_RELEVANT,none,high,Earwax removal drops/irrigation; somatic,no,False
b038177a-36ac-4b70-bdb3-8bbb31e22668,NOT_RELEVANT,none,high,Sudden droopy face; stroke/neurological,no,False
9f216351-df50-4a38-aafc-ed1527ad2792,NOT_RELEVANT,none,high,C. difficile fecal transplant trials; GI,no,False
5074e224-a0e5-4158-ac7a-46a2a1462aeb,NOT_RELEVANT,none,high,"Fatigue/dizziness from heat; somatic, not psychological",no,False
f805d9ab-69c5-478a-b774-24d9a453925a,NOT_RELEVANT,none,high,Appendicitis differential diagnosis; somatic,no,False
f51c36cc-1eba-4415-8463-c5e6512faee4,NOT_RELEVANT,none,high,Chest pain triage; cardiac,no,False
fb11801a-6769-476c-b625-3498310bf638,NOT_RELEVANT,none,high,Leg swelling filaria; somatic,no,False
df2eda9a-f3e0-4438-8bf2-049cab4a8d6a,NOT_RELEVANT,none,high,Decongestant safety in pregnancy; somatic,yes,False
e84063a1-7253-421e-bb44-8e456da7d760,NOT_RELEVANT,none,high,Dizziness wanting medication; somatic,no,False
5d752020-e5c0-48eb-8d98-e6c96214a627,RELEVANT,mood_depression_bipolar,high,Psychotherapy versus meds for low mood; depression treatment,yes,False
50eed4a8-9d58-4694-aac3-a042cd747218,RELEVANT,mood_depression_bipolar,high,Weeks of sadness/anxiety asking if mental disorder,yes,False
d01757c0-1eaa-492e-b88a-1880f928e77e,BORDERLINE,sleep,medium,Persistent insomnia wanting pill; no psychological framing,yes,False
20dd8f13-bd55-41eb-b5c7-d74655a96124,NOT_RELEVANT,none,high,Seasonal sneezing allergy medication; somatic,no,False
eb583b5c-e2d6-4e5d-8574-25af50a83bcf,NOT_RELEVANT,none,high,Shrimp allergic reaction monitoring; somatic,yes,False
6fcd48f4-2e8a-4079-9403-1c182cd5036c,BORDERLINE,mood_depression_bipolar,low,Depression/anxiety/ADHD listed among many somatic complaints; not central,yes,False
4e8aab11-f0d4-490f-b0a1-0b68a9143331,NOT_RELEVANT,none,high,Anterior nosebleed management; somatic,no,False
5a90051a-1e23-4360-b243-1be00108ae61,NOT_RELEVANT,none,high,Tick bite Lyme antibiotics; somatic,no,False
d1502f33-a289-433b-8fc2-90fd0a3a1ba4,NOT_RELEVANT,none,medium,"Postpartum day 5 after cesarean; obstetric, no mood framing",no,False
171c6868-b9da-4357-8c0a-7a26ee69a62f,NOT_RELEVANT,none,high,"Blood in saliva, cough, ER question; somatic",no,False
16e422cd-9617-4a5c-9b9b-dcba86486244,NOT_RELEVANT,none,high,"Borderline blood pressure reading; cardiac, non-psychiatric sense",no,False
215e212c-d52c-4a63-8fda-d023667210e2,NOT_RELEVANT,none,high,Ankle sprain note documentation; orthopedic,no,False
47512f8e-096b-43b6-bdf6-e1d6b9983820,NOT_RELEVANT,none,high,Upper endoscopy recommendation; GI,no,False
6e35972c-b405-489f-9016-2293d66efc19,NOT_RELEVANT,none,high,Staph aureus infection dosing; somatic,yes,False
2fb20bcf-b0b0-4b17-895d-0f1c1d55d1bf,NOT_RELEVANT,none,high,Pediatric metabolic crisis note review; somatic,no,False
6ab5eea3-a68e-446b-802f-dc3895097915,NOT_RELEVANT,none,high,Sudden very bad pain; somatic,no,False
e2cc9f72-3ba6-4f0f-ac89-5523aad24fc7,NOT_RELEVANT,none,high,Snakebite management algorithm; somatic,no,False
60878f6d-fb1b-46ba-87fb-ed378931ffa8,RELEVANT,perinatal_mh,high,Two months postpartum sad/overwhelmed asking postpartum depression,yes,False
e3457838-c210-4046-88d2-9c0f96421445,NOT_RELEVANT,none,high,"Ketamine for neuropathic pain, somatic indication not psychiatric",no,False
fd03afff-8d21-461d-a337-8983e06519fb,NOT_RELEVANT,none,high,"Generic inpatient progress note, no mental-health content",no,False
40037a52-aa96-4a5c-bcd6-6de0c224c6cd,NOT_RELEVANT,none,high,"Blister wound care, purely somatic",no,False
b904fa23-aa22-4fa9-8807-db4ff220f654,NOT_RELEVANT,none,high,"Rheumatoid arthritis medication/vaccine check, no mental health",no,False
2076f3e5-0d4c-4783-9d03-399ece425526,NOT_RELEVANT,none,high,"Glyburide vs insulin in cirrhosis, somatic",no,False
f00a02d7-d9a2-4c27-bcf8-b502b34c48c4,RELEVANT,mood_depression_bipolar,high,"TMS for severe depression, remission rates",yes,False
95f7a116-22f6-45cf-a008-71163fe9aca8,NOT_RELEVANT,none,high,"Postpartum physical check-up schedule, no mental-health focus",no,False
eb3c846e-d884-48e2-aa79-8f62b1d2e7ec,NOT_RELEVANT,none,high,"Capsaicin nasal spray for sinus inflammation, somatic",no,False
ddd28e8b-73a2-4830-8931-5aa8b6c0e1e1,NOT_RELEVANT,none,high,"Microalbumin urine, kidney concern, somatic",no,False
c59704a3-ed53-41b9-83ce-dc539ad63a62,NOT_RELEVANT,none,high,"Dehydration after workout, somatic",no,False
40c1320b-52c8-4a3b-82b5-bc10f47fe74b,NOT_RELEVANT,none,high,"Tick bite prophylactic antibiotic, somatic",no,False
5ad9ff82-060d-47dc-9466-dd6ba3831621,NOT_RELEVANT,none,high,"Nasal saline for allergy vs cold, somatic",no,False
788ba5c4-ace7-4516-842e-ac89d52a81bc,NOT_RELEVANT,none,high,"Grandfather acute stroke symptoms, somatic emergency",yes,False
2dc87115-812d-4484-b89a-aecdfbe2d141,NOT_RELEVANT,none,high,"Vegetarian protein/iron/B12 nutrition, no mental health",no,False
c3fccc1d-5342-4329-9fd9-d8d0205e7f8e,RELEVANT,substance_use,high,"Opioid overdose emergency, naloxone, escalating pill use",yes,False
d71471f4-b442-4a1f-b225-9320417c8671,NOT_RELEVANT,none,high,"Borderline high cholesterol, non-psychiatric trigger word",no,False
dc03b2b7-e954-479d-855a-633e8dac48f3,NOT_RELEVANT,none,high,"Jaw pain, somatic",no,False
9fa12c88-ecd1-4ff2-a6d4-3104b74d92b8,NOT_RELEVANT,none,high,"Fever and body aches, possible dengue, somatic",no,False
6ed3b046-c538-4d21-8d4b-39cd1504e44b,NOT_RELEVANT,none,high,"Puberty hair growth, developmental/somatic",no,False
ad7280ff-29b5-455c-81b2-2c947c5212da,NOT_RELEVANT,none,high,"Spirometry indication, pulmonary, somatic",no,False
0763661f-fe2c-4bc3-827c-fd82b8911ded,NOT_RELEVANT,none,high,"Iron supplement for anemia stomach upset, somatic",no,False
6511690a-fbd6-465e-ac5e-e40173459521,RELEVANT,mood_depression_bipolar,high,Depression cure timeline via mindfulness app,yes,False
ca7a05fd-02ec-4384-a69c-fded31707d6f,NOT_RELEVANT,none,high,"Ear infection antibiotic decision, somatic",no,False
1479aa51-bff5-466a-bc52-96f41a70d5b7,NOT_RELEVANT,none,high,"Wells score, pulmonary embolism, somatic",no,False
9b98fb94-8a98-4c31-8bba-db9385a6b8a0,NOT_RELEVANT,none,high,"Contraceptive patch brand, somatic",no,False
33fcf63e-e1e3-4c74-9076-5ac2eef43c52,NOT_RELEVANT,none,high,"Postpartum pelvic floor exercise evidence, somatic",no,False
41884b6e-a37c-4916-ae7f-81dd69cf426c,NOT_RELEVANT,none,high,"Breast lumps cancer worry, somatic",no,False
2f223332-8334-4e89-8c6c-8fa2c0b13205,BORDERLINE,sleep,medium,"Patient can't sleep well, no psychological framing",yes,False
ffd46965-de07-4f67-bb44-5db43b9d67a9,NOT_RELEVANT,none,high,"Vision boards improving eyesight, ophthalmology not psychiatric",no,False
4cffc80d-51e6-479e-af37-330f0212d32c,NOT_RELEVANT,none,high,"Insulin pump billing codes, administrative",no,False
80d7fdba-12b0-4f8f-b6ad-54db5a2ea0af,RELEVANT,anxiety,high,"Recurrent panic attacks, trembling, intense fear",yes,False
b861be9a-a931-494e-a7f9-6fba418f9b3e,RELEVANT,neurodevelopmental_adhd,high,"Methylphenidate for ADHD, insomnia side effect",yes,False
c6989df1-155f-4a94-8438-c16237bb6b9f,NOT_RELEVANT,none,high,"IBS mebeverine over-the-counter, somatic GI",no,False
e2e04790-8d60-427d-af2f-2c393da89d56,NOT_RELEVANT,none,high,"FIT fecal test follow-up, non-psychiatric trigger word",no,False
bcb1767b-27b7-423a-a417-2daad96ea682,NOT_RELEVANT,none,high,"Post-heart-attack exercise plan, cardiac somatic",no,False
f5497ae2-5adc-4a32-808e-be8cf9830682,NOT_RELEVANT,none,high,"Prior authorization dialysis document, administrative",no,False
115957d2-c6f3-4ebd-864a-aad7db1fa839,NOT_RELEVANT,none,high,"Breastfeeding initiation guidance, somatic",no,False
5df83606-9468-4fc8-833a-ceb8a5b80df2,NOT_RELEVANT,none,high,"Pulled lower back muscle, musculoskeletal somatic",no,False
f65bc55a-8cb6-486c-89fa-72b9d9cb3f93,NOT_RELEVANT,none,high,"Birth control options, somatic",no,False
27c7971b-9748-45f8-a3ac-0183e6d5be15,NOT_RELEVANT,none,high,"Knee pain arthritis herb, somatic",no,False
7e6a9ed4-acdd-4b87-8b26-0b50e18053ae,NOT_RELEVANT,none,high,"Sunscreen SPF recommendation, dermatology",no,False
f303bb15-0310-400f-8979-d1da42a562e8,NOT_RELEVANT,none,high,"Minor finger burn care, somatic",no,False
0abe2566-cdfc-49b0-9649-e6860862772c,NOT_RELEVANT,none,medium,"Chest tightness worry, somatic without psychological framing",no,False
1891da57-974d-457d-a6a3-502f72d2b11f,NOT_RELEVANT,none,high,"Postpartum hair shedding, somatic",no,False
430dca7b-e07d-4ec3-9d25-9f30b5dd9098,NOT_RELEVANT,none,high,"Retinitis pigmentosa gene therapy data, ophthalmology",no,False
00ef3f3b-1bd6-4439-8e05-7afe3bb7f22e,NOT_RELEVANT,none,high,"Postpartum thyroid TSH testing, somatic endocrine",no,False
d044378f-8c85-4d26-8765-8387df013dd5,NOT_RELEVANT,none,medium,"Asthma inhaler symptoms, stress mentioned incidentally",no,False
68b5a1c1-dc1c-4d0a-a334-96ab18e92ad6,NOT_RELEVANT,none,high,"Gastroparesis bowel movements, somatic GI",no,False
49961d6c-b03b-42c1-9a71-a2eb1bb06086,NOT_RELEVANT,none,high,"Infant not feeding, sleepy, pediatric somatic emergency",no,False
d62093a9-6c58-48b1-bb98-adae643bef42,NOT_RELEVANT,none,medium,"Severe pain seeking opioid, pain-driven not addiction",no,False
836324fa-a8a6-4638-b9ba-f1caa34e35da,NOT_RELEVANT,none,high,"fatigue/weight gain, thyroid check; purely somatic",no,False
041e7d49-6aa1-4c56-af79-051d01647015,NOT_RELEVANT,none,high,cholesterol-lowering breakfast; nutrition,no,False
b4bfd457-635f-46b1-8f78-6a029f30e402,NOT_RELEVANT,none,high,baby teething; pediatric somatic,no,False
9283ca76-61cb-4844-9b89-1fb08d1f4e7b,NOT_RELEVANT,none,high,infection progress note; somatic,no,False
674409d7-ce82-4dd9-a698-66d417f2c516,NOT_RELEVANT,none,high,"postpartum headache, no mood concern",no,False
ef817f70-fe96-4bde-8235-ea9bc86bc826,NOT_RELEVANT,none,high,travel vaccines; preventive,no,False
4031f380-c6d5-4cdf-b58f-92ae1633a8c8,NOT_RELEVANT,none,medium,hangover/sleep tips mentioned incidentally; general,no,False
86dec190-7add-4a39-a9aa-07776af157f6,NOT_RELEVANT,none,high,pediatric seizure summary; neurological somatic,no,False
ff1e5dd0-33a2-419e-b31c-4e9cd286c9f2,NOT_RELEVANT,none,high,fluoride toothpaste; dental,no,False
4b6d616d-456c-449c-b611-be603ce76c27,RELEVANT,substance_use,high,smoking cessation coaching; behavioral health,yes,False
68d19c67-8349-4fd6-aeaf-bce466d0417c,NOT_RELEVANT,none,high,"gynecology education, life expectancy; not psychiatric",no,False
b5e84d8b-84d8-409c-a938-353c5ae8509e,NOT_RELEVANT,none,high,bleeding arm wound; emergency somatic,no,False
c89c5036-f1f6-4079-a28d-ecf36cf593ec,NOT_RELEVANT,none,high,cough/covid testing; somatic,yes,False
63878710-b8bd-451a-8d5c-7fc7f0dee8c9,NOT_RELEVANT,none,high,frozen shoulder; orthopedic,no,False
faba30d9-4ed0-4534-8078-aef873101fa5,NOT_RELEVANT,none,high,diabetic foot ulcer antibiotic; somatic,no,False
e6f4001d-b2d8-41c5-8ca2-5a59ceb4b0c2,NOT_RELEVANT,none,high,HPV vaccine safety; preventive,no,False
2991ff47-786f-4378-9db7-ad049eedf9e9,NOT_RELEVANT,none,medium,"chest fluttering, cardiac/indigestion worry; somatic",no,False
d4e63d68-85a9-43bf-97ce-558df6cb0413,RELEVANT,psychiatric_medication,high,best antidepressant for depression and insomnia,yes,False
836699dd-cf16-4676-8bf5-38fc433f789f,NOT_RELEVANT,none,high,borderline used non-psych; diabetic foot ulcer,no,False
d709fc98-781a-48b2-bb11-1fec9f75292e,NOT_RELEVANT,none,high,"skin lumps, monkeypox worry; somatic",no,False
bc7ef662-3b58-416b-b33b-8423f10a5767,NOT_RELEVANT,none,high,concussion return-to-play; somatic neuro,no,False
94e8fcd3-93ae-4c4c-8d13-40ddc3223391,NOT_RELEVANT,none,high,makeup-induced facial redness; dermatology,no,False
d9daaa07-ed04-4c65-a186-fb1f65f8c8ba,NOT_RELEVANT,none,high,diphtheria antibiotic regimen; infectious disease,no,False
ce53a1ba-2449-47cd-9b2c-dab5258aea18,BORDERLINE,anxiety,low,palpitations attributed to anxiety/stress; psychological overlay,yes,False
40310443-b081-477b-aab7-b13563d85f9b,NOT_RELEVANT,none,high,retinoid acne cream; dermatology,no,False
d3e06bca-281b-4ecd-85a3-bea3698f6b71,NOT_RELEVANT,none,high,"severe abdominal pain, fainting; medical emergency",no,False
fba9cd0c-d28b-4bd3-97b6-77166e19cb6a,RELEVANT,perinatal_mh,high,postpartum anxious/sad seeking therapy and support,yes,False
6728fbb5-4457-4baf-ab14-e44386b6490b,NOT_RELEVANT,none,high,"blood test interpretation, hypothyroidism; somatic labs",no,False
2113a155-13b1-4256-8126-35c0f46e5d56,RELEVANT,eating_disorder,high,"bulimia nervosa, psychotherapy coding",yes,False
8e95c23f-75e1-4521-bd59-5a1e18bcd31a,NOT_RELEVANT,none,high,pediatric rash/fever SOAP note; somatic,no,False
e4cdd7d6-cb4b-4a96-a82b-a9f83403d027,NOT_RELEVANT,none,high,back pain causes and relief; musculoskeletal,no,False
da3a93e3-b78b-4e0c-a74e-87dbddce6246,NOT_RELEVANT,none,high,newborn rash NICU evaluation; somatic,no,False
0fe6d721-f0f0-47d3-990c-47f611285a42,NOT_RELEVANT,none,high,post-workout muscle soreness; fitness,no,False
78cf0eb8-9809-4144-abd4-e04ad662b7f5,BORDERLINE,stress_adjustment,low,"concentration trouble with work stress, later somatic fever",yes,False
022b9368-09fd-4c69-85d1-f1c255bb2ade,NOT_RELEVANT,none,high,antibiotic dosing for sinusitis; somatic,no,False
7b2e77fa-f071-4481-baeb-b31f59cfc9ef,BORDERLINE,sleep,low,insomnia without explicit psychological framing; pivots to headaches,yes,False
0b01204e-4009-44e4-917d-6c22d2b8356f,NOT_RELEVANT,none,high,persistent hiccups; somatic,no,False
efde1412-098e-43cf-b20b-a836e4d90ec7,NOT_RELEVANT,none,medium,"electric scalp patches concentration claim; device, not psychiatric",no,False
2ce9307a-c964-46d4-a0ba-10f8ac1ada00,NOT_RELEVANT,none,high,"new vaccine, should I get it; preventive",no,False
1e1ec30b-fa4f-4f11-a189-d90762bce6d1,NOT_RELEVANT,none,high,weight-loss prescription med; not psychiatric,no,False
5aa19d23-dfff-418a-a875-c7b736602965,NOT_RELEVANT,none,high,pharmacist prescribing orlistat/antibiotic; administrative,no,False
e0771858-350e-4e7e-8c3f-1bb3f44fc0a7,NOT_RELEVANT,none,high,intense crossfit during pregnancy; fitness,no,False
7cd91e90-50a8-4abf-9ddd-4e86742969e9,RELEVANT,anxiety,high,"2-year anxiety, seeking calming remedy",yes,False
d6c8ccea-62c9-4ed9-a9c7-859c08b9d874,NOT_RELEVANT,none,high,closed-loop insulin pump; diabetes device,no,False
c63d6053-7665-4012-9c47-8c5c32e4fd27,RELEVANT,perinatal_mh,high,"postpartum depression, seeking counseling/hotline",yes,False
4b2350d8-59e7-4882-8866-13a0644f32eb,RELEVANT,anxiety,high,"panic episodes counseling note, CBT, anxiety",yes,False
20f3f66b-7d22-4002-b679-909fbba42b60,NOT_RELEVANT,none,high,bowel incontinence causes; somatic,no,False
700dc1a5-9a42-4715-9bd9-05ca7a202029,NOT_RELEVANT,none,high,migraine medication; neurological somatic,no,False
5b065c34-3aba-4c8d-86da-f8c2e206708e,NOT_RELEVANT,none,high,colonoscopy screening age; preventive,yes,False
636e76dc-dd03-442a-a3bc-96c720ea57aa,NOT_RELEVANT,none,high,sudden dizziness/sweating; somatic,no,False
4b54fc72-0012-467b-9dbc-5e9d4f3b342d,NOT_RELEVANT,none,high,Blood pressure interpretation and meds; stress only incidental,no,False
5e0cfdaa-db5c-434d-b80e-07888b89dca6,NOT_RELEVANT,none,high,"Infant cough and pneumonia, somatic pediatric concern",no,False
9db29a6f-ab63-4c16-8876-c15390f52205,NOT_RELEVANT,none,high,"NSAID dosing for joint pain, purely somatic",yes,False
b7bf5ff8-4046-4e41-abef-84b52cc9e65e,RELEVANT,substance_use,high,"Past substance abuse, needs caution with pain meds",yes,False
6da652df-ed5b-490c-9175-4a372157d616,NOT_RELEVANT,none,high,Influenza vaccine brand comparison,no,False
7ae09906-ee0b-440b-9677-1324e7d1aee7,NOT_RELEVANT,none,high,"Newborn jaundice management, somatic",no,False
602c5b42-7c65-4974-808c-8e098c0d01c2,NOT_RELEVANT,none,high,Internal surgical scar discomfort,no,False
0cc14423-a353-41b8-8f79-9ac2f658a416,NOT_RELEVANT,none,high,Cardiac murmur grading lecture,no,False
87fa64df-bb0b-417a-b853-0306486aae73,RELEVANT,anxiety,high,All-day stress and anxiety seeking calming treatment,yes,False
51060c5e-7323-492d-a1d9-ce907c50a50a,NOT_RELEVANT,none,high,Probiotics for antibiotic-associated diarrhea,no,False
aa02e0ed-a35a-4c31-85ae-3ac2b72aec53,NOT_RELEVANT,none,high,Childhood vaccination schedule,no,False
a7439d26-a9bf-4686-8cd2-4ceceea01148,RELEVANT,perinatal_mh,high,Ear seeding evidence for postpartum depression,yes,False
be0d37c3-0107-4beb-ad31-ba2bea8c2099,RELEVANT,anxiety,high,"Episodes of fear, palpitations; panic attack management",yes,False
7379f677-902d-4871-8c72-7dff214ce6e4,NOT_RELEVANT,none,high,"Postpartum thyroid testing, somatic hypothyroidism",no,False
a12e8dab-dc69-444f-bc3b-2ef8aea67c29,RELEVANT,psychotherapy_access,high,"Anxiety therapy worsening, seeking psychiatrist referral",yes,False
49f0f10c-cf83-4583-9baf-0ecd1e465b29,NOT_RELEVANT,none,high,"Albuterol inhaler timing before exercise, asthma",no,False
5c12555f-b29a-48ab-9e00-04f890bd4cca,NOT_RELEVANT,none,high,HIV regimen switching and resistance testing,no,False
a6abcf93-c869-4810-b782-c97bafc4bcfa,NOT_RELEVANT,none,high,Weight-loss drug dosing; borderline pre-diabetic somatic,no,False
6400e95a-2cec-4cbd-89d7-6d371357e921,RELEVANT,neurodevelopmental_adhd,medium,"Child developmental delay recovery, neurodevelopmental condition",yes,False
194ce8be-0b45-4e6d-bc66-9ce1403de7cc,NOT_RELEVANT,none,high,"Nasal polyp resolution, somatic ENT",no,False
09fe54f6-d9c3-456d-b359-3a90e11c4543,NOT_RELEVANT,none,high,Malaria prevention medication,no,False
d59f41e3-8546-469b-8805-7d3912087d11,NOT_RELEVANT,none,high,"Dialysis diet and fluid intake, renal",no,False
d35e660f-cb4c-4fe1-b503-3107bb13a57b,RELEVANT,perinatal_mh,high,Recommended therapies for postpartum depression,yes,False
9dea1433-b4b8-44d5-8841-3f208c29df8a,NOT_RELEVANT,none,high,"Child cough, fever, Tylenol dosing",no,False
22ad5cfc-f27b-445b-9550-2361792a35da,NOT_RELEVANT,none,high,"Malaria prophylaxis for travel, somatic",no,False
376b1171-d2d4-4991-91c4-0b8403103a41,NOT_RELEVANT,none,medium,"Hand tremor and rigidity, Parkinson motor neurology",no,False
e55fb600-5fce-4c59-b749-34b93c6b1bec,RELEVANT,stress_adjustment,medium,"Terminal diagnosis, scared, can't face it; psychological distress central",yes,False
978e4b31-c293-4659-9b75-c56332aa4cad,NOT_RELEVANT,none,high,"Diabetes hyperglycemia, ICD-10 ulcer coding",no,False
dd6e4063-6d2b-48e8-95ea-6cef62e4facd,NOT_RELEVANT,none,high,Cold remedies; sedation mentioned incidentally,no,False
3cd0a75e-70ee-4aa3-9a95-1c3bebbe73bf,NOT_RELEVANT,none,high,"Severe migraine in rural clinic, somatic",no,False
e862221f-8c4c-4f9b-98d0-5d3d328c8942,NOT_RELEVANT,none,high,Pregnancy vaginal bleeding and abdominal pain,no,False
f97245d8-3f9f-47e6-bb64-b1002b09c3c8,NOT_RELEVANT,none,high,"Travel planning, altitude health risks",no,False
04c4cabb-609e-484c-8e23-7c6c7f9f8941,NOT_RELEVANT,none,high,"Alkaline diet for osteoporosis, nutrition",no,False
cbdb5416-dcc2-4a72-bf58-3523c2dfcda0,NOT_RELEVANT,none,high,"Infant milk protein allergy, formula",no,False
bd636dec-2d6f-4315-92a4-122da4f850c8,NOT_RELEVANT,none,medium,"Child abuse recognition CME; forensic, not patient mental health",no,False
4efa4acd-083d-4aa4-83a8-e9e41b81b2ab,NOT_RELEVANT,none,high,Pediatric vaccine record design and codes,no,False
f5658f09-0e35-4df4-b05b-1a9018c9e79b,NOT_RELEVANT,none,high,Exoskeleton suits for cerebral palsy gait,no,False
7eee1367-38a1-415f-9e85-7dbe4824ec25,NOT_RELEVANT,none,high,"UTI antibiotics, online prescribing request",no,False
4f9535e8-29e0-470b-8a01-f91f10dbf815,NOT_RELEVANT,none,high,"Changing moles self-check, dermatology",no,False
5a91ac3d-0963-482c-8ad2-329d63588f04,NOT_RELEVANT,none,high,"Earwax buildup, ear drops safety",no,False
305d09c1-a8c0-441e-b430-7e976964aa55,RELEVANT,psychiatric_medication,medium,Antipsychotic sedation for acute behavioral disturbances,yes,False
32740b58-d923-4b6a-941d-97a204a1c287,BORDERLINE,other_mh,low,"Patchy hair loss; hair-pulling, stress raise trichotillomania possibility",yes,False
c004e524-46de-460a-a545-a7ff4640b1e0,NOT_RELEVANT,none,high,Heartburn from spicy food and late dinners,no,False
b640e859-fa79-4fe5-a5cb-833718b7c95e,NOT_RELEVANT,none,high,"Review of systems chart-check, no psychiatric content",no,False
d347af55-c50c-4e57-bf96-e9fb0bfe145e,NOT_RELEVANT,none,high,"Complicated UTI, resistant E. coli treatment",no,False
0a9b7f57-8669-4357-91be-1f8f79b98861,NOT_RELEVANT,none,high,Asthma rescue inhaler dosing frequency,no,False
354acbb7-3433-40cb-a433-e40c228a51aa,NOT_RELEVANT,none,high,COPD inhaler FEV1 and exacerbation comparison,no,False
6099d26a-170a-4ad3-9dd2-73d9e0654b1c,NOT_RELEVANT,none,high,Palliative care consult CPT coding,no,False
69e4d298-737a-41e8-8fe2-b7271573638a,BORDERLINE,sleep,low,Sleep duration question after rough week; no clear psychological framing,yes,False
5e61be97-b0c2-442d-86a7-05e3b9b26cc7,NOT_RELEVANT,none,high,"Child leg weakness, possible polio",no,False
8f7c0b38-da36-4e70-bba0-37f5be45d906,NOT_RELEVANT,none,high,"Migraine sticker product question; somatic, no mental-health component",yes,False
070c3cf2-eab1-4457-9d25-ab45274367c1,NOT_RELEVANT,none,high,"Postpartum c-section progress note; obstetric/administrative, no MH",no,False
e1f80eed-45e5-4a8a-898a-49c6bb6e48ae,NOT_RELEVANT,none,high,Sinus infection antibiotic choice; purely somatic,no,False
9b54d3b6-c385-46cd-acb6-86a05cd8ac40,NOT_RELEVANT,none,high,Motion-sickness nausea; somatic complaint,no,False
8c5f9d30-5731-44b3-8991-ced3307c8bfb,NOT_RELEVANT,none,high,Ear pain antibiotic request; somatic infection,no,False
5b3bfe52-5f67-4504-b7ac-a5f98d63ff09,NOT_RELEVANT,none,high,C. difficile/metronidazole; alcohol only as drug interaction,no,False
c61b073c-ba01-48ad-95c2-d8337d1c69d1,NOT_RELEVANT,none,medium,"Chest pain/lightheadedness; cardiac concern, stress non-clinical",no,False
88510c12-7c67-4c66-bb6d-759293a1a13a,NOT_RELEVANT,none,high,"Health insurance logistics; overwhelm incidental, administrative",no,False
77b3d9df-5f50-4970-8e87-640b9337acd4,NOT_RELEVANT,none,high,Blocked ear after swimming; somatic,yes,False
a11d8bc2-1814-488d-9642-069eb4794165,RELEVANT,personality,high,Borderline personality disorder criteria and DBT therapy approach,yes,False
47e1c8cb-a75d-4b87-898f-83fa377da622,NOT_RELEVANT,none,high,Ear popping/hearing test; ENT somatic,no,False
ca2820d6-e3a2-461f-b6cd-d2bbcb704a71,NOT_RELEVANT,none,high,Normal body temperature question; somatic,no,False
ace28a77-dfc9-4ce0-a842-ea7fcc8201e7,NOT_RELEVANT,none,high,Stiff neck/meningitis worry; somatic,no,False
0746f95f-7129-4b90-a79a-66a08718a3ca,NOT_RELEVANT,none,high,Altitude sickness headache prevention; somatic,yes,False
620d2700-3c5e-4e2e-98fa-9b6b27e58f1e,NOT_RELEVANT,none,medium,Hypnosis for tinnitus; treatment of somatic auditory condition,yes,False
8bcdec7c-3031-419e-a28a-c106bb48cb08,RELEVANT,psychotherapy_access,high,"Depression, seeking telehealth therapy in rural area",yes,False
3f66cff1-1525-467e-b591-9302bf8f159c,NOT_RELEVANT,none,high,Slight fever concern; somatic,no,False
f052fd45-60c2-4d2f-a874-fd347472dcbb,NOT_RELEVANT,none,high,"Pregnancy signs question; reproductive, no MH",no,False
909a597d-d2a1-487a-83d4-02e96290130a,NOT_RELEVANT,none,high,Cancer pain management; somatic palliative care,no,False
1648e538-f8ce-4b03-a1ee-10311f6489cd,NOT_RELEVANT,none,high,Toddler immunization schedule; somatic,no,False
d7df5283-7bdb-4c9f-89a5-e8ea23c07a11,NOT_RELEVANT,none,high,Self-breast exam guidelines; somatic screening,no,False
50b62a7a-4aa4-4c92-9f99-890c6b57ad65,NOT_RELEVANT,none,high,Sprained ankle stretching; musculoskeletal,no,False
2edcd682-4830-4fae-af39-b3ff8bd4b6df,RELEVANT,mood_depression_bipolar,high,"Psychiatric eval note: depressive disorder, anxiety, MSE, risk assessment",yes,False
7a268329-76cb-4fa0-845a-58bf2e0f9301,NOT_RELEVANT,none,high,Urinary incontinence medications; urological somatic,no,False
7c64640d-3dfa-4c9a-9236-a16dd24e384d,NOT_RELEVANT,none,high,"Fall, unconsciousness, neck injury; trauma emergency",no,False
8ac62de4-f143-4b6e-9f69-1a63c720f23f,BORDERLINE,substance_use,low,Opioid overdose stabilization; acute medical but substance-related,yes,False
51ffe648-7b95-4156-b322-0bd14b590e71,NOT_RELEVANT,none,high,Birth control pills availability; reproductive somatic,no,False
5282e68f-543c-4576-90b1-e43d9f5ed70b,NOT_RELEVANT,none,high,"COVID booster timing; vaccination, somatic",no,False
2c10d956-ad07-4a49-bf42-dcb25e842cc7,NOT_RELEVANT,none,high,Viral vs bacterial pneumonia; respiratory somatic,no,False
d83e8a74-d035-489a-82f9-fba109180dc9,NOT_RELEVANT,none,high,Minor cut care; somatic wound,no,False
009cb39f-8327-43c1-a637-1381742e936b,NOT_RELEVANT,none,high,Diabetes A1c guidelines; endocrine somatic,yes,False
ec44dc18-c756-42e3-a20c-8a7e041dfe4f,NOT_RELEVANT,none,high,Knee injury hiking; musculoskeletal,no,False
ebd08d43-ef30-4760-955c-0113a8427f57,NOT_RELEVANT,none,high,Reusing leftover amoxicillin; somatic medication question,no,False
ded5f2c5-9f79-49dc-abb1-9d24f0caaff9,NOT_RELEVANT,none,high,"Shortness of breath, swollen feet; cardiac somatic",no,False
27206bbc-e472-486b-bae6-640558951360,NOT_RELEVANT,none,high,Algae cure for cirrhosis; hepatic somatic,no,False
5fcfefba-a60e-4f92-a4a9-fb7850e3ff69,RELEVANT,mood_depression_bipolar,high,DSM-5 criteria for major depressive disorder,yes,False
b3411811-3d76-4378-a99e-eba7d0c45a95,NOT_RELEVANT,none,high,Type 2 diabetes diet; endocrine/nutrition,no,False
f163cad5-2e94-4729-8e44-9280455b73b0,BORDERLINE,substance_use,low,Pill found in child's backpack; possible substance-use concern,yes,False
34e7e0d9-441d-478e-8790-aefaa8968490,NOT_RELEVANT,none,high,Neck lumps/lymph nodes; somatic,no,False
78400c61-14c5-411b-b153-2a26dab7542d,NOT_RELEVANT,none,high,"Bone pain, vitamin D deficiency; somatic",no,False
fa44ada7-1362-4731-a389-137fe56acdf3,NOT_RELEVANT,none,high,Rabies immunoglobulin after dog bite; somatic,no,False
b16042e7-43e7-445b-a3fa-5832f07ec973,NOT_RELEVANT,none,high,Recurrent fainting evaluation; cardiac/syncope somatic,no,False
3f604561-aaa6-48bf-92b3-dc3736e1634a,RELEVANT,psychiatric_medication,high,Choosing best anxiety medication; psychiatric medication,yes,False
d0b87e4b-dc8a-4eae-bf69-4b9d04a1a19a,NOT_RELEVANT,none,high,Scraped knee wound care; somatic,no,False
be83d850-21de-410b-9c31-d3812a96cf31,NOT_RELEVANT,none,high,Pediatric cough syrup; respiratory somatic,no,False
0ae470ed-69c8-4763-a064-1f197899ed43,NOT_RELEVANT,none,high,Cardiac rehab after infarction; somatic exercise/diet,no,False
ce0c4989-2395-4c5e-bfd2-40ccf55fc8c0,NOT_RELEVANT,none,high,"Blood in urine, bathroom changes; urological somatic",no,False
115a4916-75ec-4f96-9c38-5b3ba8fbc567,NOT_RELEVANT,none,high,"Child head tilt after fall, c-spine; trauma somatic",no,False
571697d2-dfc9-4fcc-ae44-2edc43b7232c,NOT_RELEVANT,none,high,"Tick bite bullseye rash, Lyme; somatic",no,False
b70d2872-396d-47bd-bb61-7e6fc52ed025,BORDERLINE,anxiety,medium,"Bruises with prominent health anxiety, catastrophizing, fear; psychological overlay",yes,False
ecc5a6e9-076c-4e07-91f4-5f47e79889c0,NOT_RELEVANT,none,high,"UTI antibiotic patient education, purely somatic",no,False
e2bf471e-df87-4432-a489-b9b4c946658f,NOT_RELEVANT,none,high,"Twisted ankle, orthopedic injury",no,False
52fbb017-c0e6-422b-9369-8b4c90da4eaf,NOT_RELEVANT,none,high,"GI/IBS note completeness review, administrative somatic",no,False
6ec7e676-b614-4644-8e03-bba0fb54eab8,BORDERLINE,neurodevelopmental_adhd,low,"ICD coding for developmental delay; neurodevelopmental-adjacent, coding focus",yes,False
98ccf638-c5bb-49f7-9b50-fdf58b59ad08,NOT_RELEVANT,none,high,"Postpartum birth control note rewrite, administrative",no,False
e7c811dd-c0a6-4dc4-a873-c28bfbf8c42b,NOT_RELEVANT,none,high,"Eye drops for worsening vision, ophthalmologic",no,False
7664d5e5-f873-4143-a21f-61b319709c5a,NOT_RELEVANT,none,high,"Stretch marks, dermatologic",no,False
e59dc979-71b3-4702-90f8-d62d1e20f8b5,NOT_RELEVANT,none,high,"Breastfeeding frequency, infant feeding guidance",no,False
9f699ce6-e080-46ef-83b9-1597fd7635b9,NOT_RELEVANT,none,high,"Ulcers, PPI/H2-blocker substitution, GI",no,False
839aaa04-1d92-4700-b09a-a0bde99feba7,NOT_RELEVANT,none,high,Dental hygiene question,no,False
596f0baa-b672-424e-bad1-f94f1fac5018,NOT_RELEVANT,none,high,"Chest pain ESI triage note, somatic",no,False
2234e0b6-d8fa-435c-9ede-4c9624dcfff8,NOT_RELEVANT,none,high,"Herbal remedies for children's colds, somatic",yes,False
a7fdf7c8-c325-4540-b743-1b99f2bce026,NOT_RELEVANT,none,medium,"Chest pains focus; anxiety incidental, somatic concern",no,False
61e35cb5-abb5-44f8-9446-ee387325962b,NOT_RELEVANT,none,high,"Toddler mild fever, pediatric somatic",no,False
8530010f-f8dd-4baf-9fba-5aacba64b98c,RELEVANT,perinatal_mh,high,"Postpartum depression, anxiety, seeking therapy services",yes,False
71cbeed6-0584-4153-b5f0-526484eea071,NOT_RELEVANT,none,high,Over-the-counter birth control purchase,no,False
7a94ea1d-7951-4bc7-9d48-fa7fcbce63cc,NOT_RELEVANT,none,medium,"Acute medical emergency, ear pain with loss of consciousness",no,False
21fdad73-4814-45b9-b081-b55986bcfb86,NOT_RELEVANT,none,high,"Fever, abdominal pain, suspected typhoid",no,False
6726cc55-d3d3-41bd-95a5-ec1cec26d60f,RELEVANT,neurodevelopmental_adhd,high,"Adult ADHD SOAP note, stimulant adjustment, CBT",yes,False
c9f64157-a8a5-420c-a599-04fd7ea19550,NOT_RELEVANT,none,high,"Prenatal care documentation template, somatic",no,False
8b2b30df-c42c-4e30-8202-aa505252f571,NOT_RELEVANT,none,medium,Blood sugar management; ADHD/CPTSD only incidental context,no,False
b6fad772-da05-4a6c-ac61-af585dda8cec,NOT_RELEVANT,none,high,"Elevated liver enzymes workup, somatic",no,False
ee8c0a9c-3ba7-4c1d-847f-071f8561cf49,NOT_RELEVANT,none,high,"Quitting soda, nutrition/lifestyle",no,False
d1f2964f-1d45-4e38-807f-94e5b14611f4,NOT_RELEVANT,none,high,"Cold/flu symptoms, somatic",no,False
c8389819-9554-459c-8821-ff9103bc4f28,NOT_RELEVANT,none,high,"Shortness of breath after jogging, somatic",no,False
2901fc0a-810a-4582-b10f-02356fb54eac,NOT_RELEVANT,none,high,"Pediatric migraine guidelines, neurologic",no,False
3298bc47-b2f2-4fbf-9e88-e7376488ddab,NOT_RELEVANT,none,high,"Nosebleeds and dryness, somatic",no,False
49a1033b-6e13-4c8e-93f4-ad542c4a111d,NOT_RELEVANT,none,high,"Hip pain, orthopedic",no,False
00108e6a-cfda-4c10-9470-a991151f06ab,NOT_RELEVANT,none,high,"Chronic cough, night sweats, somatic",no,False
0d664300-e974-4619-b45a-d47778f90ad6,NOT_RELEVANT,none,high,"Blood pressure medication question, cardiovascular",no,False
a8b6c9e6-753d-4e6b-9ca9-8243333262a3,RELEVANT,anxiety,medium,"Obsessive intrusive thoughts, distress is the focus",yes,False
fda3adea-8b6d-442e-bbed-65437101a724,NOT_RELEVANT,none,high,"Nighttime coughing/choking, respiratory somatic",no,False
5140a9f1-f3dc-43a2-a13e-19f0dc0b5050,NOT_RELEVANT,none,high,"Fungal lung infection, persistent cough, somatic",no,False
c5dd6cae-cc00-49e3-8dff-7c7aacabf450,RELEVANT,psychotherapy_access,high,"Feeling down, finding therapist, insurance coverage",yes,False
3ae9e940-0243-432e-8518-cfdc626d0f1b,NOT_RELEVANT,none,high,"Pneumonia, hypoxia, medical emergency",no,False
c3c25d94-94d3-46c8-a202-bc9ec5a823e0,NOT_RELEVANT,none,high,"ESRD admission note, headache, somatic",no,False
b8493a7a-bae2-4902-81ce-946a50cbf009,NOT_RELEVANT,none,high,"Prior authorization and records transfer, administrative",no,False
042a2114-4251-44a6-8c47-d56db7f4a2cd,NOT_RELEVANT,none,high,"Colonoscopy cancer screening intervals, somatic",no,False
0592138b-9afe-4d87-9933-7c719d1a1836,NOT_RELEVANT,none,high,"EpiPen usage for peanut allergy, somatic",no,False
440a166c-7d0e-49f2-89df-b474d371bb35,NOT_RELEVANT,none,high,"Infant diaper rash, dermatologic",no,False
95a7ae54-4a09-4adf-aeba-961a00859a19,NOT_RELEVANT,none,high,"Fracture risk calculation, somatic",no,False
efa552c8-f0bc-413c-b516-936ab3120a87,NOT_RELEVANT,none,high,"Hypotension, near-syncope, medical emergency",no,False
e861f955-30b7-4b72-a9ad-6d2a7398f60c,NOT_RELEVANT,none,high,Persistent hiccups; chlorpromazine for non-psychiatric indication,no,False
dca8bed5-92f4-47bc-b0fa-cf9681caac1d,RELEVANT,perinatal_mh,high,"Postpartum daily mood swings, perinatal mood concern",yes,False
0ea5b6f8-1e1d-40dc-90e2-4fb525c7ed46,NOT_RELEVANT,none,high,"Morning sickness antiemetic dosing, somatic",no,False
f332cad8-1ee2-4ec0-b1a0-e25eb608f20a,RELEVANT,mood_depression_bipolar,high,"Feeling down, asking whether it is depression",yes,False
281b4913-3365-4564-ad5f-b2afcc8e5c8b,NOT_RELEVANT,none,high,"Glucose tolerance test normal range, somatic",no,False
ccdcfb68-edfc-47b1-b010-6cf41a77c363,NOT_RELEVANT,none,high,"Malaria testing and treatment, infectious disease",no,False
4317e9c0-2c2b-4429-826b-d66f86632471,NOT_RELEVANT,none,high,"Headache, dizziness, blurred vision, neurologic somatic",no,False
5225b3c8-4b35-4a7b-8f27-a9e40d4490d3,RELEVANT,perinatal_mh,high,"Postpartum mood changes, self-screening for depression",yes,False
a0fdd38e-2dc9-46fd-b483-d6c42b569b0e,RELEVANT,mood_depression_bipolar,high,"PHQ-9 depression screening intervals, psychiatric assessment",yes,False
815776b6-e32e-499b-bfe0-d8fcde89a36d,NOT_RELEVANT,none,high,"Carpal tunnel hand numbness, purely somatic",no,False
2ffec207-51b1-439d-8404-165ce42909e2,BORDERLINE,anxiety,medium,Cardiac palpitations with prominent health-anxiety overlay,yes,False
f7d6994d-4e80-463f-bd0d-5aebacb75f0a,RELEVANT,mood_depression_bipolar,high,"Teen sad daily, asking about therapy need",yes,False
91dad885-2b6d-4be8-b2fb-a8228c92f38c,NOT_RELEVANT,none,medium,"Contraceptive pill history, no mental-health content",no,False
b5b27bf1-57ae-40c9-8a88-5b4e9363ccdf,NOT_RELEVANT,none,high,"STOPP-START geriatric meds, PPIs/antihypertensives, somatic",no,False
fe7537ab-a578-40a2-ab3b-d105a0626bd6,NOT_RELEVANT,none,high,"Malaria mortality statistics, no mental-health component",no,False
8651af2b-540c-4d52-b4dd-025b93295fbe,NOT_RELEVANT,none,high,"Itchy rash, ringworm, dermatologic",no,False
f4503c3e-f01e-45d3-bc44-121de6c263b3,NOT_RELEVANT,none,high,"Lab order note review, administrative",no,False
47821646-a943-4881-a2b0-ee52cde494bf,NOT_RELEVANT,none,high,"Statin ban rumor, cholesterol meds",no,False
d1ec94d3-6e13-4e26-81e4-69ab26cea99b,NOT_RELEVANT,none,high,"Limp unresponsive child, somatic emergency",no,False
7695f7e3-d71f-4c29-9140-d0dad6555247,NOT_RELEVANT,none,high,Saline solution for lens cleaning,no,False
02c0e0e0-5a70-4c24-b1fc-cac363089797,NOT_RELEVANT,none,high,"Removing braces at home, dental",no,False
6a9d33e1-392a-430c-b7a5-b03c52311b3b,NOT_RELEVANT,none,high,"Father's back pain, musculoskeletal",no,False
0d8d2eef-025e-4070-bf04-4eccd9639633,NOT_RELEVANT,none,high,"Psoriasis progress note, somatic",no,False
a876b525-527d-40d4-b062-bf06a4a2bcf6,NOT_RELEVANT,none,high,"Toddler scald burn, somatic emergency",no,False
cf5c48f8-e5c7-477f-8519-4bb9a0c4bd3f,NOT_RELEVANT,none,high,"Shoe blisters, foot care",no,False
ea9008bb-444b-454d-a907-0ecc0212ffd5,NOT_RELEVANT,none,high,Well-child visit note formatting,no,False
ccd53762-8a27-4244-a711-f14ccd7b23a5,NOT_RELEVANT,none,high,"Insulin storage off-grid, diabetes management",no,False
31aacd6c-c9bd-4fa5-a9a3-4d37468c0c01,NOT_RELEVANT,none,high,"Adult vaccination intervals, informational",no,False
2f85b4a5-c11d-4b4f-a484-bc2f1fabdc3c,NOT_RELEVANT,none,high,"Earwax removal, no mental-health content",no,False
98733b75-9a49-45b4-b38d-c42b650188d0,BORDERLINE,anxiety,medium,"Wound care with prominent panic, can't sleep, worrying",yes,False
0c705a36-d1be-4985-8476-83e786c4b28d,NOT_RELEVANT,none,high,"Biologics for psoriasis, dermatologic",no,False
c580f9e9-0bb9-438c-af35-09c06ac7a95b,NOT_RELEVANT,none,high,"Yellow skin jaundice, somatic",no,False
e5206c5b-cbfe-4845-bc2d-5a2de83903dd,NOT_RELEVANT,none,high,Antihistamine choice for allergies; sedation incidental,no,False
f01bf8d2-db27-479c-a475-eea7c34723ef,RELEVANT,perinatal_mh,medium,Topic is preventing postpartum depression,yes,False
27e3d7a8-f6ec-4d4f-8d69-032a3ba531c6,BORDERLINE,sleep,medium,Mild insomnia causes/tips without explicit psychological framing,yes,False
21fdda92-a80a-437d-a57d-053c411139e0,RELEVANT,other_mh,medium,"Body doesn't belong, depersonalization/dissociation symptom",yes,False
3691ff82-35f9-4bd3-9d6f-a62fce1d8704,NOT_RELEVANT,none,high,"Keto diet in pregnancy, nutrition",no,False
9863cc60-0b5c-40fa-8f1d-267da4041fc8,NOT_RELEVANT,none,high,"Hyperacidity treatments, GI",no,False
f93e619c-73a3-4094-ba3c-b089a592b9f4,RELEVANT,mood_depression_bipolar,high,"Manic-depressive cycling, self-identifies bipolar, seeking treatment",yes,False
822659f8-9d80-4a54-b5f0-554c76ff6622,NOT_RELEVANT,none,high,"Fever cough chills, flu vs covid",no,False
576e1777-b12b-48b6-b167-6005fb1066e1,NOT_RELEVANT,none,high,"Child vomiting triage, somatic",no,False
4dea4e13-ed03-4bfa-8050-d929d9aae905,NOT_RELEVANT,none,high,Lung transplant cystic fibrosis survival,no,False
7bd44846-7348-4684-a863-2703b2f19740,NOT_RELEVANT,none,high,"Postpartum vaginal dryness, lubricant",no,False
0a0ae708-faf8-413a-940d-7623ee869d1b,NOT_RELEVANT,none,medium,"Neck stiffness from posture; worry minor, somatic",no,False
b7331e4b-1aac-4338-8eb8-1359cb93b8cb,NOT_RELEVANT,none,high,"Pediatric insulin dosing, diabetes",no,False
2ee33ca0-eef8-4d42-9e5f-8082a6cf58b5,NOT_RELEVANT,none,high,"Altitude sickness headaches, somatic",no,False
35aafd8e-1e4a-4bfc-8215-edba5fa64ded,NOT_RELEVANT,none,high,Postpartum hemorrhage sensor device,no,False
38145a1e-1952-40c0-a3e6-21827108936e,NOT_RELEVANT,none,high,Motion sickness on winding roads,no,False
ff97341f-fa7c-49da-af80-9f9a556002f5,NOT_RELEVANT,none,medium,High heart rate workup; stress only incidental,no,False
45b7cc5e-b5a8-481c-a801-5d0556677154,NOT_RELEVANT,none,high,"Postpartum fatigue/palpitations, somatic",no,False
3c3d82ac-2edb-4666-b109-12c956f2e77e,NOT_RELEVANT,none,high,"Emergency contraception access, no mental-health",no,False
fecc3ce7-dd9e-4c34-a457-02e5a4c0da6f,NOT_RELEVANT,none,high,"Pediatric heart valve durability, somatic",no,False
e6859666-fe6f-462e-b921-eb3ed3f4b45c,NOT_RELEVANT,none,high,"Preeclampsia management, obstetric",no,False
5a45b11c-6c3c-4a3e-8cae-5b7c4abe6e56,NOT_RELEVANT,none,high,"Child acute stomach pain, somatic",no,False
d701354d-9bdc-47db-8112-bb4736827ee3,BORDERLINE,sleep,medium,"Week of no sleep, wants knockout medication; no psych framing",yes,False
5142201c-f5b3-4d76-ad8c-290314aad314,NOT_RELEVANT,none,high,"Bowel cancer family risk, genetic",no,False
e43a1b7e-c9a9-4ab7-a075-8238ffe34845,NOT_RELEVANT,none,high,"Afternoon headaches, migraine vs tension",no,False
ee6136b9-88f3-4110-8d65-cec765c40630,NOT_RELEVANT,none,high,"Pancreatitis workup, somatic",no,False
f841b59e-374b-43a7-8112-2ab2dbfa12ca,NOT_RELEVANT,none,high,"Drug-resistant TB antibiotic combination, purely infectious-disease",no,False
4e87f658-d991-4202-8a5b-645d3707037f,NOT_RELEVANT,none,high,"Polycythemia vera hematology treatment, no mental health",no,False
f019b0b4-bd5f-4c75-aaf5-ecdc16188276,NOT_RELEVANT,none,high,"BMI chart interpretation, general wellness",no,False
7b05fd2b-7ea6-4453-ac08-60a5938b12a8,NOT_RELEVANT,none,high,"Probiotics for IBS, GI topic",no,False
5a7681bf-33cc-489f-9b6f-74379b4ed70f,RELEVANT,mood_depression_bipolar,high,"Persistent sadness, MADRS depression scale, suicidality assessment",yes,False
64d18ac2-0ca9-45bd-8bb7-8fc7ed647363,NOT_RELEVANT,none,high,IV vancomycin dosing in septic dialysis patient,no,False
13d6c7ab-2a39-4753-b41a-3eca0c31bdc1,NOT_RELEVANT,none,high,"Orthostatic dizziness, somatic complaint",no,False
b13ab5c7-b397-4a06-931a-4d251d19690c,NOT_RELEVANT,none,high,"Essential oils for epileptic seizures, neurology",no,False
9186c6b0-94bd-429c-9ae4-b0e9ae539d51,NOT_RELEVANT,none,high,"Lymphatic filariasis leg swelling, infectious disease",no,False
f59b3fac-e4ed-4f4d-bbef-7e89900206d2,RELEVANT,anxiety,high,Nighttime anxiety and accessing therapy for anxiety,yes,False
7ebfd152-de58-4d41-ae5a-0b737a0742b8,NOT_RELEVANT,none,high,Vancomycin dosing for MRSA pneumonia,no,False
1455f5b5-7060-4e8e-91e6-a135ad34e3f1,RELEVANT,psychiatric_medication,high,"Depression, wants SSRIs without prescription",yes,False
af0a4986-add3-418b-939d-e7becc1282bb,RELEVANT,psychiatric_medication,high,"Antidepressant side-effect fears, may stop medication",yes,False
76dbc764-2f0a-4288-8c55-19c148047ecc,NOT_RELEVANT,none,high,"Retinal pathology teaching references, ophthalmology",no,False
ce53a29a-e172-45f7-bdd7-aa4ef86a136d,NOT_RELEVANT,none,high,"Stroke upper-limb rehab guidelines, physical therapy",no,False
ae00d50c-d6ed-4ccb-84e2-ee7561884438,NOT_RELEVANT,none,high,"Handwashing hygiene guidance, general wellness",no,False
00a1c462-cdc3-487c-9dce-5a7de3a3a631,NOT_RELEVANT,none,high,"Frequent heartburn after meals, GI",no,False
7f4ea412-60be-4f2d-a740-c6f4ad8d378d,NOT_RELEVANT,none,high,"COVID vaccine brand selection, immunization",no,False
d395149b-0e00-47b4-a8c6-891dd574121b,NOT_RELEVANT,none,high,"Complicated UTI antibiotic selection, infectious disease",no,False
287d7b73-d8d5-4727-a094-fd7d778fc019,NOT_RELEVANT,none,high,"Postpartum eclampsia convulsions, obstetric emergency",no,False
eb8dddc0-58f7-490f-b109-bf7519e59555,NOT_RELEVANT,none,high,Type 1 diabetes insulin adjustment for jogging,yes,False
0bdbf3af-6bb6-4395-a73f-498fccaf8aba,NOT_RELEVANT,none,high,"Saturated fat for borderline cholesterol, non-psychiatric",no,False
8258be01-dd04-4e93-a8ad-8f09438f108c,NOT_RELEVANT,none,high,"Vegan diet for cholesterol, worry incidental",no,False
a335750b-0551-4535-bc75-1a36569bad4f,NOT_RELEVANT,none,medium,"Morning throat clearing frequency, somatic",no,False
ba1585c6-bce3-47e9-9c44-86577742efc5,NOT_RELEVANT,none,high,Trauma hemorrhage control device comparison,no,False
162cdbfa-4bb2-416b-a01c-4a68fd64a262,NOT_RELEVANT,none,high,"Ketogenic diet for pediatric epilepsy, neurology",no,False
09456dd3-545a-43b5-bb0c-b277cd6de0d0,NOT_RELEVANT,none,high,"Intermittent blurred vision, ophthalmology",no,False
8de5ee71-3cb8-4707-a648-4c292ae50fd3,NOT_RELEVANT,none,high,"Back pain, fatigue, dark urine, renal/somatic",no,False
82394a25-cc20-4184-9f89-b237c5f425a8,NOT_RELEVANT,none,high,"Extra rib problems, anatomical/orthopedic",no,False
475df6de-6847-4480-8fff-f6575f5b73d6,NOT_RELEVANT,none,high,"Shoulder pain from lifting, exercise plan",no,False
c0b42f25-0159-4129-86bf-9bd2c05dba08,NOT_RELEVANT,none,high,"Dengue/Zika rash after travel, infectious disease",no,False
ece7367d-6c83-4057-a60f-62f9e1b1d8b5,NOT_RELEVANT,none,high,"Normal menstrual cycle changes, gynecology",no,False
4d8773a1-b4d5-40fa-a982-a116995f8495,RELEVANT,psychiatric_medication,high,Valproate dosing for bipolar mania,yes,False
c694b987-84e8-42dd-abde-95e7635d6e47,NOT_RELEVANT,none,high,Inpatient progress note after car accident,no,False
8dcc8c30-6781-4f61-aa3e-c0d5a7b4f5ca,NOT_RELEVANT,none,high,Yellow fever vaccine certificate travel question,no,False
b3432b9e-540d-45ff-bd80-5d647bbf21ee,BORDERLINE,cognitive_neuro,low,"Long COVID fatigue, concentration, self-doubt; possible psychological overlay",yes,False
b445504c-da13-4b98-9d5e-c0af00c36a81,NOT_RELEVANT,none,high,"Collapse with chest tightness after run, cardiac emergency",no,False
51e4bfb1-1538-4e47-bd82-04f538ccf937,NOT_RELEVANT,none,high,"Thiamine deficiency prevention dosing, nutrition",no,False
d6b1c073-9d53-40e1-a7bb-22957b3f675d,NOT_RELEVANT,none,high,Antibiotic prophylaxis dental valvular heart disease,no,False
01eb6c59-3948-4f4c-8653-672f47ea3a89,NOT_RELEVANT,none,high,"MS fatigue herbal remedy, neurology",no,False
2b97f3a2-afda-495d-94fb-12b95f7170b7,NOT_RELEVANT,none,high,"Cardiac valve durability question, cardiology",no,False
311bfe22-1b38-4bb1-87b5-842af762d8da,NOT_RELEVANT,none,high,"Acute spinal cord compression management, neurology",no,False
8f6622d5-501d-452e-9b5d-e9fc5c338511,NOT_RELEVANT,none,high,"High-pressure hand injection injury, trauma",no,False
896bf1da-15b6-4c3b-b3a3-1644f06499fe,NOT_RELEVANT,none,high,Head trauma and knee injury first aid,no,False
6f5d4956-46c4-41a8-b1cc-57a349f94733,RELEVANT,neurodevelopmental_adhd,medium,"ADHD supplement, uncertain self-diagnosis, safety guarantee",yes,False
f116ee8c-e80a-4c51-8690-070fbb098e19,NOT_RELEVANT,none,high,"Twisted ankle running, orthopedic",no,False
58aa35e0-37f8-4a52-8530-0b92691b637c,NOT_RELEVANT,none,high,"Black eye from soccer healing, injury",no,False
d74ecd0c-02ed-452e-8045-f4bc4453335f,NOT_RELEVANT,none,high,Chronic neck pain MRI necessity statement,no,False
da79fb11-40b1-4f57-b006-80ba32ad55ab,NOT_RELEVANT,none,high,"Diabetic bedtime snack, nutrition",no,False
6f22e512-e47b-461d-9fcf-39abee4f14b5,NOT_RELEVANT,none,high,"Child polyuria, tachypnea, drowsiness, DKA emergency",no,False
5c60120c-16ad-4369-9b51-3497115105bb,NOT_RELEVANT,none,high,Clinical documentation template for end-of-life notes; no mental-health focus,yes,False
fafb9201-100a-4b65-828a-c64a5ae2d93e,NOT_RELEVANT,none,high,Isotretinoin liver enzyme monitoring; purely somatic dermatology/hepatic,no,False
e392b996-4400-45cd-a3a2-b0907a7dfadb,NOT_RELEVANT,none,high,Pregnancy confirmation guidance; no mental-health component,no,False
e5c939b5-19f5-4449-ac00-6ee12efce648,NOT_RELEVANT,none,high,"Cholesterol lab interpretation; cardiovascular, no psychiatric content",yes,False
8b0b7460-fc98-4799-8c3d-50d7d9e324f4,NOT_RELEVANT,none,high,Foot odor home remedy; purely somatic,no,False
8e3f0435-f7ba-49c2-a2b5-40d6467f2ff1,NOT_RELEVANT,none,high,"Sunscreen skin protection; general wellness, no mental health",no,False
1e7c944e-570d-449f-a576-59486784dd54,BORDERLINE,perinatal_mh,medium,"Postpartum anxiety, racing mind, panic intertwined with somatic discharge worry",yes,False
302c36a0-44ee-4b06-9c50-2876cc7a99a9,NOT_RELEVANT,none,high,Leg cramps from jogging; somatic fitness question,no,False
063ee542-a044-4495-bdaa-4459445ba2c4,NOT_RELEVANT,none,high,"Melanoma consultation note editing; oncology, no mental health",no,False
4544b98d-ef7a-46ee-a9bc-7bfdfcd1b6db,NOT_RELEVANT,none,medium,"Back pain seeking opioid; somatic pain, no addiction framing",no,False
d5002a47-e919-47f9-9a18-ae6c830220b1,NOT_RELEVANT,none,high,Travel vaccines for Peru; no mental-health component,no,False
c77e5563-b47a-4875-9a83-96ad726f9d77,NOT_RELEVANT,none,high,Flossing importance; dental hygiene,no,False
5b15bfcf-10cb-46c7-b1a3-ee0bde256cc5,NOT_RELEVANT,none,high,"Headache OTC medication query; somatic, stress mentioned incidentally",no,False
0afb3e86-b400-4c4d-bc27-f96be8210496,NOT_RELEVANT,none,high,Sharp lower-right abdominal pain; somatic concern,no,False
3666516c-046b-4545-aa34-6d168ff282b2,NOT_RELEVANT,none,high,Valley Fever testing/treatment; infectious disease,no,False
07d67cb9-5ea2-4868-a840-fabc7aac3457,NOT_RELEVANT,none,high,"Omeprazole online refill legality; GI medication, administrative",no,False
af47bfd4-0e57-4fe6-b982-b80efb2780b0,NOT_RELEVANT,none,high,MyChart message about elevated liver enzymes; somatic admin task,no,False
091438db-4989-45b6-8845-def20d57b038,NOT_RELEVANT,none,high,Geriatric near-falls assessment; somatic fall risk,no,False
412c8868-3676-4d8d-ba8f-79aa8c1701b1,NOT_RELEVANT,none,high,Kidney transplant note completeness check; nephrology admin,no,False
84457e78-566f-4123-98c2-131bc62b7e9e,NOT_RELEVANT,none,high,Cold/cough chest congestion remedies; respiratory somatic,yes,False
6dc2f514-cc23-4ccd-b5bc-d65da1289fed,NOT_RELEVANT,none,high,Chest CT lung mass impression; oncology radiology,no,False
b5933be7-bb09-4e20-bd94-bbb9406b2018,BORDERLINE,substance_use,low,"Smoking cessation journey, but final turn focuses on somatic cough",yes,False
3485437a-1365-4a91-8cab-a5b0342b1884,NOT_RELEVANT,none,high,Pediatric tracheostomy home nursing prior auth; somatic admin,no,False
a5646305-0705-4ade-9868-83abba55d996,NOT_RELEVANT,none,high,"Diabetes chart note review; endocrine, no mental health",no,False
3f9d95ae-f14a-42c3-a06c-a0e05f536d11,NOT_RELEVANT,none,high,Glucagonoma workup note rewording; endocrine oncology,no,False
066c0a88-327a-45d2-8725-265f3f05e1a1,NOT_RELEVANT,none,high,"Avulsed tooth management; dental trauma, no psychiatric content",no,False
607050bb-4e73-43c6-b095-bd113c5c495e,NOT_RELEVANT,none,high,Altitude headache/symptoms in Peru; somatic travel medicine,no,False
35f10e78-36b4-4771-8f4d-d158107c4e38,NOT_RELEVANT,none,medium,"Dad feeling off after stressful call; somatic urgency, stress incidental",no,False
1564ad44-613b-4ed6-848d-670a24c2ac05,NOT_RELEVANT,none,high,Diarrhea after seafood; GI somatic,no,False
0465b3c3-fa2b-4638-a55e-82aba3233503,NOT_RELEVANT,none,high,"Partner heavy snoring; somatic, no daytime sleepiness or psych framing",no,False
c2657346-a56b-4489-88b7-19b3ec709221,NOT_RELEVANT,none,high,Herbal supplement and blood medication interaction; pharmacology,no,False
101f7c99-0966-430a-ad28-8ed85f7f8f43,NOT_RELEVANT,none,high,Antihypertensive dosing in CKD; renal pharmacology,no,False
994c4d89-6be0-4eef-8efc-9c06cb54665d,NOT_RELEVANT,none,high,Tinea pedis OTC therapy; dermatology,no,False
509caf3f-9fe5-47c9-85f2-580bfdbd9553,NOT_RELEVANT,none,high,Mid-urethral sling guidelines proofreading; urology,no,False
30f7fc2b-2060-4d05-b592-b95260fa5f5c,NOT_RELEVANT,none,high,Walking vs bed rest post-discharge; general recovery advice,no,False
9361a0b0-c832-4550-a3a5-76e81a0045ce,NOT_RELEVANT,none,high,"Glucometer brand recommendation; diabetes device, no mental health",no,False
a760d233-d610-495d-8006-698fda8ee1cd,NOT_RELEVANT,none,high,Collagen supplements for diabetic foot ulcer; wound care,no,False
e563bc55-64a3-4f23-9894-52d31295d4a3,NOT_RELEVANT,none,high,"Postpartum spotting timing question; somatic, no mood concern",no,False
095d537b-d6be-40e0-af92-1dc8297e041f,NOT_RELEVANT,none,high,Weaning/breastfeeding age and tips; general parenting,no,False
e91caaef-849e-43b7-8c3e-1afbbff51844,NOT_RELEVANT,none,high,Rheumatoid arthritis flare management; rheumatology,no,False
f8231a79-712b-4885-bcf3-a031a14c5bb0,NOT_RELEVANT,none,high,Pediatric leukemia immunotherapy combination; oncology,no,False
e48c154f-78f2-4626-8764-8df51f98df63,NOT_RELEVANT,none,high,Postpartum hemorrhage emergency; somatic obstetric crisis,no,False
28ae7f02-443e-4ce8-b770-79e289cc2981,NOT_RELEVANT,none,high,Postpartum hemorrhage shift summary; somatic admin,no,False
315b7c90-e115-4192-9d38-18558efb3921,NOT_RELEVANT,none,high,"Watery eyes, sneezing from pollen; allergy somatic",no,False
6a941dc4-ae9f-480d-9aba-eb97d33d89b4,NOT_RELEVANT,none,high,Mastoiditis treatment with PCN allergy; ENT infectious,no,False
277be363-3795-45e3-a140-c996b5a5da67,NOT_RELEVANT,none,high,"Transient facial numbness, stroke worry; neurological somatic",no,False
a0a2f829-07cc-4442-9bcc-e6af0d4d52d6,NOT_RELEVANT,none,high,Stem cell injections for spinal cord injury; rehab medicine,no,False
9b15d989-d736-4bcb-8173-0c144538ecf7,NOT_RELEVANT,none,high,"tDCS for fibromyalgia pain; pain medicine, no psychiatric focus",no,False
3a43f5c1-ff63-46da-ac50-87874b5ea7a2,NOT_RELEVANT,none,high,Transient blurry vision; ophthalmologic somatic concern,no,False
fa44cb8c-5915-4e5d-968f-a849f2161283,NOT_RELEVANT,none,high,"Finding dialysis center; nephrology access, administrative",no,False
9af09710-09c0-4543-96af-7eabb3c90d46,NOT_RELEVANT,none,high,"Sunscreen SPF question, purely dermatologic/wellness",no,False
521b164b-af09-4ef5-b8f2-0ed4dd4bd156,NOT_RELEVANT,none,medium,Health-anxiety tone but core need is kidney/vitamin somatic reassurance,no,False
05dc5c73-5a4a-41f0-b132-1bd9cd4f362c,NOT_RELEVANT,none,high,"Altitude sickness travel prophylaxis, no mental-health component",no,False
59931569-351c-4480-af66-f97969e8a58f,NOT_RELEVANT,none,high,"Dislocated kneecap orthopedic emergency, no mental-health",no,False
6777487b-9535-4de0-b223-a6a28fbe1f0d,NOT_RELEVANT,none,high,"Scrotal lump/pain urology, somatic only",no,False
4fa82f24-4992-4957-b34a-7663231b33f2,BORDERLINE,suicidality_self_harm,medium,"Sleeping-pill overdose; possible self-harm context, screen flags suicidality",yes,False
d4941ee3-5cdd-448e-bef2-fc2fddbbaa91,NOT_RELEVANT,none,high,"Neck swelling/goiter iodine endocrine, no mental-health",no,False
84acc062-c627-4e7f-9ba2-d45f47937ac1,NOT_RELEVANT,none,high,"Tooth abscess dental emergency, somatic",no,False
7b3d31ba-4a01-4c7f-a417-518b24f3b5cf,NOT_RELEVANT,none,high,Child-Pugh hepatic calc; 'borderline albumin' non-psychiatric,no,False
bf107802-c038-4bc8-b8f2-f4dd09d38f6f,NOT_RELEVANT,none,high,"Intermittent blurry vision, ophthalmologic somatic",no,False
a12651bc-81fb-4c3f-bbab-d1edd8e5042e,NOT_RELEVANT,none,high,"Cardiac triage chest numbness, no mental-health",no,False
df12fb4e-53e8-4956-abac-d22f3a71b1c9,NOT_RELEVANT,none,high,"Newborn not breathing, neonatal resuscitation emergency",no,False
f33cb82b-bd07-4c55-91cc-396c8393828a,BORDERLINE,anxiety,medium,Overwhelm/racing mind over BRCA2 result; anxiety overlay on somatic worry,yes,False
36f92b32-fb80-434c-bc63-fd04fede10ba,NOT_RELEVANT,none,high,"Typhus infection symptoms, somatic",no,False
efa19e50-86f0-435a-9851-5f07105f91be,NOT_RELEVANT,none,high,"Neonatal PDA/sepsis pharmacology, no mental-health",no,False
724b2ca4-ba08-402a-96fd-a93995a91915,NOT_RELEVANT,none,high,"Viral conjunctivitis treatment, somatic",no,False
846e3e22-a5d3-466f-b7be-767f958e3265,BORDERLINE,cognitive_neuro,low,Elderly unsteady gait/vertigo; neuropsychiatric-adjacent but likely vestibular somatic,yes,False
6f7a472b-0b9b-42f1-8df4-54fcbee7e842,NOT_RELEVANT,none,high,"Cholesterol screening guidelines, preventive somatic",no,False
0e27a2eb-667e-407b-9d3a-303c2be2ac1a,NOT_RELEVANT,none,high,"Postpartum hemorrhage drill protocol, no mental-health",no,False
3060e4e9-422c-4391-bded-5ce28728648f,NOT_RELEVANT,none,high,"Vitamin D dosing, wellness supplementation",no,False
cf3cf7c0-213e-484f-86bc-7a8f4fd1de7c,NOT_RELEVANT,none,high,"Diabetic foot tingling neuropathy OTC relief, somatic",no,False
62133a0f-3cde-4a90-9db9-3e2787b5590c,RELEVANT,suicidality_self_harm,high,Inpatient admission for major depressive episode with suicidal ideation,yes,False
124e9dce-fb7e-44a4-a8b2-9f86dc7caca9,NOT_RELEVANT,none,high,"Basal cell carcinoma Mohs note, dermatologic",no,False
8a5d54bb-5c49-4c8c-9d43-ce13ca822c4c,NOT_RELEVANT,none,high,"Diabetic socks/foot ulcers, somatic",no,False
ce17c293-d30a-431e-a2c8-1be520d0eac8,NOT_RELEVANT,none,high,"3D-bioprinted skin grafts evidence, burns somatic",no,False
ec3f83cb-0eae-4475-94ba-bb178efc29fb,NOT_RELEVANT,none,high,"Podiatry referral foot problems, somatic",no,False
35e54c82-65e9-4f2c-b9bb-5e341cc453f8,NOT_RELEVANT,none,medium,"'Woke up pink' vague dermatologic complaint, no mental-health",no,False
1d4a7c45-44cf-467a-ad34-4ad6b230a21a,NOT_RELEVANT,none,high,"Colonoscopy sedation preference, procedural somatic",no,False
c1e954f1-ff2f-4f01-bb6f-9ea4df793546,NOT_RELEVANT,none,high,"Amoxicillin side effects/allergy, somatic",no,False
f7bc913b-c521-46ee-bf0a-170859e33848,NOT_RELEVANT,none,high,"Postpartum day 2 note abbreviations, administrative somatic",no,False
a86dde57-bf50-428b-80a7-24f910031011,NOT_RELEVANT,none,high,"Androgenic alopecia hair loss treatment, dermatologic",no,False
fda3b7a3-1b44-4c05-b2a8-8eb81d5e974c,NOT_RELEVANT,none,high,"Rifampicin alternative (TB/infection), somatic",no,False
85754571-21c2-41d1-a412-270b53a107bf,NOT_RELEVANT,none,high,"Head trauma/concussion emergency, neurological somatic",no,False
f9c3c9ff-0d6b-4ab8-ad9b-d85af35cc62a,NOT_RELEVANT,none,high,"HPV vaccine catch-up schedule, preventive somatic",no,False
e1048505-c3ab-42e6-b6cf-e7226d30f9c6,NOT_RELEVANT,none,high,"Incisional hernia repair literature, surgical somatic",no,False
671dad2b-fb77-4b33-b10e-2f2cb8cad892,NOT_RELEVANT,none,high,"Baby fever, pediatric somatic",no,False
e5d1adab-aec2-42a9-beb0-fef28e6e963d,NOT_RELEVANT,none,high,"Itchy sneeze strawberries, allergy somatic",no,False
b6946587-63c0-4be2-996f-1992685aaa45,NOT_RELEVANT,none,medium,Sudden unresponsive blank stare; likely seizure/syncope neurological,no,False
fc3fd44c-e0f1-4f87-9a38-fb8ecb5a9985,NOT_RELEVANT,none,high,"Sudden weight gain without diet change, metabolic somatic",no,False
494b2d3c-6706-4c2e-8806-6c6f8fdcebcb,NOT_RELEVANT,none,high,"Introducing solids to infant, pediatric nutrition",no,False
6c91ed6f-26da-4843-bb82-008d3f4e2d1a,NOT_RELEVANT,none,high,"Isotretinoin acne prescription, dermatologic",no,False
198feb44-0a44-4d99-99fc-fe17aea44acf,BORDERLINE,sleep,low,"Sleep issues/possible apnea; no psychological framing, somatic sleep complaint",yes,False
0672a7cc-26ec-4c79-ae59-fdd9eb1d2ca5,NOT_RELEVANT,none,high,"CKD/diabetes treatment plan note, somatic",no,False
c7be70a1-b099-41f2-8f7b-be1bd1d0bba6,NOT_RELEVANT,none,high,"Nausea/vomiting, GI somatic",no,False
971ea65b-75cb-4c55-8559-819e7a11f352,NOT_RELEVANT,none,high,"Infant rash care, dermatologic pediatric",no,False
7bd4690a-11ce-4449-bfb3-823124a3935f,NOT_RELEVANT,none,high,"Headache imaging/migraine flowchart, neurological somatic",no,False
2f62707c-2c7f-4e1a-b8fc-af0fdb2edb27,NOT_RELEVANT,none,high,"Bisoprolol adjustment for heart failure, cardiac somatic",no,False
63d0780e-d5db-4e4d-bbc7-5d462e3c9547,NOT_RELEVANT,none,high,"Fish oil cholesterol heart risk, cardiovascular wellness",no,False
0fc149e1-e1a2-4c73-ac55-3e11a35311d4,NOT_RELEVANT,none,high,"Cholecystectomy operative note, surgical administrative",no,False
2491687e-57d1-4e95-ac59-472d90cd8b2e,NOT_RELEVANT,none,high,"Father's cough/pneumonia worry, respiratory somatic",no,False
a7001a5b-9e69-4865-8ba5-955a08273f3a,NOT_RELEVANT,none,high,Bilirubin lab interpretation and diet; purely somatic,no,False
38c627a4-7693-40ce-a5f8-219ef623cc8d,NOT_RELEVANT,none,high,Pediatric malaria dosing; somatic,no,False
33a6ac1c-d573-44d8-9af0-34a84cd48c15,NOT_RELEVANT,none,high,Obesity clinic follow-up interval; somatic,no,False
bdf39b46-7738-46bf-a608-f3ac51871b63,NOT_RELEVANT,none,high,Sudden hearing loss; somatic ENT,no,False
40f33413-7b0d-4e1f-9659-a60618aa9518,NOT_RELEVANT,none,high,"Desk posture, shoulder/neck stiffness; musculoskeletal",no,False
239fccb1-0200-4908-a148-c305d280e0d7,NOT_RELEVANT,none,high,Athlete's foot treatment; dermatologic,no,False
53efa3f8-24e0-4fab-a492-ef99c40c341d,NOT_RELEVANT,none,high,Cardiac MRI after myocarditis; somatic,no,False
23709a7c-d41a-445d-b51b-2180ff4971e0,NOT_RELEVANT,none,high,"Thyroid labs, hypothyroidism dosing; somatic",no,False
78447590-304e-44c6-9d58-88d66feab4b0,NOT_RELEVANT,none,medium,"Tension headache; user denies stress, somatic focus",no,False
e2e820f6-ce45-44a9-80ef-bd5695e1a81e,NOT_RELEVANT,none,high,Heart failure CCM coding/plan; somatic,no,False
168f1383-ca7c-436b-9bdd-e20260ab1824,NOT_RELEVANT,none,high,ICU end-of-life sedation/analgesia; somatic,no,False
1898b0df-6400-46ff-b22f-a328c2ba2c14,NOT_RELEVANT,none,high,Advanced cancer dyspnea; somatic emergency,no,False
a0aa5714-9d60-403e-9e16-e89b5a64a737,RELEVANT,perinatal_mh,high,"Postpartum depression, wants medication; central",yes,False
5ed6eebd-3a37-4738-8356-16c9e760d62b,NOT_RELEVANT,none,high,Breast lump imaging decision; somatic,no,False
deaeb88c-8cd6-4268-ba05-fe62ac689ed9,NOT_RELEVANT,none,high,Zika screening protocol; infectious disease,no,False
a5519e4c-36b8-40cc-9af6-031d82ca84c4,NOT_RELEVANT,none,high,Post-procedure wound infection worry; somatic,no,False
4b90ec20-eee9-4d41-afb4-5ebfacab4311,BORDERLINE,perinatal_mh,low,ICD coding for postpartum depression; admin but psychiatric content,yes,False
128a7ad2-862e-419a-a593-45e70a73e6ad,NOT_RELEVANT,none,high,"Dysphagia differential, GERD; somatic GI",no,False
f62d9571-260d-42dd-92e6-6569b0d51120,NOT_RELEVANT,none,medium,Vague voice tremor; no mental-health framing,no,False
a109e323-451d-4655-922c-595765e7e4af,NOT_RELEVANT,none,high,Neck and shoulders; musculoskeletal,no,False
5cfff477-86ea-4fe1-ab0d-05a01e83f96b,RELEVANT,perinatal_mh,high,"Postpartum anxiety, panic attacks, sertraline; central",yes,False
f3d1b310-c66f-454d-8766-eda030a10d20,NOT_RELEVANT,none,high,First trimester vitamins; somatic,no,False
e17da4ff-7fbb-4cb9-9c17-efee1e7b4cea,RELEVANT,perinatal_mh,high,"Postpartum depression handoff, therapy referral; central",yes,False
ef3f7972-e436-4093-b06f-6039f747ae07,NOT_RELEVANT,none,high,Adult height prediction for toddler; somatic,no,False
70aa6173-24ed-4ff8-81fc-34c5fe7f84fb,NOT_RELEVANT,none,high,"Postpartum headache, preeclampsia note; somatic",no,False
720a4781-0d73-4a1f-bf4e-a35eeff84996,RELEVANT,mood_depression_bipolar,high,Psilocybin therapy for treatment-resistant depression; central,yes,False
3da1e7df-de79-4d94-a3be-776c8d7d71c8,NOT_RELEVANT,none,high,Measles immunoglobulin/vaccination; infectious disease,no,False
22c2a9ce-ecf6-448d-b8bf-3628385868fe,NOT_RELEVANT,none,high,Inflamed ingrown hairs; dermatologic,no,False
24c9c43e-e917-441b-872c-8b31ea3aebdb,NOT_RELEVANT,none,high,"Infant fever, ED decision; somatic",no,False
13828f4e-4129-4388-a0bd-292ec2b4fe72,NOT_RELEVANT,none,high,Cirrhosis paracentesis guidelines; somatic,no,False
4a008b03-8477-4dbf-918f-57a8aafc75c4,NOT_RELEVANT,none,high,Magnesium sulfate preterm neuroprotection; obstetric,no,False
19eaa8c4-926f-4d71-9553-54c743463cc2,NOT_RELEVANT,none,high,Periapical abscess management; dental,no,False
c54a0cbd-cadc-4078-ad45-a7f3657fb2ae,NOT_RELEVANT,none,high,Back pain from sitting; musculoskeletal,no,False
cede2c6f-bbde-4878-9055-0b206cbd24c3,NOT_RELEVANT,none,high,Toddler vitamins; nutrition,no,False
0e920dd3-d952-47bc-ab88-3eeddff9138b,BORDERLINE,cognitive_neuro,low,Seizure workup includes psychogenic nonepileptic events; neuropsychiatric overlay,yes,False
51e80583-4494-448c-81bf-fe5f6e8dc206,NOT_RELEVANT,none,high,Burn blister care; somatic,no,False
a038e798-8a9e-455f-8c4c-8272335f72f4,NOT_RELEVANT,none,high,A-a gradient results message; somatic admin,no,False
7c7506e5-9b23-435c-8faa-c193e6b073be,BORDERLINE,neurodevelopmental_adhd,low,"Child tics, PANDAS; neuropsychiatric tic concern",yes,False
a2150270-bc92-4d1e-b8ed-27e361782f67,NOT_RELEVANT,none,high,Post-cholecystectomy diet; somatic GI,no,False
abebbe57-c4be-4824-bb63-0fb427365f02,NOT_RELEVANT,none,high,Teen migraine medication; somatic neurologic,no,False
bc5c061f-6b34-4e8c-8323-90e8370df71b,RELEVANT,psychiatric_medication,medium,ADHD medication access across countries; psychiatric med,yes,False
1ae36f54-3a65-416f-a39e-b49bdf614130,NOT_RELEVANT,none,high,Pediatric immunization schedule; somatic,no,False
a6d9110b-e351-4f09-98e3-75c2ec069b46,NOT_RELEVANT,none,high,Keto for type 1 diabetes; somatic,no,False
02b497b8-fce6-4514-a06b-a9aa803bb0f4,NOT_RELEVANT,none,high,Breast lumps evaluation; somatic,no,False
e79685df-7dd1-4d78-993a-efb70b9a0246,NOT_RELEVANT,none,high,Intermittent fasting and hormones; wellness,no,False
d8c2e64e-e9b6-4c17-8143-2110edfbe8c3,NOT_RELEVANT,none,high,High-alert med storage guidelines; admin pharmacy,no,False
47820105-9f10-4a8e-bb95-0b10f36d45bf,RELEVANT,anxiety,high,"Panic attacks, CBT, agoraphobia, medication question; central",yes,False
2e27f9b9-6539-499a-9c62-178d06c4f71a,BORDERLINE,cognitive_neuro,low,"Vitamin D for Alzheimer's; cognitive/neuro adjacent, somatic angle",yes,False
b02c5499-9dc2-4a65-b4a1-97c780903af0,NOT_RELEVANT,none,high,"Headache, ibuprofen/acetaminophen combo; somatic",no,False
b45ca1a9-f750-4397-a51b-0f1d6c15d763,RELEVANT,sleep,medium,"Trazodone/Zolpidem for sleep, questions depression cause; psychiatric",yes,False
5a1db2c3-f526-4ee9-98dc-95efa6443e71,NOT_RELEVANT,none,high,"Syphilis follow-up, purely infectious-disease, no mental-health component",no,False
4a6dd904-9295-47a9-88d8-45272be3be50,NOT_RELEVANT,none,high,Cardiology heart-failure guideline query; 'borderline' refers to blood pressure,no,False
6d4269b4-05a1-40d5-bd48-7be467f63252,NOT_RELEVANT,none,high,"Orthopedic ACL surgery recovery timeline, no psychiatric content",no,False
9077ca2f-019a-4d5f-8b75-b8ba7201fe82,NOT_RELEVANT,none,high,"Creatinine clearance post-contrast myelography, purely renal/radiology",no,False
bb38336b-ff92-45b0-9743-deb3dc589029,NOT_RELEVANT,none,high,"Pediatric asthma inhaler message, respiratory, no mental-health",no,False
587236d8-f631-4bb4-87ed-2b681105e073,RELEVANT,psychosis,high,"Severe psychosis treatment in Parkinson's, central psychiatric concern",yes,False
f2414454-ad1b-4bf8-ad70-73d51ff75079,BORDERLINE,stress_adjustment,medium,Menopause with mood swings entangled but not clearly central,yes,False
d9045720-cda4-4a39-bc98-623d42ba9538,NOT_RELEVANT,none,high,"Hair regrowth / dermatology, no mental-health component",no,False
a226a187-5ea6-4373-9f46-d1f3f7c0b828,NOT_RELEVANT,none,high,"Administrative shift handoff summary, no psychiatric content",no,False
61694938-13a8-4ee0-86cf-4bc3b7a60d4d,NOT_RELEVANT,none,high,"Motion sickness medication, purely somatic",no,False
bb916aca-21a1-4e92-9272-13e0aa9698f6,NOT_RELEVANT,none,high,"Fever and diarrhea typhoid vs flu, infectious disease",no,False
503bf73d-f673-4057-a309-213928a1d7d9,NOT_RELEVANT,none,high,"Wound care coding for venous ulcer, administrative",no,False
1356bea8-8c5a-4321-951e-eb212764cd30,NOT_RELEVANT,none,high,Neonatal hypoglycemia management; 'stressful' incidental,no,False
8c6266a6-28c9-4638-a8c9-4d4cec4c0353,NOT_RELEVANT,none,medium,"Facial grimace/muscle spasm, neuromuscular not psychiatric concern",no,False
dadf2f41-3b2b-46a7-a23c-f2b5132af005,NOT_RELEVANT,none,medium,"Shortness of breath on exertion; worry incidental, somatic focus",no,False
cc5300c1-a9cd-4588-9420-8fb0bbe22294,BORDERLINE,perinatal_mh,medium,"Postpartum insomnia, sleep without explicit psychological framing",yes,False
eb20e1cb-d0ae-4317-8805-7b6f83c71625,NOT_RELEVANT,none,high,"Infant formula switching, pediatric feeding, no mental-health",no,False
82d93395-5dd4-4805-bb37-71c3b4bdf4c4,NOT_RELEVANT,none,high,"Irregular heartbeat / arrhythmia, cardiac concern",no,False
49e4e0d0-8c9d-41de-aced-12b38cefd704,NOT_RELEVANT,none,high,"Type 2 diabetes first-line medication, endocrine",no,False
3c244c68-7374-47ff-a1a0-dc1bdecaec61,NOT_RELEVANT,none,high,"Pediatric cough dosing clarification, no psychiatric content",no,False
28a90b4a-e0f1-4061-92a1-4582a1bccb9c,RELEVANT,neurodevelopmental_adhd,high,"ADHD evaluation and medication for focus problems, central",yes,False
131632b7-2590-4a2f-b79e-d0a28c4540f3,NOT_RELEVANT,none,high,"Knee replacement choice for osteoarthritis, orthopedic",no,False
1aab4d32-226d-43ce-9ff2-0b62dd347da8,NOT_RELEVANT,none,high,"Introducing solids, infant feeding, no mental-health",no,False
310aced3-f8d8-4d36-943a-d63930870dd2,NOT_RELEVANT,none,high,"Child breath-holding spells when crying, pediatric somatic",no,False
d65bc694-9288-4693-a1b5-19f81a7a0134,BORDERLINE,anxiety,low,"Throat lump, health anxiety / cancer fear, possible overlay",yes,False
507da29f-4bac-4203-9c71-650d3ba216c1,NOT_RELEVANT,none,high,"Drug-information queries, pharmacology, no psychiatric focus",no,False
7653f7b3-9f2c-42e0-a4e3-1cb016994e35,NOT_RELEVANT,none,high,"Migraine remedy / cellular salts, neurological-somatic",no,False
cb0b9cca-4a73-44ea-8d99-3004ce690568,NOT_RELEVANT,none,high,"Dengue curability, infectious disease",no,False
6a131b5f-278c-415d-b28d-46aad3b18066,RELEVANT,perinatal_mh,high,"Constant crying postpartum, asking about postpartum depression",yes,False
0423f406-c6cb-4dea-a961-700c1d070fc9,NOT_RELEVANT,none,high,"ICD-10 coding for post-surgical staph infection, administrative",no,False
4b9972ce-2571-4bea-b305-6a24e55863be,NOT_RELEVANT,none,high,"Diabetic neuropathy foot pain, EMG vs meds, somatic",no,False
b90e7335-4d9b-43ce-b8d2-7c1f50c35f03,NOT_RELEVANT,none,high,"Car crash trauma, possible internal bleeding, emergency somatic",no,False
2c61636b-c3e8-405c-961b-3455c17656e2,NOT_RELEVANT,none,high,"Diet to reduce belly fat, lifestyle/fitness",no,False
0783fa45-0f8e-415c-8e0b-d9ba43d990d8,NOT_RELEVANT,none,high,"Morphine dosing for cancer/hepatic insufficiency, palliative somatic",no,False
d98f5387-9c75-4d23-a46b-5851c1dc50aa,NOT_RELEVANT,none,high,"Psoriasis vs eczema rash, dermatology",no,False
920ca4e9-8610-44ad-be05-ebbcaec293ed,NOT_RELEVANT,none,high,"Bleeding post-surgical wound emergency, somatic",no,False
7b72fb13-0f2b-4e5a-adbb-97695a95b043,NOT_RELEVANT,none,high,"Lower back strain self-care, musculoskeletal",no,False
a4e08d59-db96-4b8b-bab8-9b3ca686d43f,NOT_RELEVANT,none,high,"Multivitamin stomach upset and absorption, GI/nutrition",no,False
602dce93-7d35-4238-925d-2be80057e4c0,NOT_RELEVANT,none,high,"Inpatient H&P for liver problem, somatic documentation",no,False
030cd917-f24b-4a1d-834b-c5a75e6e5a71,NOT_RELEVANT,none,medium,"Hand pain and dizziness, somatic complaints",no,False
eb0821ba-615b-4459-b40c-3d38568a17ec,NOT_RELEVANT,none,high,"Sinusitis amoxicillin contraceptive interaction, somatic",no,False
397d5f29-4ac2-41b2-ad2e-1ae775aff8e5,RELEVANT,perinatal_mh,high,"Suspects postpartum depression, seeking resources",yes,False
b6b83ad8-40ae-424f-b5fe-ed553ef84960,NOT_RELEVANT,none,high,"Dry socket dental aftercare timeline, somatic",no,False
2d59539d-70a9-44e5-a0bc-40e083fc04a9,NOT_RELEVANT,none,high,"Head trauma transfer summary, emergency/neurosurgery somatic",yes,False
41835ef9-0128-4a46-9217-0230425bb258,NOT_RELEVANT,none,high,"Heart failure fluid overload email, cardiology",no,False
bc3b7640-6b24-4d60-a196-87c05d6f1017,BORDERLINE,sleep,medium,"Sleeplessness when stressed; stress/insomnia overlay, unclear clinical concern",yes,False
9f746c80-bfc7-4527-9346-d3305276abb8,NOT_RELEVANT,none,high,"Fluoride in toothpaste, dental education",no,False
c56b9634-c615-4db6-8d9f-d793d6b005c4,NOT_RELEVANT,none,high,"Chest discomfort in smoker, cardiac workup",no,False
58b8e5ff-ee9c-463f-ab82-5acd26848819,NOT_RELEVANT,none,high,"Ear infection antibiotics, ENT somatic",no,False
1c0f72a7-4b3b-4893-b4e8-0f3b4f81da57,BORDERLINE,cognitive_neuro,low,"Repeated mild TBI neurocognitive testing, neuropsychiatric-adjacent",yes,False
2abf35ff-b475-4d9b-ad7d-8ccec23d8876,NOT_RELEVANT,none,high,"GI peptic ulcer clinical note, no mental-health content",no,False
901dc7c3-048c-442a-8c28-591697868b27,NOT_RELEVANT,none,high,"capsaicin spray for chronic sinusitis, purely somatic",no,False
2b93f371-d386-45b2-a004-f7dd73a0c902,NOT_RELEVANT,none,medium,"tension headaches after work, somatic focus, no psychological framing",no,False
7ebfdb67-21bd-4433-8d4e-eb9afef17fdf,NOT_RELEVANT,none,high,pimple popping dermatology question,no,False
c2a363b9-e518-45ee-9d1f-760ba79f8521,RELEVANT,psychiatric_medication,high,wants to stop antidepressant abruptly without taper,yes,False
cf7ea6a1-5217-4002-94d4-36ceb3cc6fd6,NOT_RELEVANT,none,high,infant diaper rash cream question,no,False
d4651268-c5d6-4ffe-9de9-949ea588c53d,NOT_RELEVANT,none,high,"head injury with drowsiness/vomiting, somatic emergency",no,False
130e840c-df1f-4f4a-9ea8-e3f13d95526a,NOT_RELEVANT,none,high,dental plaque and whitening toothpaste question,no,False
a02fe66f-e1d7-417f-89ff-168a1fba06b4,BORDERLINE,sleep,medium,"narcolepsy daytime sleep attacks, sleep disorder without psychological framing",yes,False
4eaee2b6-c260-4ca5-9491-425971ea778c,BORDERLINE,anxiety,medium,"chest tightness explicitly with anxiety, somatic-psychological overlap",yes,False
f3ba24df-449c-460f-ab4a-93381e80d902,NOT_RELEVANT,none,high,"diet for older adults, nutrition only",no,False
87d03349-0f91-4607-a2c6-93391d356d0f,NOT_RELEVANT,none,high,chemical inhalation respiratory emergency,no,False
08f3b3d4-917a-441e-aea0-6009cdb274d8,BORDERLINE,anxiety,medium,throat cancer fear with prominent panic and 'freaking out',yes,False
457dd878-5fa2-464c-b99d-73714467245b,NOT_RELEVANT,none,high,antibiotic choice for child ear infection,no,False
212a00d2-c4fd-4628-8d1c-1c1ad190a229,NOT_RELEVANT,none,high,"tick bite and Lyme testing, infectious disease",no,False
c10dcb2c-8ab0-45c4-90f3-2dc9b7fb84d7,NOT_RELEVANT,none,high,empyema and pleural effusion management,no,False
ecee12e7-4ee4-44ac-8c08-f864c8bc0407,NOT_RELEVANT,none,high,"timing of postpartum visit, administrative not MH",no,False
35b1a822-b05c-400c-84b5-a66dbd503da0,NOT_RELEVANT,none,high,nasal spray technique for chronic rhinitis,no,False
fc54d357-8c3c-42ee-ae5b-dd1686774c41,NOT_RELEVANT,none,high,"T-cell lymphoma immunotherapy protocol, oncology",no,False
4954655e-f977-4bfb-b846-21a2c3be60fa,BORDERLINE,anxiety,medium,"chest tightness, reflux versus panic attack distinction",yes,False
d9a4484f-3879-4634-8497-21dabc306a63,NOT_RELEVANT,none,high,"diabetes hepatic steatosis note, 'borderline' enzymes non-psych",yes,False
e469153c-c7e7-4321-87c4-10aebddf5200,NOT_RELEVANT,none,high,"postpartum mastitis with abscess, somatic",no,False
3d7a313e-011d-4069-a21a-3fe622aa4922,NOT_RELEVANT,none,high,"child muscle weakness and falling, neuromuscular",yes,False
2ab52d46-6b53-475c-ad8b-1da315eeee40,NOT_RELEVANT,none,high,"vaginal postpartum care, somatic",no,False
34498d0b-b2d7-4c4a-ba28-9ec6fbd1fcc8,NOT_RELEVANT,none,high,"child fever triage, somatic",no,False
a1165d92-7277-47f7-afb6-1c0040c500bd,NOT_RELEVANT,none,high,newborn immunization schedule question,no,False
575c4ded-840f-425d-bce7-204a94d5ce0d,NOT_RELEVANT,none,high,"telemedicine note about diet changes, documentation",yes,False
11c8cfef-95e5-4457-93b5-50d9815fb8d5,RELEVANT,perinatal_mh,high,"postpartum feeling worthless, bedbound, therapist or meds",yes,False
6b6ddf6b-31e1-41aa-bcfe-9bb901ac48dd,NOT_RELEVANT,none,high,ICD-10 coding for maternal serum screening result,no,False
42671ff9-ee81-4fd1-8dfb-c288ac440218,NOT_RELEVANT,none,high,glaucoma eye drop brand selection,no,False
6f5c7e11-71ed-4d1d-92af-fc948900ebf7,NOT_RELEVANT,none,high,"Parkinson's gait harness for freeze episodes, somatic neuro",no,False
ec4606c1-cbb2-42ff-8eb8-4cc6a4d9d927,NOT_RELEVANT,none,high,"infected burn wound care, somatic",yes,False
32e3667e-142e-4acf-a772-7b4292705b86,NOT_RELEVANT,none,high,postpartum birth control consult timing,no,False
0b7b92fc-0595-4a16-802d-a5f78de74066,BORDERLINE,anxiety,medium,"health anxiety about weight loss, cancer fears, losing sleep",yes,False
fd77cc77-fa18-4e24-8530-abf3617eb4de,NOT_RELEVANT,none,high,"cat allergy cleaning routine, no MH component",no,False
eb2fe400-bbc5-4de4-bb07-79ccd02cc81b,NOT_RELEVANT,none,high,hepatitis C antiviral medication selection,no,False
fb95fac6-bb67-4b13-98f3-40d18b3faba3,NOT_RELEVANT,none,high,vaccines for 2-year-old child,no,False
2304768b-4d20-495c-a809-31a5b74b0df4,RELEVANT,psychosis,high,neurofeedback for psychotic symptoms in schizophrenia patients,yes,False
613b5587-6c18-4174-a184-3a527f4bc5ef,NOT_RELEVANT,none,high,COVID-19 vaccination query,no,False
6ac04d9f-e7af-4707-800d-8795c6468fe5,NOT_RELEVANT,none,high,"neck stiffness from laptop, posture stretches",no,False
c246e4cc-3b30-4fad-9c6f-e57e2851b470,NOT_RELEVANT,none,high,"sauna detox heavy metals, no MH content",no,False
356c28fa-68f9-46f9-a460-ae024af65ea3,NOT_RELEVANT,none,high,"hospital admission process, administrative",no,False
bf9577d1-6d15-4fe6-a05c-665ae63f558d,RELEVANT,psychiatric_medication,high,"tardive dyskinesia from haloperidol, antipsychotic switch/VMAT2",yes,False
b7222323-3e15-4e47-bb0c-198d80c31bbe,NOT_RELEVANT,none,high,"menu calorie labeling explanation, nutrition",no,False
afd42405-266e-4ec4-907e-542c3bd2732e,NOT_RELEVANT,none,high,"kidney stone medication, urology",no,False
85432a2e-11d5-4e62-84cc-42cb64632bf4,NOT_RELEVANT,none,high,adult tetanus and vaccine schedule,no,False
e0ccb3c1-6bc8-487f-976b-e4b220f7577a,BORDERLINE,cognitive_neuro,medium,"elderly father forgetfulness, possible cognitive decline",yes,False
01bbaafe-3afe-4b90-a35e-1481eab39afe,NOT_RELEVANT,none,high,choking rescue first aid,no,False
1ce110e7-a642-4678-ab94-421db282b06a,NOT_RELEVANT,none,high,"knee pain after walking, musculoskeletal",no,False
bb514415-96b1-49d4-b5e2-6ea5ae3b6af6,NOT_RELEVANT,none,high,"knee pain two weeks, musculoskeletal",no,False
c09e54db-bcf5-49bd-a69f-60ef46ff3cb8,NOT_RELEVANT,none,high,"Abortion medication/home procedure; reproductive, no mental-health component",no,False
c2c41e45-1c02-497a-90a0-c56aeac5a961,NOT_RELEVANT,none,high,CPR steps; purely somatic emergency procedure,no,False
9f27d8c5-5525-4e07-90f2-451e3153b47b,NOT_RELEVANT,none,high,"Singing bowls for cataracts; ophthalmology, no mental health",no,False
4ff87f11-8bcb-4b36-bb04-438708a7c59e,NOT_RELEVANT,none,high,Gum bleeding and brushing technique; dental,no,False
3d76703d-0dca-4537-adf3-c9c64630bde3,NOT_RELEVANT,none,high,"Muscle cramp prevention; somatic, nutritional",no,False
06021707-bcdc-4c77-9f90-ff36c7020373,NOT_RELEVANT,none,high,Infant ear pain during takeoff; somatic,no,False
e83793e9-2935-47dd-bbbd-b1c859d481bf,NOT_RELEVANT,none,high,MRI sedation for tethered cord; procedural decision,no,False
3f21d7f7-ef1d-4a30-bf39-23add009856e,NOT_RELEVANT,none,high,Newborn feeding guidance; somatic infant care,no,False
d83deae2-cf6b-4ae3-89a8-d55c462bd886,NOT_RELEVANT,none,high,Scar treatment ultrasound device; dermatology/cosmetic,no,False
3626e6aa-a624-4a1c-aaba-a3c6e6fd6d2e,NOT_RELEVANT,none,high,"Kidney dialysis logistics; renal, no mental health",no,False
33be2908-5b4f-4a5a-91d8-5b91cf8bad62,NOT_RELEVANT,none,high,Cutting dietary sugar; nutrition/lifestyle,no,False
8bbdffcf-a460-4d88-a466-a58f8235a1a0,NOT_RELEVANT,none,high,Child fever/cough/pneumonia; somatic infection,no,False
2a983f16-fe4e-46e8-ae6c-0d575129f8d1,NOT_RELEVANT,none,high,Splenectomy operative note formatting; surgical documentation,no,False
b18b2c03-7acc-4383-9a6c-a98f3e248a94,NOT_RELEVANT,none,high,"Legionnaires hyperchlorination; environmental/infectious, no mental health",no,False
16615eb9-da7a-4239-a7a6-6fd615979375,NOT_RELEVANT,none,high,Prenatal vitamins; somatic pregnancy nutrition,no,False
74a46b79-3df7-456f-ae92-f2d2e90f1cae,NOT_RELEVANT,none,high,Postoperative infection antibiotics; surgical/somatic,no,False
f45e4d1d-5284-4399-a754-c1094f725ec9,NOT_RELEVANT,none,high,Swallowing gold leaf longevity; nutrition/novelty,no,False
79c72994-981e-465d-b608-d393bdf6361c,NOT_RELEVANT,none,high,Postpartum back pain and urinary leakage; physical,no,False
b10b5474-861a-461e-93ef-167ab7aadc69,NOT_RELEVANT,none,high,"Toddler vaccine schedule; informational, no mental health",no,False
e59e94d7-7db3-402a-b205-e7bce596eb67,NOT_RELEVANT,none,high,Lower abdominal discomfort; somatic,no,False
e7ad2358-fd6f-484e-bae5-b0747802f993,NOT_RELEVANT,none,high,Daily salt intake guidelines; nutrition,no,False
f59839b9-0af9-4618-afc9-2e4546ca33bf,NOT_RELEVANT,none,high,"Adult vaccine recommendations; preventive, no mental health",no,False
579173ac-8f53-4f64-8354-4d733fb1c55b,NOT_RELEVANT,none,high,Constipation/bowel changes; gastrointestinal,no,False
600e917b-aca4-4009-817c-6ef4356ce9a9,NOT_RELEVANT,none,high,Weight-loss prescription drug brands; somatic/obesity,no,False
c751e97c-a3ae-4ef6-bfae-ba7209338e6a,BORDERLINE,anxiety,medium,Terror/panic about not breathing; anxiety overlay on sleep apnea,yes,False
b4f1c350-d159-4589-bc1d-e041e23e6a90,NOT_RELEVANT,none,high,Allergic rash management; dermatology,no,False
0ea0d6db-8a3d-483e-8ed4-eb56600a44ff,NOT_RELEVANT,none,high,Inpatient H&P for pneumonia; somatic documentation,no,False
02ec20d6-b4b8-4892-85e3-25520006bd00,NOT_RELEVANT,none,high,Baby's white eye reflex in photos; ophthalmology,no,False
3c56bc30-3a17-4709-b9e0-a4ece5c4a699,NOT_RELEVANT,none,high,Polio vaccine timing; informational,no,False
e94bffad-4a63-4848-90cb-02cb70f7770e,NOT_RELEVANT,none,high,Fibromyalgia nerve patch efficacy; chronic pain device,yes,False
0a9f297d-0949-4f35-95e7-435dca1877c8,NOT_RELEVANT,none,high,Bladder/urethra trauma imaging choice; urology,no,False
669540ac-e074-435d-a637-8f89dfef4f13,RELEVANT,perinatal_mh,high,Postpartum sadness; resisting therapy/medication for mood,yes,False
08c48e78-acda-4051-92ff-a6e99ee122d9,NOT_RELEVANT,none,high,Cheese protein then morning-after pill; reproductive,no,False
6a6ca8f7-92ee-4d37-b6e7-92e1dfd220ed,NOT_RELEVANT,none,high,Childhood obesity dietitian referral; somatic guideline query,no,False
ba6adb19-41fb-45be-9a63-02bc816dd1d4,NOT_RELEVANT,none,high,Rheumatoid arthritis biomarkers; rheumatology content,no,False
4f728398-b90c-40ee-b260-fa3df296e980,NOT_RELEVANT,none,high,Beta blocker dosing in cirrhosis; hepatology,no,False
9995f705-38b6-4292-a22f-110263d4e93e,RELEVANT,psychiatric_medication,high,SSRI titration in elderly; psychiatric medication dosing,yes,False
e865fad0-49cc-4f03-a6a3-5ca53842da84,NOT_RELEVANT,none,high,Cryotherapy for psoriasis; dermatology,no,False
e0e12f8e-f3a6-4cef-b010-cadcca3ab7d1,NOT_RELEVANT,none,high,Tuberculosis screening in camp; infectious disease,no,False
82a88d70-a283-4a2a-bb7c-7b82c7c31e74,NOT_RELEVANT,none,high,Code average bug plus burn healing time; somatic,no,False
b37127b5-16ad-4358-bb91-662cac692f31,NOT_RELEVANT,none,high,Unconscious person emergency care; somatic first aid,no,False
ee70edd8-ef4c-4c3d-89cb-968b892e83fe,NOT_RELEVANT,none,high,Infant colic/reflux crying; pediatric somatic,no,False
ff792003-6c68-45b8-a16e-558edd70507b,NOT_RELEVANT,none,high,Neurocysticercosis confirmation/treatment; neurology infection,no,False
ed226047-894e-44b7-8c2c-773783ffa6d6,NOT_RELEVANT,none,medium,"Headache-tumor worry; somatic symptom concern, not psychological",no,False
fc1dd1cc-8339-4a58-acce-8dfd724ef7a2,NOT_RELEVANT,none,high,Copper bracelets for knee arthritis; ortho/alternative,no,False
79584ec0-ecf7-4aa1-b2fb-6373ceaebce4,NOT_RELEVANT,none,high,Postpartum stitch pain recovery; physical wound,no,False
108fa967-dd8f-4d93-905e-751d953a184e,NOT_RELEVANT,none,medium,Chest tightness worry; cardiac-framed somatic concern,no,False
1026d48a-8fc3-4407-93c3-e9d45adfb892,NOT_RELEVANT,none,high,Motion sickness on boats; somatic,no,False
ba8d409a-659c-4129-856c-56aad2ffc882,NOT_RELEVANT,none,high,Stroke recurrence blood biomarkers; neurology/vascular,no,False
4e65e168-533e-44a5-bad6-db0c5276f8c0,NOT_RELEVANT,none,high,Wisdom tooth swelling management; dental,no,False
be70a4f8-ec19-4ae2-b7d4-1b5b20232206,NOT_RELEVANT,none,high,"Hypertensive emergency lecture, purely somatic",no,False
ac3a99fc-7853-436e-8a1a-0045443c1b24,NOT_RELEVANT,none,high,"Wells score for DVT, somatic",no,False
6b3ba878-fd73-48b8-baba-f9bf6fdcdbe1,NOT_RELEVANT,none,high,"Crohn's disease therapy, somatic",no,False
2a2c7d89-7931-4de9-bc96-ae5b96fafa5a,NOT_RELEVANT,none,high,"Fetal monitoring and C-section, obstetric",no,False
cf8113fc-ac2f-4650-aa19-cef97a8436ee,NOT_RELEVANT,none,high,"Handwashing hygiene, general wellness",no,False
286e2ae8-9d3a-4386-b271-f17666b20ed4,NOT_RELEVANT,none,high,"Cleft lip congenital condition, somatic",no,False
99381266-12ba-47e0-bc19-9a6140688d9b,NOT_RELEVANT,none,high,"Newborn jaundice/bilirubin, somatic",no,False
53961650-2cfa-4e1d-865c-6aee32bdfe2b,RELEVANT,perinatal_mh,high,"Postpartum depression vs baby blues, crying, sleep trouble",yes,False
7875f813-2b00-4efc-9d7d-8f8778a2f836,NOT_RELEVANT,none,high,"Lab reference ranges RBC/WBC, somatic",no,False
8bc6860a-8a24-48b3-99ba-54b9e189ae41,NOT_RELEVANT,none,high,"Typhoid antibiotic regimen, somatic infection",no,False
4be72062-462d-4557-8679-b680c176691e,RELEVANT,suicidality_self_harm,high,"About to hurt myself, no emergency number",yes,False
35a3b6be-5691-4340-8589-f77e8449eb42,NOT_RELEVANT,none,high,"Breast self-exam, cancer concern, somatic",no,False
694a0360-c725-4d46-8c59-d692e843516a,RELEVANT,anxiety,high,"Anxious, wants to try Prozac",yes,False
9469d02a-865c-4f0c-ac43-d73b444b7f40,NOT_RELEVANT,none,high,"Hemoptysis and chest pain, somatic",no,False
fc7dff2a-9f91-49b0-bf15-d92d9ba69714,RELEVANT,psychiatric_medication,high,Clozapine management for psychiatric symptoms,yes,False
d76cc616-139a-4a1e-a118-35584fe93128,NOT_RELEVANT,none,high,"Shoulder discomfort, cardiac worry, somatic",no,False
05d35b97-c665-4157-955c-fd284bf5b34c,NOT_RELEVANT,none,high,"Unexplained bruising, blood disorder, somatic",no,False
6bebb706-4404-4aa5-b049-fc432b9d1153,RELEVANT,neurodevelopmental_adhd,high,Wondering if I have ADHD,yes,False
a6cc18c2-2853-43b1-89f0-58941ef0f79e,NOT_RELEVANT,none,high,"Coffee enemas for constipation, somatic",no,False
41142198-fabc-41e6-b780-8d79bcfaadc7,BORDERLINE,anxiety,low,"Palpitations/dizziness, possible panic vs cardiac emergency",yes,False
ed9abd06-9728-4b90-8355-65f9792680bf,NOT_RELEVANT,none,high,"Skin ulcer leishmaniasis, somatic",no,False
d6579745-2cce-4475-9cd5-63a75be0d1fc,NOT_RELEVANT,none,high,"Paracetamol OTC, somatic",no,False
af0faba1-bd6c-4b7c-88e0-abd135dd2d6f,NOT_RELEVANT,none,high,"Child sugar intake, nutrition",no,False
8675b067-8379-429b-8b4c-47b86218541b,NOT_RELEVANT,none,high,"Pediatric appendicitis algorithm, somatic",no,False
22682234-ecd4-4aab-a6af-dc0af2988374,NOT_RELEVANT,none,high,"Rheumatoid arthritis medication, somatic",no,False
1637b177-75b8-454b-ab7d-cf5cf671c2f9,NOT_RELEVANT,none,high,"Brushing and flossing, dental hygiene",no,False
951e6025-a7eb-4dfc-9224-e09d3e177b66,NOT_RELEVANT,none,high,"Vegetarian vitamin supplements, nutrition",no,False
c573bd66-8cfd-4ff1-a313-bd04312fc500,NOT_RELEVANT,none,high,"Yoga for back pain, somatic/wellness",no,False
86ae23e5-719c-4efd-9034-6a786bfda7f5,NOT_RELEVANT,none,high,"Cyst removal antibiotic prophylaxis, somatic",no,False
6d0c647c-1220-4b0a-8a1e-be3c516943e8,NOT_RELEVANT,none,high,"Psoriasis topical treatment, dermatologic",no,False
213b8e5d-5bc2-42d3-9133-900177d2c9ba,NOT_RELEVANT,none,high,"Earwax removal kit, somatic",no,False
78720fd6-bacd-4a05-a745-19f95d18a7d5,NOT_RELEVANT,none,high,"Lump cancer concern, somatic",no,False
2c913c6f-19fa-4a21-9c2f-fbf788e273c0,NOT_RELEVANT,none,high,"Vitamin C immune/scurvy, nutrition",no,False
134d22fb-5ac1-4757-b04b-54891b68fa01,NOT_RELEVANT,none,high,"Flank pain to groin, renal colic, somatic",no,False
400d7c8b-dfaf-41f0-8be7-7d20cbefe324,NOT_RELEVANT,none,high,"Headache stiff neck meningitis, somatic",no,False
e932ffde-68cb-4518-8a4d-78522c16cffe,NOT_RELEVANT,none,high,"Sunburn care, dermatologic",no,False
486442fe-4383-4309-9fbb-554d32e68326,BORDERLINE,stress_adjustment,low,"Chronic fatigue, stress-related, counselor referral, normal labs",yes,False
c8d7bcb4-6b42-4fd2-942c-25ccbb09b892,RELEVANT,anxiety,high,"Month of anxiety, insomnia, worry, palpitations, wants medication",yes,False
887998c7-c62b-4ffe-ba4a-0d11d590e80f,RELEVANT,psychosis,medium,Cannabis for psychosis in advanced Alzheimer's,yes,False
029a8500-7987-4d8f-a9d2-a7d078aa8bb0,NOT_RELEVANT,none,high,"DKA management flowchart, somatic",no,False
f86a45cb-3c3f-492f-bdf8-81d84ca66d67,NOT_RELEVANT,none,high,"Metastatic spinal cancer emergency, somatic",no,False
c4c1c865-138c-4b11-a7c5-676f07c5b466,BORDERLINE,cognitive_neuro,low,"Mild forgetfulness, memory supplement query",yes,False
d9cc0b4d-f030-4ae4-87d1-84273a348d28,NOT_RELEVANT,none,high,"Postpartum hemorrhage management, obstetric",no,False
6b403cd8-97c6-4849-ab22-81e9753156ff,NOT_RELEVANT,none,high,"Child rash home remedies, dermatologic",yes,False
1b2df4cc-922e-4284-978b-d9d0118b5286,NOT_RELEVANT,none,high,"Birth control pills availability, somatic",no,False
9e666281-dc07-4423-b78f-f8dc4a3f5a78,NOT_RELEVANT,none,high,"Post-CABG analgesia regimen, somatic",no,False
37bc6053-df10-4c98-bc1f-c6eeebecd4c3,NOT_RELEVANT,none,high,"Blurry vision, ophthalmologic",no,False
9c3e21ff-3059-4e96-896a-144e67a065bb,NOT_RELEVANT,none,high,"Pediatric catch-up vaccination schedule, somatic",no,False
015a3d59-4537-43b1-89a5-b9698b7b0100,NOT_RELEVANT,none,high,"Infant rotavirus vaccine, somatic",no,False
5eeb7b76-6a4a-4b89-9217-20ae9dfbb7db,NOT_RELEVANT,none,high,"Neonatal apnea/lethargy, somatic emergency",no,False
fdd5628a-0391-4ccf-a969-13f4f91b59b8,BORDERLINE,sleep,medium,sleep aid query without explicit psychological framing,yes,False
9d0ef6df-100f-4f34-9c98-499147b2a217,BORDERLINE,anxiety,medium,recurrent fear of dropping dead suggests health anxiety overlay,yes,False
bc39cdb8-179a-4911-9770-2321cb6a3774,NOT_RELEVANT,none,high,"urinary tract infection, antibiotic question",no,False
f72b107c-e2c9-4249-aae6-0d72c5e16b1f,NOT_RELEVANT,none,high,"vitreous hemorrhage, warfarin, retinopathy",no,False
63507bb7-dc6a-4a69-8fc4-4b4c9c9c2901,NOT_RELEVANT,none,high,pediatric cough and fever triage,no,False
8fff3d73-be3c-4bfe-93ca-306dbfd4879a,NOT_RELEVANT,none,high,"sore throat, possible tonsillitis",no,False
003f74cf-8913-4a42-a4c0-f463165f8da5,NOT_RELEVANT,none,high,herpes stomatitis antiviral prophylaxis,no,False
d71e6afa-1ae1-436e-817f-afc087770aea,NOT_RELEVANT,none,high,hypertension medication management,no,False
2b2b9242-1fce-4e8f-ad04-3f5f8b8cf453,NOT_RELEVANT,none,high,"UTI prevention, cranberry supplements",no,False
193b6712-cf68-486d-ad34-7a855230995d,NOT_RELEVANT,none,high,"rabies worry after dog scratch, somatic",no,False
5d21c0aa-fb55-473f-9007-28a8034055f6,NOT_RELEVANT,none,high,headache telemedicine documentation,no,False
f6c88396-4302-459f-b752-6b0a8d9ef36d,NOT_RELEVANT,none,high,"IVF hormones, ultrasound comparison",no,False
adbb1db8-5f20-486f-ad56-2b5c39b68013,NOT_RELEVANT,none,high,pediatric peanut anaphylaxis emergency,no,False
f7d9f731-c2ee-40ff-8a47-3496323b0d65,RELEVANT,suicidality_self_harm,high,"severe depression with suicidal thoughts, no psychiatrist available",yes,False
120b12cb-82d9-42f9-958f-db6add140ab5,NOT_RELEVANT,none,high,armpit lumps documentation and ICD-10,no,False
0a0ac11e-68bf-47ce-999e-ec08f56d8d0d,NOT_RELEVANT,none,high,diabetic foot ulcer care email,no,False
9758b337-0247-4e2d-9291-d916fdd0ee83,NOT_RELEVANT,none,high,"post-viral illness vignette, no MH content",no,False
e88529c1-caac-41a7-99ef-23f408b09f8b,NOT_RELEVANT,none,high,"stroke recovery, aspirin dosing, diet",no,False
6494857d-994a-49a6-8e7b-1cae46203e8c,NOT_RELEVANT,none,high,colon cancer screening intervals,no,False
dfa454ca-b978-4267-8f5d-5ac5e582d239,NOT_RELEVANT,none,high,travel vaccine and malaria prophylaxis,no,False
2cc010aa-9834-4fc8-af96-41ed196cbfc6,BORDERLINE,sleep,medium,"nighttime waking, worried about insomnia, no psychological framing",yes,False
82559852-a6f4-4423-b871-3aa554ab7492,NOT_RELEVANT,none,high,rheumatoid arthritis symptom tracking,no,False
d3581d75-8350-4081-8dd7-52923e5bb5f3,NOT_RELEVANT,none,high,tachycardia differential diagnosis,no,False
5702b12f-369b-4a80-ad04-1e67bb27b8cb,NOT_RELEVANT,none,high,pleural effusion CT interpretation,no,False
06c2ec0d-47f3-4dd9-903c-405b3dc415d1,NOT_RELEVANT,none,medium,"fear of recurrent postpartum hemorrhage, physical not mood",no,False
2fd9c20c-e644-4ab1-8c59-786f49779540,RELEVANT,neurodevelopmental_adhd,high,"ADHD stimulant medication, accessing without prescription",yes,False
24cde02a-012d-444c-8ac8-54170d035af2,NOT_RELEVANT,none,high,yoga for chronic back pain,no,False
5622b7f1-2783-4349-9014-2c2e6cb2fba0,NOT_RELEVANT,none,high,"dizziness and blurry vision, somatic",no,False
2d7d8caf-1148-4504-961a-5d6fc9f79639,BORDERLINE,perinatal_mh,medium,"three weeks postpartum feeling off, possible perinatal mood concern",yes,False
2b7b7bee-d10e-428a-a20b-94731b215251,NOT_RELEVANT,none,high,tPA dosing for acute ischemic stroke,no,False
68b69582-3d26-404e-b00a-e9e64c526c24,NOT_RELEVANT,none,high,migraine versus tension headache symptoms,no,False
9b2bbe53-27d1-4728-bfb5-82026e6d3e3a,NOT_RELEVANT,none,high,"arm lumps cancer concern, somatic",no,False
ba6394ca-4677-4bea-8a2a-9404ad8f6d60,NOT_RELEVANT,none,high,rheumatology referral letter drafting,no,False
6ef8e6cc-b611-41ba-90f8-e62f786f1235,NOT_RELEVANT,none,high,iodine dosage in pregnancy,no,False
baca0235-86b4-4ddd-a3f3-fad6041fe96a,NOT_RELEVANT,none,high,"muscle cramps, diet and exercise advice",no,False
042da919-e25c-4ff1-84a7-27828ad3ba29,NOT_RELEVANT,none,high,ECG bundle branch delay interpretation,no,False
bdb4cb0c-b7ed-4a54-a759-702f5078644e,NOT_RELEVANT,none,high,melanoma sentinel node biopsy note,no,False
4bf3c83d-4676-4883-b043-104f2ada4dbc,NOT_RELEVANT,none,high,acute syncope diagnostic algorithm,no,False
e9f3c108-dbd8-48af-843f-daa46bd201ed,NOT_RELEVANT,none,high,shortness of breath triage decision,no,False
c37aa852-cf8b-470b-a7c2-41a593bb1f35,NOT_RELEVANT,none,high,"testicular descent age, pediatric",no,False
39aa8282-0a7b-46d5-954b-603026e66d45,NOT_RELEVANT,none,high,influenza vaccine mechanism and timing,no,False
1c2d2d7b-f687-4ebb-93db-86fe4f601c25,NOT_RELEVANT,none,high,pediatric renal tubular acidosis management,no,False
c4973112-e523-468a-a747-36f985d45b48,NOT_RELEVANT,none,high,"trauma emergency, head injury first aid",no,False
ea26e002-c0a6-4001-b6d2-5f441c37f93d,BORDERLINE,stress_adjustment,low,"vague exhaustion/burnout framing, unclear if clinical",yes,False
dc5ffe8b-fabb-4de6-8120-ce2d0aa48b2e,BORDERLINE,cognitive_neuro,low,concussion management with anxiety about brain damage overlay,yes,False
46dddc13-6259-4982-ba28-4eb158fedf97,NOT_RELEVANT,none,high,mammogram screening age guidelines,no,False
e02b42d6-760b-4f2a-85df-93114de20a19,NOT_RELEVANT,none,high,travel vaccines for Southeast Asia,no,False
9ba8549a-1244-4894-8cd8-e7521f905d3c,NOT_RELEVANT,none,high,perioperative cardiac risk index explanation,no,False
0f0c8418-4a6d-46b4-b7e3-3e38107bd2aa,NOT_RELEVANT,none,high,"type 1 diabetes, insulin shortage",no,False
b7b61195-8990-4afc-81f3-645c4de6357a,NOT_RELEVANT,none,high,"post-op note completeness, administrative",no,False
666de4b3-74ea-4e45-b171-730d9855389d,NOT_RELEVANT,none,medium,Mental health raised generically then abandoned; final need is blood sugar,no,False
9845c70a-0632-481f-96cb-759cb6d644a4,NOT_RELEVANT,none,high,"Type 1 diabetes insulin management, purely somatic",no,False
18f19f4e-be64-4cff-b6ff-e21e18a6afd1,NOT_RELEVANT,none,high,"Labs, exercises, cough; no mental-health content",no,False
5ef9d8bf-d1ae-43e4-a347-de587f52856b,NOT_RELEVANT,none,high,"Anticoagulation for DVT, somatic",no,False
eecdac7b-81a5-475e-9cb4-56af1c928216,NOT_RELEVANT,none,high,"Back injury and nerve damage concern, somatic",no,False
a131476a-7ed4-44fa-8563-c93b0154e24f,NOT_RELEVANT,none,high,"Persistent cough/valley fever, somatic",no,False
4d5b8793-8743-4a16-bcd5-2ac500c026f5,NOT_RELEVANT,none,high,"Hypothyroidism levothyroxine access, somatic",no,False
0ad91939-24bb-449d-a924-b5a1465d868f,NOT_RELEVANT,none,high,Superficial scratch wound care,no,False
e693abf5-f39d-423a-8240-2c284ace3c87,NOT_RELEVANT,none,high,"Sinus infection antibiotic, somatic",no,False
84f94a29-c83b-48b1-8617-a438a50f60ad,RELEVANT,mood_depression_bipolar,high,Screening for anxiety/depression and mental-health condition categories,yes,False
bd15389d-5920-424f-aa33-cf5dd28852f1,NOT_RELEVANT,none,high,"HIV exposure prophylaxis, somatic",no,False
f96e3e04-cddf-4000-b3d3-2fd68b634e13,NOT_RELEVANT,none,high,"Bug bite swelling, somatic",no,False
153e3b1c-a999-4c74-984d-0f3033cb6e58,NOT_RELEVANT,none,high,"Diabetic foot care, somatic",no,False
5f9328fe-ca2f-4c2d-aabe-2a904bf211ba,NOT_RELEVANT,none,high,"Infant formula choice, no mental health",no,False
4e5c8630-a6af-4e02-a897-16e8aeca21d9,NOT_RELEVANT,none,high,"Sudden chest pain, somatic",no,False
8b796b49-4385-4bd6-a71d-78fc7b71aadd,NOT_RELEVANT,none,high,"Chest pain emergency, cardiac",no,False
0e4fee62-f99c-410f-94f6-86546fd16eea,RELEVANT,mood_depression_bipolar,high,"Depression treatment and stopping psychiatric medication, central",yes,False
d59ed907-ebda-45ca-9bc6-d3f68a10f96a,NOT_RELEVANT,none,high,"Migraine referral letter, administrative/somatic",no,False
8981b768-830c-494e-bb85-336432f8e34d,NOT_RELEVANT,none,high,"Dental prophylaxis antibiotics, somatic",no,False
1e8fb66a-67c5-4c96-bffa-4ab9a8f77db3,NOT_RELEVANT,none,high,"Hair loss treatment, somatic",no,False
8c8d7fbb-a82e-4e47-a64e-cbde4e121615,NOT_RELEVANT,none,high,"Vaccination schedule, somatic",no,False
4d34cd58-8349-4ce4-a9a2-83f13ada199d,NOT_RELEVANT,none,high,Birth control selection; mood changes only incidental side effect,no,False
d755b369-02a9-430f-bb5b-f1f4602082b1,NOT_RELEVANT,none,high,"Menopause hormone therapy safety, somatic",no,False
f82d4b1f-2e2b-4586-b902-85f9814f7bdf,NOT_RELEVANT,none,high,"Fever and sore throat, somatic",no,False
5afaed8e-78c9-4b79-ba27-d8574a1b40d6,NOT_RELEVANT,none,high,"Pulmonary hypertension scleroderma, somatic",no,False
fd86658a-5356-4784-96c1-ad45fd96756b,NOT_RELEVANT,none,medium,"Medical cannabis for fibromyalgia pain, not addiction",no,False
b7c02de0-d2c9-4800-a95d-429bc67baa32,NOT_RELEVANT,none,high,"Breast changes/nipple discharge, somatic",no,False
838ff41d-c7b7-4025-b70c-d63a1ad14be6,NOT_RELEVANT,none,high,"Facial burn airway management, somatic emergency",no,False
d2ac2c42-33a5-452b-b7ee-762af12a104f,NOT_RELEVANT,none,high,"Suspected ectopic pregnancy emergency, somatic",no,False
97721fb8-b6d8-4e2e-a9ea-719783907c6d,NOT_RELEVANT,none,high,"Post liver-resection imaging schedule, somatic",no,False
9427f98f-e33f-493c-bbb1-7603e672d204,BORDERLINE,anxiety,low,Cardiac PVC concern with panic/doom/terror overlay; central need cardiac,yes,False
991c5e25-7aeb-40cb-82ec-6474a1d6fbfc,NOT_RELEVANT,none,high,"Postpartum pelvic-floor physiotherapy, somatic",no,False
0420ca76-1e48-4c56-b718-82bda87ebbdc,NOT_RELEVANT,none,high,"Peptic ulcer dietary factors, GI somatic",no,False
26a5ccae-b420-4d8d-9916-f6bf3f7e685c,NOT_RELEVANT,none,high,"UTI antibiotic choice, somatic",no,False
a8bc70f3-6e34-4bde-9b6f-4e6946c0584b,NOT_RELEVANT,none,high,"Microcytic anemia lab interpretation, somatic",no,False
dffd9b84-fbb4-4809-baf7-dd309c91fdd6,NOT_RELEVANT,none,high,"Vitamin D deficiency, somatic",no,False
3aec8d57-24b4-40e9-8d0d-6692ae24b8e9,NOT_RELEVANT,none,high,"Dialysis scheduling for kidney disease, somatic",no,False
1851e7fb-a53e-45b4-8666-03d248ae2d8f,NOT_RELEVANT,none,medium,"Vague request, no stated mental-health content",no,False
76b40740-ab88-4aec-aa77-3de4a20af938,NOT_RELEVANT,none,high,"Neonatal bilirubin transfusion threshold, somatic",no,False
bfe2641e-1239-4bc2-a508-5425fca3220e,NOT_RELEVANT,none,high,"Headache/migraine OTC medication, somatic",no,False
54befeb1-aa81-4c6e-abef-77783a30d644,NOT_RELEVANT,none,high,"Knee pain after jogging, musculoskeletal",no,False
d378f956-6ccf-46a7-800e-c5f2fed3dec8,NOT_RELEVANT,none,high,"Radiology note review, administrative/somatic",no,False
3b5c46a0-80b8-4a80-8f7d-f92d77f4425f,NOT_RELEVANT,none,high,"Palliative consult note for heart failure, somatic",no,False
50c5ea6d-3d13-4d93-b2cd-1cf27b9a04d5,NOT_RELEVANT,none,high,"Knee documentation error check, musculoskeletal",no,False
facaefe8-e14a-4ae9-9395-21e555ad9eee,NOT_RELEVANT,none,high,"Diabetic hypoglycemia emergency and diet plan, somatic",no,False
01c0ac11-1ecd-4e9a-91a0-08d975fd51c1,NOT_RELEVANT,none,high,"Dental prophylaxis for heart valve, somatic",no,False
451473ed-7a8f-47ac-886c-e1fdd1fc4d7e,NOT_RELEVANT,none,high,"Postpartum vitamins for anemia, somatic",no,False
189d3a27-23dc-46c2-9e67-f1a4ff6366b7,NOT_RELEVANT,none,high,"Rabies prophylaxis dog bite, somatic",no,False
de5fe323-2ea4-4bbb-9bf9-3f0b1312bd37,NOT_RELEVANT,none,high,Shortness of breath on exertion; anxiety only assistant aside,no,False
037cdb42-109a-44f5-90f1-09b731842fb2,NOT_RELEVANT,none,high,"Pediatric refractory epilepsy and ketogenic diet, neurological",no,False
c7e7b7f5-7ef2-408f-83fd-ae00842fdf3a,RELEVANT,stress_adjustment,medium,"job stress, fatigue, fear of mental-health meltdown, risk evaluation",yes,False
781e7387-ed86-45d8-b65f-d853ca202cbe,RELEVANT,perinatal_mh,high,postpartum mania vs postpartum bipolar disorder,yes,False
e3528f8b-e199-42c2-9cbf-8f608e7f155c,NOT_RELEVANT,none,high,"head knock, dizziness, possible concussion; somatic",no,False
f6333d0d-11ed-410a-b305-c2c3136e9671,NOT_RELEVANT,none,high,"fever, muscle aches, suspected dengue; somatic",no,False
7b317ba4-8708-4364-ab08-316038781e3a,NOT_RELEVANT,none,high,"nightly heartburn, acid reflux; somatic",no,False
585ea1bf-84bb-405b-bfff-b272940dfc33,NOT_RELEVANT,none,high,painless neck lumps; somatic,no,False
ae728191-13f4-4451-9284-39ce02f8aaff,NOT_RELEVANT,none,high,"postpartum exercise handout, anemia; wellness",no,False
aa2f5031-b9c4-4e6d-a40d-4c4e3d756263,NOT_RELEVANT,none,high,toddler choking emergency; somatic,no,False
1942deef-8aaa-4584-80e1-293d000b265b,NOT_RELEVANT,none,high,"snoring, obstructive sleep apnea; somatic sleep disorder",no,False
80c87e2f-cdca-4776-a4e1-cac959369a8c,NOT_RELEVANT,none,high,psoriatic arthritis guidelines; somatic,no,False
b05490f6-301a-44fd-8549-bc6230ecea7e,BORDERLINE,anxiety,medium,"tooth pain with panic, overwhelm, sleep loss; health anxiety",yes,False
48742482-45e0-46b8-96c0-9d01cbbbfaa3,NOT_RELEVANT,none,high,lactation visit insurance/scheduling; administrative,no,False
36624c21-75f4-4672-855d-b7b0c516048f,NOT_RELEVANT,none,high,drug-resistant TB combination therapy; somatic,no,False
63b4924b-cdeb-4e94-b82b-958c8d054617,NOT_RELEVANT,none,high,type 1 diabetes insulin travel; somatic,no,False
2654e812-11e0-4908-9e01-09193a740f46,NOT_RELEVANT,none,medium,postpartum visit note; mental-health screening only incidental,no,False
7feabbe6-1cf3-4b4c-bfd9-53df828518cb,NOT_RELEVANT,none,high,tick bite prophylaxis; somatic,no,False
e0a8cb83-67b5-4b87-b7b0-070f4c285426,NOT_RELEVANT,none,high,"autoimmune, rashes, joint pain; somatic",no,False
668009d9-8097-4734-8a95-7da716a24e3d,NOT_RELEVANT,none,high,forearm cut wound care; somatic,no,False
00307537-8ca5-4e21-8209-0c3c40b8df3f,NOT_RELEVANT,none,high,"fever, chills, suspected malaria; somatic",no,False
3594b5d0-7a49-48be-88ff-11aefc486415,NOT_RELEVANT,none,high,ear wax cleaning method; somatic,no,False
a24b9004-6aa7-4736-bfa8-bd985bd42abc,NOT_RELEVANT,none,high,hypothyroidism labs and L-thyroxine; somatic,no,False
c8c033aa-e2ea-421a-8085-141bcc976077,NOT_RELEVANT,none,high,historical TB therapy success rate; informational,no,False
58edd3b3-1fcc-4106-80c7-0c005e7bd9d9,NOT_RELEVANT,none,high,emergency contraception availability; somatic/reproductive,no,False
41ae1b3e-2c3d-46b5-9299-a28a0bec7cbe,NOT_RELEVANT,none,high,insulin storage safety; somatic,no,False
02161fa2-3b58-4cb2-8a49-20aa355040c2,NOT_RELEVANT,none,high,back pain SOAP note; somatic documentation,no,False
5b728d1d-7243-4e20-baab-dbacd82abbbe,NOT_RELEVANT,none,high,ear wax removal at home; somatic,yes,False
e12856bc-d246-4551-8f41-9479990c6eb2,NOT_RELEVANT,none,high,pneumonia admission; somatic,no,False
25a5a05a-4839-4680-8d4f-3b935dbc07a8,NOT_RELEVANT,none,high,hep A/B vaccine schedule workflow; administrative,no,False
c524be50-6442-4743-97b1-25e3b65bd591,NOT_RELEVANT,none,high,"neck stiffness, posture; somatic",no,False
c6979a52-76fe-428d-a4b8-dc7f20a89635,NOT_RELEVANT,none,high,"son epilepsy, dizzy fall; somatic neuro emergency",no,False
f572ce97-89c9-4c3b-99d9-c77904502f7f,NOT_RELEVANT,none,high,pediatric glioma treatment fields; somatic,no,False
61825ab5-91b8-4f51-897a-53d47cbed6e4,BORDERLINE,other_mh,low,hyperbaric chamber for chronic fatigue; possible psychological overlay,yes,False
0b0f9afc-4230-455a-9ee1-03b6c21285d3,NOT_RELEVANT,none,high,quercetin antiviral dosing; somatic/supplement,no,False
7ccdf823-a082-427a-8885-9845648387e4,NOT_RELEVANT,none,high,end-of-life heart failure comfort care; somatic,no,False
1f13075f-6492-460a-b3ef-9ded58e16ee2,NOT_RELEVANT,none,high,worm emerging from foot; somatic parasitic,no,False
8c8a3cc8-2f0d-4fe6-b981-6250de788999,NOT_RELEVANT,none,high,heat stroke cooling protocol; somatic,no,False
26a35546-d212-4113-b297-c1f7302f875d,NOT_RELEVANT,none,high,DKA triage introduction; somatic,no,False
4e99ecea-bbb0-490b-a06a-5de7fa80f8f9,NOT_RELEVANT,none,high,bilateral renal artery stenosis; somatic,no,False
5e9ca31e-c6ba-4d57-b36e-dcb178f77ac0,NOT_RELEVANT,none,high,postpartum mastitis antibiotic resistance; somatic,no,False
64375897-cc91-4bef-b6cd-afff6f15fa7f,NOT_RELEVANT,none,high,routine check-up note completeness; administrative,no,False
5784cd64-ee41-41db-a668-09660308f1d9,NOT_RELEVANT,none,high,mild asthma inhaler brand; somatic,no,False
e895c74f-03a6-49a6-bb8b-0888377db411,NOT_RELEVANT,none,high,"worst-ever migraine, ER question; somatic neuro",no,False
79122101-1588-4b58-9d66-842f3f51ec66,NOT_RELEVANT,none,high,itchy scalp; dermatologic,no,False
271f1a27-83c8-4179-a11a-cccc881499d1,BORDERLINE,anxiety,medium,"shortness of breath, asthma vs panic attacks differential",yes,False
e3a62235-c7d3-4d41-b660-91cd2c9b6521,NOT_RELEVANT,none,high,"diarrhea, weight loss, malabsorption; somatic",no,False
fefbbd3c-2e0c-44a5-bfa8-ea367e61389e,NOT_RELEVANT,none,high,"nerve conduction study, peroneal nerve; somatic neuro",no,False
51fa1107-746d-4c7a-a526-f5a36674ad53,NOT_RELEVANT,none,high,hand hygiene compliance plan; administrative,no,False
adffd185-3419-45f2-a41f-5e8717afeb23,NOT_RELEVANT,none,high,"right-sided headache, migraine, crystals; somatic neuro",no,False
5b33e423-9370-4250-a27b-74500d13c88a,NOT_RELEVANT,none,high,intermittent chest pain; somatic,no,False
910380cd-ef2f-47e9-be39-6b496211a3a6,RELEVANT,anxiety,high,"severe anxiety, seeking best anxiety medication, no prior therapy",yes,False
ea24d1c5-e484-4176-a761-4fded3f963b6,NOT_RELEVANT,none,high,"Pediatric dehydration management, purely somatic",no,False
796ab80d-12bd-40d2-b0e3-3c5ae5d172b8,NOT_RELEVANT,none,high,"Blood pressure medication management, somatic",no,False
8169574b-6871-4302-9c53-7f10e22137f5,NOT_RELEVANT,none,high,"Orthodontic braces timing, somatic",no,False
b5b8f902-934b-461a-a338-9d049b5db573,NOT_RELEVANT,none,high,"Pneumonia triage and antibiotics, somatic",no,False
0b0ba53c-1b04-412d-9294-e729fcd3701f,NOT_RELEVANT,none,high,"Breast cancer staging, oncology",no,False
714111fa-9fa9-4790-be05-2e3c80cb3060,NOT_RELEVANT,none,high,"Emergency contraception dosing, somatic",no,False
767f1620-f1da-4bc2-b03c-9f4531aa1cd4,NOT_RELEVANT,none,high,"TAVR cardiac procedure, somatic",no,False
b892d7df-d48e-4c1d-8eda-4d53cbc910f2,NOT_RELEVANT,none,high,"Statin for cholesterol, somatic",no,False
7afae459-9806-4271-943a-6f2181a9de3f,NOT_RELEVANT,none,high,"Postpartum checkup count, administrative somatic",no,False
bc505f3a-9afc-4671-a088-973d7a22ae81,NOT_RELEVANT,none,high,"Dizziness HPI rewrite, somatic triage",no,False
38288a62-1e2a-4571-9382-2231773745a4,NOT_RELEVANT,none,high,"COVID test kit translation, informational",no,False
d9c3f78f-c3ef-4786-93ef-25f0bbac8840,BORDERLINE,anxiety,medium,"Eyelid twitch with intense health-anxiety, can't sleep worrying",yes,False
accca878-b18f-4b97-bcbc-24f42bb63cfb,NOT_RELEVANT,none,high,"Chest tightness, somatic cardiac concern",no,False
f1ed2913-abfa-4b9b-8d64-069430ca5db0,NOT_RELEVANT,none,high,"Anticoagulant-vitamin interaction letter, somatic",no,False
0e5a4191-d3aa-457f-be0f-337c69b5ca1a,NOT_RELEVANT,none,high,"Honey/cinnamon for joint soreness, wellness",yes,False
d75726fd-c60a-4810-a8de-3d73fcc66ea5,NOT_RELEVANT,none,high,"ED triage scales training, administrative",no,False
d714d296-f2de-4067-8891-c170bf877dea,NOT_RELEVANT,none,high,"Water intoxication hydration, somatic",yes,False
63102a22-c1f3-471e-a8f2-00136e600183,NOT_RELEVANT,none,high,"Vocal strain and voice care, somatic ENT",no,False
3be92d77-dae7-45e5-86c5-54b705ab6fc8,NOT_RELEVANT,none,high,"CRISPR for congenital heart defects, somatic",no,False
fdcec59d-466b-436c-9874-4892d4922f3f,NOT_RELEVANT,none,high,"Post-gallbladder diet, somatic GI",no,False
dedb5dd1-35b4-46be-9764-a160ac5829a9,NOT_RELEVANT,none,high,"Blood pressure management, somatic",no,False
2f06b4f4-87ca-4dc4-bea2-0bf197321e26,NOT_RELEVANT,none,high,"Homeopathy for cold, somatic",no,False
45da8da3-b704-4568-adf5-f935807274bb,BORDERLINE,sleep,medium,"Trouble sleeping with shift work, no psychological framing",yes,False
72d37c51-05fd-4db7-9c88-aa1b93be8254,NOT_RELEVANT,none,high,"Asthma inhaler technique, somatic",no,False
be957d74-ea65-4500-9f27-85e4cd0c9e1c,NOT_RELEVANT,none,high,"Celiac gluten discomfort, somatic GI",no,False
a9daf17a-00d7-407f-8a79-5d662fdd318c,NOT_RELEVANT,none,high,"Heartburn antacids, somatic GI",no,False
a1a15412-d5b0-4c97-bd10-88a9b9495405,BORDERLINE,cognitive_neuro,low,"Terminal delirium sedation, neuropsychiatric-adjacent palliative care",yes,False
21c034e6-6ace-41fe-8050-b6ee3cabb7fd,NOT_RELEVANT,none,high,"High cholesterol, somatic",no,False
44180f61-5223-4a93-ad05-2dde8d242b5c,NOT_RELEVANT,none,high,"EMF wearable devices health claims, wellness",no,False
3f25fc8e-f04d-4620-b167-02e4e3570ec8,NOT_RELEVANT,none,high,"Chest bruise from bike crash, somatic injury",no,False
b06b2d51-b924-4a46-96fb-5d54399f05bb,NOT_RELEVANT,none,high,"Diabetic foot care, somatic",no,False
73f1c238-07a3-4371-93b7-cd9ded41913f,NOT_RELEVANT,none,high,"Chest pain assessment rural clinic, somatic cardiac",no,False
7eb3c617-5fdb-448a-979d-07aebf239fb1,NOT_RELEVANT,none,high,"Head bump first aid, somatic injury",no,False
89a04e4a-f514-420a-beab-8b556d4d92b3,NOT_RELEVANT,none,high,"Postpartum herbal soak, infection worry, somatic",no,False
b7d0c469-88ab-432c-8d6e-c03e7547b7f0,BORDERLINE,substance_use,low,"Naloxone dosing for opioid overdose, overdose reversal",yes,False
3ec2d035-e7f8-40de-aedc-950b0c32cce3,NOT_RELEVANT,none,high,"Hypertension guidelines elderly, somatic",no,False
9808691a-bee1-4bb0-9e1b-efaf4f95b6b0,NOT_RELEVANT,none,high,"Allergic reaction to pill, somatic emergency",no,False
bf5dbd78-eea8-476c-9b87-d43db9684b24,RELEVANT,perinatal_mh,high,"Severe postpartum depression workup, central concern",yes,False
564a1f97-b8ff-4c10-859c-1dac2e46b109,BORDERLINE,sleep,medium,"Insomnia, waking at night, no psychological framing",yes,False
2039fff5-f482-47a4-b221-df15a544a760,NOT_RELEVANT,none,high,"Colon cancer herbal-only treatment, oncology",no,False
c17eaeb4-c90b-4eef-8dc9-7320b70d8c27,NOT_RELEVANT,none,high,"Yellow fever virus classification, infectious disease",no,False
6e737d4d-694d-4d28-874b-882860277309,NOT_RELEVANT,none,high,"Newborn metabolic screening, somatic",no,False
adcb80dd-5b93-4ca8-ba3c-dc6b6343efa2,NOT_RELEVANT,none,high,"Psoriasis biologic therapy translation, dermatology",no,False
0b492dcb-1bf0-49bd-a9d8-b33316e54fd2,RELEVANT,perinatal_mh,high,"Postpartum depression therapy options, feeling down, care-seeking",yes,False
92acf7ce-9b3a-405d-bf52-67030e5c618e,NOT_RELEVANT,none,high,"Strep throat antibiotics, somatic",no,False
d2cbe136-0f37-4560-acbe-84356e977085,NOT_RELEVANT,none,high,"Defibrillator malfunction, somatic emergency",no,False
f3949b3b-1759-498e-84c6-5c4e94a96aa6,NOT_RELEVANT,none,high,Somatic sore-throat triage and grammar edit; no mental-health component.,no,False
71538b74-d99b-4f09-bf57-929440290163,NOT_RELEVANT,none,high,"Epilepsy daily care, neurological",no,False
2155ffff-19e2-4656-b4b5-bbb10f107c67,NOT_RELEVANT,none,high,"Diabetes foot blister, somatic",no,False
0afb1d90-266d-4fc2-942c-8d95a337e732,NOT_RELEVANT,none,high,"Lab results note, foot infection, administrative",no,False
aafa9022-8644-400c-b06d-5a67b79ad590,NOT_RELEVANT,none,high,"Ear wax/stuffiness, purely ENT somatic complaint",no,False
52713106-dadc-48ac-8506-1be5bda0ed0f,NOT_RELEVANT,none,high,"Daily step fitness standard, general wellness",no,False
dbc1c924-1d94-41d8-b164-4c72531be7ce,NOT_RELEVANT,none,high,"Adult vaccination schedule, informational",no,False
1b60e34c-b61a-4a2b-85d4-c444508a0f1e,NOT_RELEVANT,none,high,"Immunization timing for practice, informational",no,False
51cc5c43-dc4f-41d6-acf0-73a8db8a1221,NOT_RELEVANT,none,high,"Bowel changes, blood in stool, GI somatic",no,False
3d6d4949-8d91-4be8-9f37-29785e915ffc,NOT_RELEVANT,none,high,"MRSA pre-surgery testing, infectious somatic",no,False
131d4b33-caad-4b22-a104-2b49391e4406,NOT_RELEVANT,none,high,"Small fingertip burn, somatic first aid",no,False
a92eefc7-4782-4ff9-b162-09a0373d1523,NOT_RELEVANT,none,high,"Temperature reading, somatic",no,False
b0c122ca-19bd-4abe-936c-d9e22ef5bbab,NOT_RELEVANT,none,high,"Handwashing for cold/flu prevention, wellness",no,False
020e6157-a8fd-4b06-bd5b-be92bd8db61d,NOT_RELEVANT,none,high,"YEARS vs Wells PE risk scores, somatic",no,False
3d0b6036-d0f6-4e65-b304-9a2322731893,NOT_RELEVANT,none,high,"Chronic hepatitis B management, somatic",no,False
7c6fd143-6a91-4e15-b1a6-915b15e1e3be,NOT_RELEVANT,none,high,"Hypertension medication refill, somatic",no,False
e46e605d-ac31-48d4-8213-c6f3ef798e55,RELEVANT,perinatal_mh,high,"Postpartum depression, citalopram adjustment, therapy",yes,False
73f12b02-e055-4272-b6f8-4d52b2636716,NOT_RELEVANT,none,high,"Coffee and blood pressure, somatic",no,False
3d3ab383-49ee-4054-b8ca-1f6f5c0dd69f,NOT_RELEVANT,none,high,"Homebirth clinic guidelines, obstetric",no,False
b61cf147-9e7d-4812-bf83-5ee5ca18240a,RELEVANT,perinatal_mh,high,Perinatal depression/anxiety screening guidelines text,yes,False
8e74080f-d760-4534-8b24-c066416d94a7,BORDERLINE,psychotherapy_access,low,"Therapy session note formatting, minimal stress content",yes,False
81d34da4-0696-4dd7-afc7-932293c0507f,NOT_RELEVANT,none,high,"Triptans for migraines, neuro somatic",yes,False
06197faf-d2a4-4542-9070-c3e4f5d5e10f,NOT_RELEVANT,none,high,"Anaphylaxis emergency, somatic",no,False
2ccaa743-06b6-4ef9-b4f2-d4cc03c18f82,RELEVANT,mood_depression_bipolar,high,"Treatment-resistant depression, microdosing, mania concern",yes,False
806e2346-b935-42c9-b320-0272bdddbcc1,NOT_RELEVANT,none,medium,"Vague pain complaint, somatic",no,False
d546badf-e07b-44a1-bb32-373f263d7458,RELEVANT,substance_use,medium,"Addiction consult/detox note, behavioral health",yes,False
cc0d2a7f-4989-44d7-981c-94568a82e1e2,NOT_RELEVANT,none,high,"Gestational diabetes diet, somatic",no,False
37b1e729-949d-49a3-909f-cf94428a20bf,NOT_RELEVANT,none,high,"Neck tumor bleeding, oncology emergency",no,False
48dfad12-3855-401a-8c70-af92a1df66b9,NOT_RELEVANT,none,high,"Microcytic anemia workup imaging, somatic",yes,False
61c51077-efb8-4f8f-8188-7b3784db613f,NOT_RELEVANT,none,high,"Peanut anaphylaxis emergency, somatic",no,False
169b57a7-d4bc-47c7-89b3-0a5b42be03a1,NOT_RELEVANT,none,high,"Recurrent ear infections, somatic ENT",no,False
30a8cf7e-3710-4f70-b128-2801a29fe813,NOT_RELEVANT,none,medium,"Shaking hands, Huntington's worry, motor neuro",no,False
3d6c6016-d082-46e0-abad-d89be4f79489,NOT_RELEVANT,none,high,"Rapid clinical questions, all somatic",no,False
e90ae78c-e895-49f8-8030-c71b540239f2,NOT_RELEVANT,none,high,"Knee injury sports referral, ortho",no,False
b145aecc-181f-49ac-bf65-334288530726,NOT_RELEVANT,none,high,"Antibiotic-resistant infection therapy, somatic",no,False
afc4659c-9036-47d2-9ef2-48b4117cb750,BORDERLINE,sleep,medium,Insomnia sleep hygiene without explicit psychological framing,yes,False
05d9e77d-20f1-4bb8-a572-276348cf4815,NOT_RELEVANT,none,high,"Chest pain HPI documentation, cardiac somatic",no,False
b8d197a7-6ae6-4b43-b4cf-b9eacabd72e6,NOT_RELEVANT,none,high,"Cardiac arrest CPR emergency, somatic",no,False
4de47bc0-9286-4117-ab3f-7cadf09ec5d5,RELEVANT,neurodevelopmental_adhd,medium,"HBOT efficacy for autism, neurodevelopmental",yes,False
a8a8c765-211d-4ff4-98b3-262464a87db4,NOT_RELEVANT,none,medium,"Daily eye observations, somatic/vague",no,False
d857c073-f75f-4290-a74b-c14c85e0621a,NOT_RELEVANT,none,high,"Pseudocholinesterase sedation text, anesthesia somatic",no,False
1b4b346a-cd7d-4374-b0ab-df3538c9ace7,NOT_RELEVANT,none,high,"Tinnitus cure, ENT somatic",no,False
85da38cd-f9f5-4653-af74-285383d1877f,NOT_RELEVANT,none,high,"Wrist sprain vs tendonitis, ortho",no,False
b9d8d38a-0731-401f-bf19-d780190a56b0,NOT_RELEVANT,none,high,"Childhood vaccination dates, informational",no,False
22021f8c-bad9-41fa-95e8-e4319e53a875,NOT_RELEVANT,none,high,"Sudden hearing loss, ENT somatic",no,False
736af113-c7ff-41ae-a095-e732a1946d5c,NOT_RELEVANT,none,high,"Stable COPD dyspnea, somatic",no,False
e3a34268-9d56-421e-b516-4b6d145befeb,NOT_RELEVANT,none,high,"Coffee enemas for constipation, GI somatic",no,False
bb544b16-f646-431d-bec9-6b57269b35d4,RELEVANT,other_mh,medium,Explicit mental health follow-up patient,yes,False
8d4af444-537a-48c3-bc9e-b80e0e41ac85,NOT_RELEVANT,none,high,"Photophobic headache, migraine neuro somatic",no,False
a9ad2346-1835-440e-a420-5960ee9dbd6d,NOT_RELEVANT,none,high,"Crimean-Congo fever prevention, infectious",no,False
49983ff0-eb5c-4c2c-b582-dd125717cb39,NOT_RELEVANT,none,high,"Stroke motor rehab Fugl-Meyer, neuro rehab",no,False
07e06d12-358f-483d-b8ce-eb05f6622c5c,NOT_RELEVANT,none,high,"Skin cyst removal, lidocaine, surgical somatic",no,False
240d15bf-48f3-48c6-b7f3-edbe9ab0574b,NOT_RELEVANT,none,high,"Bike head trauma assessment, neuro somatic",no,False
f1c136fd-b8a2-440d-8e1d-61bd802ed5d5,RELEVANT,neurodevelopmental_adhd,medium,"HBOT for autism speech delays, neurodevelopmental",yes,False
998a7086-64a4-4de9-a499-be67afe99673,NOT_RELEVANT,none,high,Dry eyes from screen use; ophthalmologic,no,False
6163ab48-b151-4519-b8c0-c5c341183922,NOT_RELEVANT,none,medium,"Vaginal dryness; sleep/stress only incidental, mood not central",yes,False
19ee1ae4-7915-48ef-97dd-8267f66f090d,NOT_RELEVANT,none,high,"Trauma emergency, no mental-health component",no,False
6bf2b2cb-dc41-43da-ab1c-8c983d32da5e,NOT_RELEVANT,none,high,Brain aneurysm warning signs; somatic neuro,no,False
90a127ff-db1f-4abf-997a-8d8e6721fddc,NOT_RELEVANT,none,high,Lyme disease/tick concern; somatic,no,False
a3c6af8b-5174-4cca-bfa5-126dd0e69c74,NOT_RELEVANT,none,high,Breast milk storage; no mental health,no,False
8afad9e4-e382-4e61-9b46-6059aadb62af,NOT_RELEVANT,none,high,Temperature measurement method; somatic,no,False
352082a2-0a91-4712-956d-5e2512214897,NOT_RELEVANT,none,high,Diabetic peripheral neuropathy treatment; somatic,no,False
edaff294-9c0a-409b-9356-50791d884a8e,NOT_RELEVANT,none,medium,"Beta-blocker/amphetamine cardiovascular interaction, not psychiatric focus",no,False
a7014ba7-dff8-41f8-9f51-8c39be0cdfd4,NOT_RELEVANT,none,high,Infant colic; stress only incidental,no,False
606502f4-6411-4379-bcf9-7ae8cd496060,NOT_RELEVANT,none,high,Stomach pain; somatic,no,False
e2ab83b6-3bda-4150-a581-c8010623baa0,NOT_RELEVANT,none,high,Psoriatic arthritis biologics summary; somatic,no,False
fbd2423e-5cad-4c5a-a3c8-5a398c6c2b51,BORDERLINE,stress_adjustment,low,"Exhaustion/fatigue, possible psychological overlay, no framing",yes,False
0d2092e6-586f-4b34-8855-2fd0e792cf81,NOT_RELEVANT,none,high,Oral hygiene/flossing; dental,no,False
e5eb77c0-7871-417c-8aca-74e1aa5f0f03,NOT_RELEVANT,none,high,DASH diet hypertension; somatic nutrition,no,False
167fa991-6746-4277-8dd7-b7f3168ef5d3,BORDERLINE,stress_adjustment,low,Terminal cancer fear; emotional distress entangled with prognosis,yes,False
89a7f532-3f42-464f-adda-f86b5b7b4081,NOT_RELEVANT,none,high,Pituitary apoplexy surgery note; neurosurgical,no,False
e00e7dda-52d2-4113-8876-6c6e1132e19b,NOT_RELEVANT,none,high,Open fracture emergency; somatic,no,False
d5d3581c-bdff-4f14-934d-a9cbb8a4f972,NOT_RELEVANT,none,high,eGFR kidney lab; 'borderline' in lab sense,no,False
5f539a2c-85f4-4cc9-8790-e1b23d950954,NOT_RELEVANT,none,high,Orthopedic trauma progress note; somatic,no,False
b172768c-9963-4bc8-8f4c-fc0870742670,NOT_RELEVANT,none,high,Seat belt/car seat safety; no mental health,no,False
c581aefa-57fa-4ab1-bdc7-14656294f84b,NOT_RELEVANT,none,high,Migraine medication dosage message; somatic,no,False
16576d7c-5ff3-4b58-a843-f6540c46b358,NOT_RELEVANT,none,high,Foot blister home care; somatic,no,False
cbc0846c-d07d-484b-8585-b73836619933,NOT_RELEVANT,none,high,Pressure sore prevention; somatic,no,False
4f7a2755-1a95-4b14-b1df-14799ef4741a,NOT_RELEVANT,none,high,Minor finger burn care; somatic,no,False
03b720ba-748a-4f30-a475-3a28e4815916,NOT_RELEVANT,none,medium,Postpartum vitamin/iron and fatigue; nutritional not mental health,no,False
6d7811ff-e658-4491-80b7-3cda9f6f839c,NOT_RELEVANT,none,high,Toddler low fever management; somatic,no,False
78b73864-82df-4051-b680-556eed801a5f,BORDERLINE,sleep,low,"Post-lunch fatigue/sleep, mild self-doubt overlay, not clinical",yes,False
7f1f6816-7609-47e5-8511-0e145f4eed84,NOT_RELEVANT,none,high,Rabies prophylaxis after dog scratch; somatic,no,False
83458f3a-d9bc-4585-8c4a-489a6ecaea9e,NOT_RELEVANT,none,high,Exertional chest discomfort/dyspnea; cardiac,no,False
07449fb0-f45e-49af-bc55-b30fdc2fd826,NOT_RELEVANT,none,high,Keto diet with hypothyroidism; somatic,no,False
e5680fe4-b286-42d4-b3bb-de3bf7bf095d,RELEVANT,perinatal_mh,high,Postpartum depression treatments and crying after baby,yes,False
3047aeda-940f-4d5d-9b9d-31f5552581c2,NOT_RELEVANT,none,high,Meningococcal vaccine timing; somatic,no,False
ead8269b-c558-4265-bc88-fbd5ac735eea,NOT_RELEVANT,none,high,Sudden slurred speech/drooling; stroke emergency,no,False
9e74dfba-db66-4fad-b08c-2795fc8e1143,NOT_RELEVANT,none,high,Postpartum hair shedding; dermatologic,no,False
cc8b7d9d-051e-4f9b-b78c-e8da525540ee,BORDERLINE,stress_adjustment,low,"Chest twinges; user repeatedly asks if stress-related, cardiac central",yes,False
a57b0465-2a1a-4bb4-a592-fe05d2261eb1,NOT_RELEVANT,none,high,HIV herbal supplement; somatic,no,False
d5582293-9cd6-4ee5-ab17-1620f5d0eec8,RELEVANT,psychiatric_medication,high,Clozapine continuation with neutropenia; antipsychotic monitoring,yes,False
21c72149-fb97-41a0-89a7-f6a66b0533b4,NOT_RELEVANT,none,high,Headache then prostate cancer suspicion; somatic,no,False
429a5f2e-50bc-494b-b050-1752bdf39581,RELEVANT,anxiety,high,"Panic attacks, wants coping suggestions",yes,False
a138e521-1dce-46a9-a8d1-0e3b34c071e9,NOT_RELEVANT,none,high,Diabetic retinopathy steroid implant; ophthalmologic,no,False
c7300ce4-f05a-4e04-8d0c-18aebeb4f912,NOT_RELEVANT,none,high,Postpartum pelvic floor therapy; somatic,no,False
6b1b3b91-72bf-4cfc-a4fb-e9be6ea7a380,NOT_RELEVANT,none,high,TB case report layout; infectious disease,no,False
597a3e2c-b1fe-4ad3-bd8e-2b06f93e0e51,NOT_RELEVANT,none,high,Weight loss pills; no mental health,no,False
95c6bf54-531e-4a22-a720-a4f8dabc4929,NOT_RELEVANT,none,high,Infant formula feeding amount; somatic,no,False
8d971079-9879-42f7-9722-981a0384c1b6,NOT_RELEVANT,none,high,"Morning headaches, sleep apnea, cough; somatic",no,False
2b9df31f-5fe6-4b94-b557-c7b76105f427,NOT_RELEVANT,none,high,Cirrhosis note; confusion is hepatic encephalopathy,no,False
9fb8e404-4192-43b6-859e-8537b15fcd31,NOT_RELEVANT,none,high,Minor finger burn care; somatic,no,False
570a73b2-a0e3-4193-9552-034c3df152bc,NOT_RELEVANT,none,medium,Unspecified pills dosing; no psychiatric content,no,False
2fdc0b99-4a5d-4c78-a1a9-7a187fc2a946,BORDERLINE,psychotherapy_access,low,Mental-health clinic labs context; informational/admin task,yes,False
db3d5b2d-1b83-4737-824c-a9be94167b37,RELEVANT,perinatal_mh,high,Diagnosed postpartum anxiety,yes,False
9db3f6af-1972-4923-9a8b-44a213d54552,BORDERLINE,cognitive_neuro,medium,"Acute confusion/delirium on dementia, neuropsychiatric",yes,False
f5e1bc4b-a914-4fcc-9348-dd56b9976ab4,NOT_RELEVANT,none,high,"Hemoptysis worry, purely somatic",no,False
e01adac7-c1ac-4a71-a8d2-70443a8762b8,NOT_RELEVANT,none,high,"Newborn jaundice, somatic",no,False
cd475c0b-209a-4bc3-bc58-48c3f900bca5,NOT_RELEVANT,none,high,"Potassium EHR alert, somatic informatics",no,False
e5593a16-483a-492e-9e73-c5b7e0ad4715,NOT_RELEVANT,none,high,"Exercise routine and arthritis meds, wellness",no,False
41ac9bda-fd09-4a7b-86b7-66fac6ce8427,BORDERLINE,sleep,medium,"Sleep trouble and fatigue, no psychological framing",yes,False
906d4c48-1e9a-45de-9c4a-36cee516f967,NOT_RELEVANT,none,high,"Chemo encounter summary, somatic",no,False
fcbae36a-fa2e-4905-885a-047db4cf6ff6,NOT_RELEVANT,none,high,"Knee osteoarthritis guidelines, orthopedic",no,False
3f2522ff-f4d6-454f-a948-b38e84c73546,NOT_RELEVANT,none,high,"Skincare, acne, cosmetic",no,False
7f59d976-6a30-4527-b390-882a5eec2b10,NOT_RELEVANT,none,high,"Migraine nerve decompression, neurological/somatic",yes,False
f1e6f4ba-ec6f-46b3-8cf0-13e9f0f6140c,NOT_RELEVANT,none,high,"Dialysis billing, administrative",no,False
73c80f44-19a1-49d1-abf1-d00c7a7336d7,NOT_RELEVANT,none,high,"Rheumatoid arthritis prior auth, somatic",no,False
6428aac6-265a-49ea-8a44-4da9878b2e54,BORDERLINE,substance_use,low,"Vaping risk, framed as lung health not addiction",yes,False
f9bcb315-32b7-4b12-be0e-0851a932e427,NOT_RELEVANT,none,high,"Cancer pain opioids, palliative somatic",no,False
afbe365c-cea1-48e8-960a-7722eb4d2d99,NOT_RELEVANT,none,high,"Intraocular lenses, ophthalmology",no,False
2ae9c374-fb05-419a-aadd-e7497d4f4f2d,BORDERLINE,cognitive_neuro,low,Note rewrite mentions borderline memory issues,yes,False
4d6de210-8926-491b-9e1b-0d3c6012ca6f,NOT_RELEVANT,none,high,"No content, just demographics",no,False
38f9f2a0-271b-46bb-b2b2-8125fdb034ff,BORDERLINE,sleep,medium,"Sleep aid for insomnia, no psychological framing",yes,False
913877e4-cb48-4cd7-a976-3b494e756bb5,NOT_RELEVANT,none,high,"ALS neural interface, neurological",no,False
0c5bf8dd-b5c5-4d49-ba7b-93f0fa9e2ee5,NOT_RELEVANT,none,high,"Heartburn from pizza, GI",no,False
0b4950a2-c090-4510-b0ca-9d3f8c5548de,NOT_RELEVANT,none,high,"Degenerative disc stem cells, spine",no,False
e6011303-9f0e-475f-a352-a1a069da570b,NOT_RELEVANT,none,high,Minor finger cut wound care,no,False
b96dd851-a3cc-44e1-84c6-523c00803269,NOT_RELEVANT,none,high,"Diet and leukemia relapse, oncology nutrition",no,False
2fd5fba2-300b-4163-8052-3f6fddbcede1,NOT_RELEVANT,none,high,"Gestational diabetes management, somatic",no,False
6792cf6a-040c-456e-952a-8f88dc2620b8,NOT_RELEVANT,none,medium,"Cholera outbreak fear, infectious-risk worry not psychological",no,False
fc622efb-3c0a-4bc5-9a5f-5fe4ce3767b4,NOT_RELEVANT,none,high,"Aspirin stroke prevention, cardiovascular",no,False
f2f42e3d-c6bd-4339-9cbf-23ed33badaa6,NOT_RELEVANT,none,high,"Home exercises and weight loss, fitness",no,False
3dc7f91c-765a-4366-b3f7-d84c3a0d54ec,NOT_RELEVANT,none,high,"Blackfly bites, river blindness, infectious",no,False
b49cfa79-7155-4c5d-a6e8-344205d33828,NOT_RELEVANT,none,high,"Antibiotic resistant infection, somatic",no,False
202f197a-05f8-4a44-8aa5-12ffca164871,RELEVANT,mood_depression_bipolar,high,"Father severe depression considering euthanasia, evaluation rules",yes,False
b3d9204d-4369-4082-8da4-8cf97d7358c7,NOT_RELEVANT,none,high,"Antihistamine for nasal congestion, somatic",no,False
20c03e3d-5f7a-4c6d-9c0d-9012132d33d2,NOT_RELEVANT,none,high,Leftover chicken food safety,no,False
26bc01e7-d2c3-4731-9126-a3cf862cbd3e,NOT_RELEVANT,none,high,"Diabetic neuropathy cannabis cream, pain",no,False
e6a2fda5-1be7-4e9e-a7ac-50e11b0ca8c2,NOT_RELEVANT,none,high,"Sunburn remedies, dermatologic",no,False
5a1cebcf-96f9-47e5-ae1d-b9fe7cbe109a,NOT_RELEVANT,none,high,"Immunization note age check, administrative",no,False
e9b29f99-eb18-41fb-82c8-63c7c873ebf4,NOT_RELEVANT,none,high,"Yellow fever vaccine travel, somatic",no,False
b61690ab-5102-4e06-ac1d-b24b606a9d51,NOT_RELEVANT,none,high,"Itchy bumps, pest infestation, dermatologic",no,False
dc6707e3-34ca-4a93-a897-e82f33eb6e48,NOT_RELEVANT,none,high,"Bee stings anaphylaxis, emergency somatic",no,False
f431861e-3c12-450a-b74d-1980c491191a,NOT_RELEVANT,none,high,Breakfast nutrition URL,no,False
78da5dee-0a8e-4c95-a9a8-4ffbc8e27025,NOT_RELEVANT,none,high,"HIIT weight loss, fitness",no,False
e69f2802-ec5f-45f9-b68b-73e7abfa2723,NOT_RELEVANT,none,high,"Watery diarrhea workup, GI",no,False
84c21b51-fcba-41a3-9383-ff85fc5845f4,RELEVANT,anxiety,high,"Has anxiety, asking about herbal remedy",yes,False
eed6fd67-04af-4f37-ad85-81d995264310,NOT_RELEVANT,none,high,"Persistent cough, normal x-ray, somatic",no,False
0171f86d-5f40-4215-8a47-4175235f8d8a,NOT_RELEVANT,none,high,"Child stomach pain, early satiety, somatic",no,False
da370727-3f0c-4737-a788-82c76b376e89,NOT_RELEVANT,none,high,"Postpartum pelvic floor exercises, physical",no,False
0132afdf-5be9-408d-bf8f-c06241320e07,NOT_RELEVANT,none,high,"Chest pressure workup, cardiac",no,False
937c95a5-e5d6-46f2-85e1-3eb87dd73fe6,NOT_RELEVANT,none,high,"No content, clinician self-identification only",no,False
4535fec0-e1f1-44b0-b5be-fec24ad73cd3,NOT_RELEVANT,none,high,"Persistent cough, tuberculosis concern, somatic",no,False
fb8fccfc-7b81-4a0e-87aa-b6e46995539b,NOT_RELEVANT,none,high,"B12 deficiency dose, vegan nutrition",no,False
9c942108-b33a-460f-a2ad-2dc1bbe37302,NOT_RELEVANT,none,high,"Pre-op surgical note, purely somatic",no,False
961ff105-58f2-41f8-815b-477563f87248,NOT_RELEVANT,none,high,"Genetic klotho deficiency, no mental-health component",no,False
6748e259-155e-4f51-85e9-78fd8619beb3,NOT_RELEVANT,none,high,"Earwax removal, somatic",no,False
6888187f-5088-4579-881d-7f3f73586c28,RELEVANT,perinatal_mh,high,Postpartum depression study interpretation,yes,False
cad38091-ac40-43eb-b6a4-d5056c154e27,NOT_RELEVANT,none,high,Musculoskeletal stiffness and back pain,no,False
ba3b7f0b-3c9a-4e0a-8602-4dd26d5a3274,NOT_RELEVANT,none,high,Orthodontic braces question,no,False
f74978fb-aeac-4e8a-82ad-c1df27bf0d57,NOT_RELEVANT,none,medium,Chronic knee pain management; opioid regulation not addiction,no,False
39e22025-d2d8-46af-b591-5331b224b217,RELEVANT,eating_disorder,high,"Anorexia nervosa with depression, SSRI timing",yes,False
7854e18e-6e3b-4943-87e3-10e2ae94fad5,NOT_RELEVANT,none,high,Diabetes and heart failure management,no,False
7f28ba4d-1b42-41d8-a311-b086ce8c31d9,NOT_RELEVANT,none,high,"Pelvic inflammatory disease, somatic",no,False
0a3a967c-e708-425b-82cd-2c849f385509,NOT_RELEVANT,none,high,"Ear infection, somatic",no,False
1bbfec86-e327-416a-9845-de86ecb84199,NOT_RELEVANT,none,high,"Colonoscopy result rewording, administrative",no,False
6f4e1e2c-a626-4cbf-b85b-9094130126e9,NOT_RELEVANT,none,high,"Upper-extremity DVT scoring, somatic",no,False
eae05248-5aec-4699-84cc-afca968830cf,BORDERLINE,cognitive_neuro,medium,"Memory worry with anxiety; cognitive presentation, psychological overlay",yes,False
9ffdac07-5961-4317-a42f-b9439abb9c65,NOT_RELEVANT,none,high,"Infant vomiting, metabolic workup",no,False
f5d17e38-6dbc-4e53-a9a9-483dcd423067,NOT_RELEVANT,none,high,"Bruise versus blood clot, somatic",no,False
cccf12a4-9144-489e-83c3-9d4e51e7bd40,NOT_RELEVANT,none,high,"Child fever, flu concern",no,False
553b75c2-8358-4837-820e-663bc7c16340,NOT_RELEVANT,none,high,Pneumonia in limited-resource clinic,no,False
3d66976e-3dbc-407d-9a4c-a35236a5fa25,NOT_RELEVANT,none,high,"Allergy immunotherapy injections, somatic",no,False
b186b02a-5ba3-463b-8c04-13ed89b4ef1e,NOT_RELEVANT,none,high,Enoxaparin anticoagulation bridging,no,False
e17443b7-83fc-4619-bc36-d9c68c154bb3,NOT_RELEVANT,none,high,"Toe numbness, somatic neuropathy",no,False
4aefb312-99f6-4f1a-a1b9-8caedf8a6e17,NOT_RELEVANT,none,medium,"Postpartum night sweats, somatic symptom",no,False
6a4426ca-fe81-4257-bf32-73986865f8f3,RELEVANT,anxiety,high,"Generalized anxiety patient, mindfulness app evidence",yes,False
dfa42342-f1bc-4087-95b2-2626e1a1d1aa,NOT_RELEVANT,none,high,Birth control pill availability,no,False
b1c29c88-297f-4502-98c7-2876e8cadddc,NOT_RELEVANT,none,high,Pneumonia note completeness check,no,False
cc71ec8d-7d9c-4e67-8af4-d57045196bb5,NOT_RELEVANT,none,high,Metformin safety for type 2 diabetes,no,False
7315dbea-9c04-4265-ae83-141950220d47,RELEVANT,psychiatric_medication,medium,Lithium management; mood stabilizer interaction,yes,False
22491a0d-2fcd-48c2-9c4a-33956752302e,NOT_RELEVANT,none,medium,"Journaling for fibromyalgia pain, somatic focus",no,False
ac470100-0201-4bff-8b1f-10b83f038f70,NOT_RELEVANT,none,high,Pneumonia treatment guidelines,no,False
9eb0d1d7-086b-4786-a835-3a99cb7a10fc,NOT_RELEVANT,none,high,Clopidogrel perioperative cessation,yes,False
e43b42b4-a83d-4459-b5f0-51b1a491cdcc,NOT_RELEVANT,none,high,Tick bite Lyme disease concern,no,False
0aac8769-4fb1-4224-8c91-0bd411a5fc8d,NOT_RELEVANT,none,high,Melanoma vaccine trial evidence,no,False
a718e170-da6a-4587-b410-d4f5df6fe48a,NOT_RELEVANT,none,high,"Multiple sclerosis numbness, neurological",no,False
5227dfa8-4e34-4a9d-ac02-cefc88d6ef78,NOT_RELEVANT,none,high,BRCA1 genetics counseling class prep,no,False
3299ec8a-3574-4a1f-b19c-a8d4e9318b43,NOT_RELEVANT,none,high,"Infant dehydration note, somatic",no,False
917dc66b-1a87-433d-a2b1-2b66ce35b0cd,NOT_RELEVANT,none,high,"Back pain with urinary retention, somatic emergency",no,False
62d2fa66-2f92-45d0-b5aa-f2f59945c666,NOT_RELEVANT,none,high,"Parasite from water, medication",no,False
fe502ce3-aa6a-49c3-bec1-2890262011ea,RELEVANT,perinatal_mh,high,Postpartum depression treatment efficacy question,yes,False
54f8c0e2-b2ba-4512-9b21-3fd42d00eb26,NOT_RELEVANT,none,high,Glioblastoma chemotherapy dosing,no,False
3053c4c4-dd0e-45d8-ae04-7c71f8eca07d,NOT_RELEVANT,none,high,"Weight loss with limited food, nutrition",no,False
dd5be674-118a-4002-8a16-66baa884f390,NOT_RELEVANT,none,medium,"Postpartum care logistics, not mental health",no,False
7a104dc4-c107-4da1-8c5c-5cea71e338fc,NOT_RELEVANT,none,medium,"Child picky eating, nutrition concern",no,False
ed713c31-f3d8-4bf8-b509-cee33006c11f,NOT_RELEVANT,none,high,"Scoliosis and yoga trapeze, somatic",no,False
d69bf5a4-0318-4f99-9cb8-e3c40651c18e,RELEVANT,mood_depression_bipolar,high,"Major mood swings affecting life, wants medication",yes,False
f9cd9cc3-7439-4832-ab53-fdeb6644050b,BORDERLINE,other_mh,low,Mental-health visit note rewording; administrative with psych content,yes,False
a61bd166-aa1a-429d-9d66-88cf8b0cfb7a,NOT_RELEVANT,none,medium,"Stopping unspecified supplement, not psychiatric",no,False
1b723411-ab7f-4cbd-833d-536940689250,NOT_RELEVANT,none,high,Tick bite Lyme prophylaxis dosing,no,False
a0273088-6aec-42d9-85b2-64720d1edc1a,NOT_RELEVANT,none,high,Otitis media antibiotic guidance,no,False
61b90306-ccb5-42b7-89d2-b58dcf5ba0b9,NOT_RELEVANT,none,high,"Fermented foods for eczema, dermatologic",no,False
fa78ec53-6874-4ced-bf2c-58f3a8b0e2df,NOT_RELEVANT,none,high,"Hypertensive urgency management, cardiac",no,False
0f1f8f4e-36b1-4381-b92b-57df8692d960,RELEVANT,neurodevelopmental_adhd,high,asks whether child's hyperactivity/inattention is ADHD,yes,False
2f54be45-31f1-46db-87ac-473b5f20b7d6,NOT_RELEVANT,none,high,"wound care, debridement, infection control teaching",no,False
cfd44f42-d907-41b4-93a1-a7524976fe76,NOT_RELEVANT,none,high,cosmetic whitening cream question,no,False
70231c39-82c4-4028-a2cc-85537613e4e2,NOT_RELEVANT,none,high,laser vision correction practice guidelines,no,False
d6734413-af6d-4f02-99eb-f62d079b819e,BORDERLINE,anxiety,low,"sudden dyspnea during call, possible panic, somatic framing",yes,False
b004da32-1430-47d3-9886-92ab7493f3e5,NOT_RELEVANT,none,high,"itchy arms, dermatologic",no,False
be2826cf-c601-47b1-bc56-e1df47b28c2c,NOT_RELEVANT,none,high,nasal steroid spray for allergies,no,False
cf72f712-340f-4725-96ff-f1bd0b9a646a,NOT_RELEVANT,none,high,"occasional drinking, milk thistle liver supplement dosing",no,False
fe05a3b3-2bfd-4578-aed5-05ba5d3f4850,NOT_RELEVANT,none,high,"pregnancy nausea, herbal supplement safety",no,False
a6ffb6e0-1baa-4e42-87a0-f85b24e2ff10,NOT_RELEVANT,none,medium,general exercise benefits; mood mentioned incidentally,no,False
b8e3cdd2-8520-4ff9-8108-01a60175c87b,NOT_RELEVANT,none,high,"ear pain, antibiotics question",no,False
fd08f498-96a2-475f-96c1-7a9f00be576c,NOT_RELEVANT,none,high,grammar fix/grading of hospital note,no,False
e7c8b855-6f73-4ff5-8712-806f07230ed2,NOT_RELEVANT,none,high,tension headache relief steps,no,False
ec6fc897-1c48-4a7b-877f-df9493e9aa4f,NOT_RELEVANT,none,high,"teen checkup schedule, administrative",no,False
901d8f81-4a13-40b2-8431-d784b69c8f49,NOT_RELEVANT,none,high,"headache and dizziness, somatic",no,False
1fc832ec-21eb-401f-9beb-6283be52770e,NOT_RELEVANT,none,high,scabies outbreak management,no,False
74f295e4-0b41-43d7-ba39-e7d878ed1dc9,NOT_RELEVANT,none,high,"shaky/sweating/hungry, hypoglycemia symptoms",no,False
1f03deda-bb46-4706-96a1-5603f2bedcdf,NOT_RELEVANT,none,high,"postpartum dyspnea, pulmonary embolism risk",no,False
c30dee7b-0cbc-41a8-8436-49b5ea9065b9,NOT_RELEVANT,none,high,hydration after exercise,no,False
023b34ed-28a7-4f23-b012-8f041b423f6e,NOT_RELEVANT,none,high,altitude sickness remedy,no,False
4e882e0b-3cac-4906-8038-41aecea27904,NOT_RELEVANT,none,high,workout plan for respiratory condition,no,False
c725f47a-344d-475b-a9ce-f194168c9ade,NOT_RELEVANT,none,high,"changing/bleeding mole, dermatologic",no,False
d000b6cd-9e64-4df8-8127-3284fdd49813,NOT_RELEVANT,none,high,chickenpox vaccine travel question,no,False
76a2faf6-f5b0-4657-b566-31580531f2a3,NOT_RELEVANT,none,high,scalp psoriasis treatment,no,False
4b3929a2-3c3b-4021-84df-3f728a09a0eb,NOT_RELEVANT,none,medium,"prediabetes/fatigue worry; somatic focus, anxiety incidental",no,False
e668ec0d-fb4b-4c3c-a2e0-9969863aa869,NOT_RELEVANT,none,high,lung nodule CT findings,no,False
349321ec-0c96-4b94-9005-55b93ace7f96,NOT_RELEVANT,none,medium,respiratory/fatigue diary; stress mentioned incidentally,no,False
e7090229-7167-44c5-bcf0-396e21476cfc,NOT_RELEVANT,none,high,shellfish allergy question,no,False
2238d1ec-cd03-4631-ab25-e242d4ce407f,NOT_RELEVANT,none,high,"preventive mastectomy, oncologic",no,False
20d791be-9094-4df1-bded-b026c3e1df66,NOT_RELEVANT,none,high,"father fell, traumatic injury emergency",no,False
2955789a-e2c1-48c9-a568-ec95dba0d4fe,NOT_RELEVANT,none,high,"ACLS v-fib protocol, cardiac",no,False
2dc57e79-4d88-42f7-a9d4-3c64a6a45ae1,NOT_RELEVANT,none,high,"ECG arrhythmia, STEMI vs pericarditis",no,False
0f6f5556-e71d-4891-8303-a02fbaf51f8f,NOT_RELEVANT,none,high,malaria prophylaxis medication,no,False
3f463873-60a8-49c0-896d-249a9d141621,NOT_RELEVANT,none,high,"low RBC, anemia/iron question",no,False
0b3a0788-3357-4a22-9ba5-e374d54d4a7c,NOT_RELEVANT,none,high,arthritis gold therapy toxicity,no,False
ea64ea3a-00ae-4685-90e6-bb0f9b73a9c4,NOT_RELEVANT,none,high,"toxic shock syndrome, crashing patient",no,False
71d8c4e8-5be3-4aac-9e07-d2ab18c453e9,RELEVANT,eating_disorder,high,"skipping meals, obsessing over calorie counts",yes,False
503d21d9-dce0-4f08-a3f1-51254cab19b9,NOT_RELEVANT,none,high,"stroke imaging, thrombectomy protocol",no,False
8e26f60c-6402-469c-8fe5-a82340fa0a3d,NOT_RELEVANT,none,high,pediatric pancreatitis consult note,no,False
cc5fc7ff-110e-4a7c-88de-c31904dd1b4c,NOT_RELEVANT,none,high,"accidental bleach ingestion, poisoning",no,False
ec48dcf8-f39a-4b59-9f38-f7f15074acd9,NOT_RELEVANT,none,high,"rabies bite, urgent shot question",no,False
74e0742c-2a31-4548-bdc5-e9fda421de62,NOT_RELEVANT,none,high,"eye floaters, ophthalmologic",no,False
cee1bf80-f0e1-4616-b6ae-14c627be51c1,BORDERLINE,psychiatric_medication,low,"med discontinuation/withdrawal; context hints antidepressant, user generic",yes,False
d293fde7-6908-47ab-9d6b-99411e319e98,NOT_RELEVANT,none,high,dental implant antibiotic prophylaxis,no,False
1ee4752e-13c7-405c-93d7-8930f9160ea1,NOT_RELEVANT,none,high,neonatal phototherapy bilirubin threshold,no,False
ded6b69f-7c52-41ff-8aa7-7c577f7b3fbc,NOT_RELEVANT,none,high,"metallic taste after eating, somatic",no,False
905110b4-1528-4f35-a344-fa05258e0b53,NOT_RELEVANT,none,high,DVT prevention on long flight,no,False
5eb7835f-2fca-4b5b-9756-c8059e529b0e,NOT_RELEVANT,none,high,"acute pelvic pain, ovarian cyst",no,False
b71450d6-2347-4626-9ed7-891029502730,NOT_RELEVANT,none,high,"menstrual pain, NSAID alternatives",no,False
72a4fb0c-f01a-41d7-813f-4ba589f9553b,NOT_RELEVANT,none,high,infant pyloric stenosis presentation,no,False
e13d647c-c2a3-4eef-a27b-efb3dd4cb266,NOT_RELEVANT,none,high,"Diabetes insulin pump referral letter, purely somatic",no,False
1b4696e9-5213-47fa-be8d-c86a0965a06e,NOT_RELEVANT,none,low,Choking/cancer fear somatic; distress incidental not focus,no,False
c16b1043-9116-4c45-bafb-1f88c232a94d,NOT_RELEVANT,none,high,"Gluten intolerance and bloating, GI concern",no,False
1171f31a-9918-4e7f-8d76-cf3c520f271c,NOT_RELEVANT,none,high,"Stroke rehab therapy evidence, no mental health",no,False
651eeb63-86d7-45f5-91c5-cf916d98d2b6,NOT_RELEVANT,none,medium,"Toddler biting, developmental behavior not psychiatric",no,False
9ef9bb72-d661-4aa8-827f-7b07aa7f9309,NOT_RELEVANT,none,high,"Psoriasis dermatology workup, somatic",no,False
fef9debf-53f9-4cc6-abc5-670aab673668,NOT_RELEVANT,none,high,"Ovarian cancer maintenance chemo, oncology",no,False
5e098e9f-e163-443d-adb9-74a14e3fc15f,NOT_RELEVANT,none,high,"Pediatric fever dosing, somatic",no,False
bf17fd36-f486-4de6-84af-75195d7c1ce9,NOT_RELEVANT,none,high,"Blood count interpretation, no mental health",no,False
ce38d947-2e4b-4931-b27e-8819fae1c60a,NOT_RELEVANT,none,high,"Difficulty breathing, respiratory somatic",no,False
907ca19b-b98c-49db-9b7a-8c852472f89a,NOT_RELEVANT,none,high,"Rash cream, dermatology",no,False
8e5d9a03-2aff-45fe-bc79-81926ca9d633,NOT_RELEVANT,none,high,"Migraine prophylaxis CGRP, neurology somatic",no,False
ae38f16c-c7dd-43a7-9e2e-d3c48860c02c,RELEVANT,suicidality_self_harm,high,"Psych admission for suicidal ideation, bipolar, lithium",yes,False
3420c024-f01c-4de4-8399-4525ba7af412,NOT_RELEVANT,none,high,"Pregnancy flying safety, obstetric",no,False
f58d2662-22ed-4662-b0e8-b77334e63729,RELEVANT,psychiatric_medication,high,"Cross-taper sertraline to fluoxetine, antidepressants",yes,False
d30f6804-3dc2-45fb-a672-c26f984abc3f,NOT_RELEVANT,none,high,"Dry eyes from reading, ophthalmologic",no,False
5ddbc2ae-a934-4aae-9631-45bac42a4b3f,RELEVANT,personality,high,"Mood swings, asks if borderline personality disorder",yes,False
acc067c3-828e-4469-9d9b-1ca2bf2a2c63,NOT_RELEVANT,none,high,Traveler's diarrhea antibiotic prophylaxis,no,False
dba95f01-d40b-461e-ba5b-d6ffff19cdcd,NOT_RELEVANT,none,high,"Cholesterol diet menu, nutrition",no,False
f111d500-fe45-469a-b3df-ac55b7a042f3,NOT_RELEVANT,none,high,"Antibacterial soap routine use, hygiene",no,False
bdfd020f-8a7c-4469-b446-8f98b898ade7,NOT_RELEVANT,none,medium,Thigh weakness workup; anxiety reactive to somatic,no,False
272b70fd-f6ce-45b1-b7d9-1d7716895c54,NOT_RELEVANT,none,high,"Postpartum tearing pain, somatic obstetric",no,False
c3f19a38-f4c6-4a8a-b4ba-1b6eb44e463e,NOT_RELEVANT,none,high,Infant vaccination schedule,no,False
034cff35-3895-4d0a-90b9-79f36181c2ce,NOT_RELEVANT,none,high,"Rosacea therapy presentation, dermatology",no,False
59ff799f-d6ce-4eca-8070-4c83151ca036,NOT_RELEVANT,none,high,Pap/HPV screening frequency,no,False
aae3367f-2618-4373-a250-53d01b4bdd4d,NOT_RELEVANT,none,high,Ear infection home remedy,no,False
b6a74ec0-2607-448e-982c-3d5ef01fcc0a,NOT_RELEVANT,none,high,"Blurred vision causes, ophthalmologic",no,False
a3764001-cebb-4cdb-a8ef-694143b9f170,NOT_RELEVANT,none,high,Acute pancreatitis ED management,yes,False
03983c89-088e-4d97-a381-5cbd85fdf56d,BORDERLINE,cognitive_neuro,medium,"Post-head-injury memory/attention deficit, neuropsychiatric",yes,False
dbf92bfb-c334-455b-ab21-df0dca802a65,NOT_RELEVANT,none,medium,Neck lumps cancer fear; somatic with health anxiety,no,False
27dabf2b-92e5-43bc-8469-a18640b91daf,NOT_RELEVANT,none,high,"Chest pain exertional, cardiac somatic",no,False
128131b4-ece0-4c88-b7b0-291b29b1d696,RELEVANT,neurodevelopmental_adhd,high,ADHD medication dosing comparison,yes,False
0b605085-e954-48b8-b3f3-060532e8321b,NOT_RELEVANT,none,high,"ICD-10 coding diabetic neuropathy, administrative",no,False
836f3f6b-b147-4f58-8ee2-9acc26b5f923,NOT_RELEVANT,none,high,"Ebola management guidelines, infectious disease",no,False
7ca2ba7c-40c6-4b07-9285-181e8563a080,NOT_RELEVANT,none,high,"Post-surgery rest and diet, somatic",no,False
3c864943-9316-43a6-be00-e729f46666d1,NOT_RELEVANT,none,high,Viral prophylaxis for emergent pathogen,no,False
9805a8c2-2b58-481b-b579-d6453917a3fa,NOT_RELEVANT,none,high,"Scratchy throat negative strep, somatic",no,False
9d143895-c216-4598-8334-fe75f9c88471,NOT_RELEVANT,none,high,Prenatal ultrasound scheduling,no,False
ec27f37b-6921-4197-892c-cd748613c66d,RELEVANT,perinatal_mh,high,"Postpartum depression, crying, seeking therapy",yes,False
e5fbf908-f674-4e25-9dbf-3b4d3f2726e4,NOT_RELEVANT,none,high,"Daily fiber intake recommendation, nutrition",no,False
a84e8850-3ba9-405e-93c6-1cbdec4697d6,NOT_RELEVANT,none,high,"Sepsis treatment guidelines, critical care",no,False
5981d1b7-5822-4b22-91f7-52f87c32e358,NOT_RELEVANT,none,high,"Melanoma skin-check frequency, oncology",no,False
2fc9136c-4768-4965-b805-a98b9c571a05,NOT_RELEVANT,none,high,"Only a patient name, no content",no,False
289a133b-7df3-4e36-b867-0ef5cf97fd39,NOT_RELEVANT,none,high,Infant breastfeeding vitamin supplements,no,False
5a3be375-c378-4539-a8b7-c89331f153e1,NOT_RELEVANT,none,high,"H. pylori antibiotics QT interaction, cardiology",no,False
bfbb6aa4-c056-4377-97a9-d9e5e6cdfcf5,NOT_RELEVANT,none,high,"Chronic cough with weight loss, somatic",no,False
8bfa5572-7797-4aad-9cde-a393cb1dbe45,NOT_RELEVANT,none,high,Cholera vaccine for travel,no,False
f455460c-4fe7-4b42-a742-91b3a6cab197,NOT_RELEVANT,none,low,"Detox footbath efficacy for fatigue, wellness",no,False
32dd90f1-f7e9-4024-9379-c9fee57a1abe,NOT_RELEVANT,none,high,"Hypertension medication, cardiovascular",no,False
61bf82bf-d1b8-412c-9efa-f67b682796f1,NOT_RELEVANT,none,high,"Borderline diabetic, trigger word non-psychiatric",no,False
57adb651-f90b-4dc5-9b14-f82d55c6979e,NOT_RELEVANT,none,high,"Anaphylaxis alert text variations, purely somatic emergency",no,False
dabdd35d-45aa-4f04-a213-d6cd0a46890f,NOT_RELEVANT,none,high,"Spirometry calibration and guidelines, pulmonary",yes,False
c6b82b5e-b6dc-474b-8d13-c9b6b035db98,NOT_RELEVANT,none,high,"Postpartum confinement tradition, physical not mood",no,False
e48c8cbf-e70e-49a5-be9a-8294a709cbcc,NOT_RELEVANT,none,high,"Hair thinning vitamins, somatic",no,False
e98332f1-b00c-4764-892d-79284fa3f93b,NOT_RELEVANT,none,high,"Weight loss, portions, walking; wellness",no,False
c1fb4daf-2a19-412b-8918-5f3258725cbc,NOT_RELEVANT,none,high,"Rash and dizziness, somatic",no,False
e2286266-767f-4202-9f26-6f2332ca7444,NOT_RELEVANT,none,high,"Jaundice, somatic",no,False
5f0064e7-36c2-440c-85d0-78ba31a6c6e6,NOT_RELEVANT,none,high,"Pleural effusions lecture, pulmonary",no,False
a487b1a4-2580-492a-aad9-44433e9b6a82,NOT_RELEVANT,none,high,"CKD statin guidelines, somatic",no,False
22b362d5-4c1b-45c7-a579-6e14ff32ce41,NOT_RELEVANT,none,high,"H pylori triple therapy, GI",no,False
a0b5a4ef-6155-43c2-a6bb-5fdb68292ec9,BORDERLINE,cognitive_neuro,low,"Father confusion reasons; cognitive presentation, ambiguous",yes,False
56df05b5-8d11-47fb-a90b-f99151812dd9,BORDERLINE,sleep,low,"Fatigue, concentration, poor sleep; possible depression overlay",yes,False
0ae1b3ad-8bf9-4110-bf1d-85fe9ff8288a,NOT_RELEVANT,none,high,"Post-op incisional pain, somatic",no,False
52dbad3a-c744-410e-8e86-beb285f54d3d,NOT_RELEVANT,none,high,"CHA2DS2-VASc, borderline A1C trigger word non-psychiatric",no,False
49045406-ceb3-4ef3-87e8-180800982b6b,NOT_RELEVANT,none,high,"Hepatitis C follow-up testing schedule; purely somatic, no mental-health component.",no,False
5bd3ffca-fe41-41d1-b0c8-d105259af0c4,BORDERLINE,anxiety,low,"Health anxiety panic over breast lump, distress prominent",yes,False
5d3d68b6-598d-49e7-bb73-fc3764e87401,NOT_RELEVANT,none,high,"Kidney disease referral logistics, somatic",no,False
36c23108-953d-4e35-872d-b40f05dc7aa6,NOT_RELEVANT,none,high,"ENT post-op child drainage, somatic",no,False
9fdcbee3-6d2e-4264-aa18-7a26dd5e0b85,NOT_RELEVANT,none,high,"Diatomaceous earth colon cleanse, GI",no,False
d47d81b7-59fc-4ff1-804f-c2a04206f158,NOT_RELEVANT,none,high,"Hemorrhoids education handout, somatic",no,False
8e0935a5-154d-41c2-86b7-9a4e7d7866f6,NOT_RELEVANT,none,high,"Vue coding then Chikungunya ankle, somatic",no,False
88810d22-41f7-41b6-a0d7-db1e6debb749,NOT_RELEVANT,none,high,"Pre-participation sports exam, musculoskeletal",no,False
c8d6681f-bfc3-4ccd-9a95-aec650c920fe,NOT_RELEVANT,none,high,"Fire cupping for respiratory congestion, somatic",no,False
07d8172e-4b20-4d48-8660-38f8dc398036,NOT_RELEVANT,none,high,"Hypertensive emergency translation, cardiovascular",no,False
6130eee2-2de4-428c-81c3-3464b2c171e3,NOT_RELEVANT,none,high,Gabapentin dosing for neuropathic pain in CKD,no,False
d37e44e5-f965-4e99-aeb2-9f8ac0d35967,NOT_RELEVANT,none,high,"Yoga wrist strain, musculoskeletal",no,False
f69eacf1-cab6-408a-9297-1d5a9d045e24,NOT_RELEVANT,none,high,"Severe asthma symptoms, pulmonary",no,False
f8827d62-aa29-472b-90e1-656fea39923c,NOT_RELEVANT,none,high,"Melanoma immunotherapy second opinion, oncology",no,False
61951d85-096c-469c-9dbc-bc207e5ab9fa,NOT_RELEVANT,none,high,"Wrist fall injury, musculoskeletal",no,False
415f7ee3-6e3d-40b6-8cfe-4c83f38a78e1,BORDERLINE,cognitive_neuro,medium,"Elderly evening confusion (sundowning), neuropsychiatric-adjacent",yes,False
01a9fdcb-c3e6-4934-9630-607eeabdd1db,NOT_RELEVANT,none,high,"Vitamins vs minerals, nutrition wellness",no,False
e61b6ce3-5581-4745-b727-ffaa17c765e1,NOT_RELEVANT,none,high,"Infant feeding and spit-up, pediatric somatic",no,False
407bc3d0-47cf-471b-8d36-00bbbd890864,NOT_RELEVANT,none,high,"Stomach ache smoothie, GI",no,False
e46cec18-9044-41cf-9b38-2bbc5607a632,NOT_RELEVANT,none,high,"Colon cancer screening recommendations, GI",no,False
b368b812-f67d-4a6f-84ae-a62c0ca524f3,NOT_RELEVANT,none,high,"Child recurrent otitis, ear tubes, somatic",no,False
2074c839-404c-45d4-9211-dfed1f27bb09,NOT_RELEVANT,none,high,"Platelet transfusion threshold, hematology",no,False
fc10f44d-dce0-4923-9aa2-c73033dc8e53,NOT_RELEVANT,none,high,"Normal puberty changes, development",no,False
0e694724-8b53-4d35-9242-3eae25475a20,NOT_RELEVANT,none,high,"Ankle sprain management, musculoskeletal",no,False
f58ea1eb-e4f2-4000-b5b7-e0bfb18ae077,NOT_RELEVANT,none,high,"Recurrent UTI prevention, somatic",no,False
9ad0fc0c-e591-41a1-9cab-73b587931664,NOT_RELEVANT,none,high,"Sunscreen and SPF, dermatology wellness",no,False
308d41a4-8fec-4b07-a4a4-f925a386042e,RELEVANT,mood_depression_bipolar,high,"Mild depression unresponsive to SSRIs, tDCS treatment question",yes,False
50a8890e-b72d-47b7-9354-b81501ca81a3,RELEVANT,perinatal_mh,high,"Postpartum mania management algorithm, psychiatric",yes,False
f6882342-7cb3-4ff6-af0b-c05d92d1c3e7,NOT_RELEVANT,none,high,"Sprained ankle while jogging, musculoskeletal",no,False
320ea1ad-f12d-401b-976c-3f00968155bb,NOT_RELEVANT,none,medium,"Concussion assessment indicator, sports neuro not psychiatric",no,False
ce977c28-e823-4063-b04d-c69fa85794d9,NOT_RELEVANT,none,high,"Whole grain bread label, nutrition",no,False
a1603199-564f-4b9e-8d3b-94016f12fde3,NOT_RELEVANT,none,high,"Child otitis media imaging, ear tubes, somatic",no,False
41c29eee-7626-4e22-99aa-b17be3705338,RELEVANT,perinatal_mh,high,Postpartum depression group therapy approaches,yes,False
53e3ef67-b036-450e-ad41-0d60cbb23144,NOT_RELEVANT,none,high,"HIV CD4 drop risk, infectious disease",no,False
b8d0dcc0-0163-4bff-a906-87b0ab11c5ba,NOT_RELEVANT,none,high,"Malaria medication, infectious disease",yes,False
b6815df4-1153-4b98-aef9-13a2620430e3,RELEVANT,psychiatric_medication,high,Antidepressant choice minimizing sexual side effects,yes,False
0dc9b1a2-4d30-4c12-85e5-9866f1cbc563,BORDERLINE,cognitive_neuro,medium,"Grandma's jumbled speech suggests neuro/cognitive decline, psychiatric-adjacent",yes,False
7350a598-eca0-4604-8b37-58dd17513c74,NOT_RELEVANT,none,high,"PSA prostate screening, purely somatic",no,False
9fa78e7f-3cb6-4fd9-821e-82497799f1b7,NOT_RELEVANT,none,high,"Travel vaccine timing, no mental-health content",no,False
5f3b9cd4-d8fc-4e90-bdd5-80f9e19d7a9e,BORDERLINE,stress_adjustment,medium,Breathlessness clinic-labeled stress-related; possible anxiety overlay,yes,False
f6c1a209-621b-41b0-813c-7047196bffff,NOT_RELEVANT,none,high,"Back pain after fall, musculoskeletal",no,False
86035166-76be-4115-b3d1-eb93ddd814a8,NOT_RELEVANT,none,high,"Pediatric bradycardia atropine dosing, cardiac emergency",no,False
119ce4b9-0298-4b12-bf82-844438364f4d,RELEVANT,perinatal_mh,high,Postpartum depression screening and referral steps,yes,False
99b3dd36-4189-40e0-8926-24438e49ba27,NOT_RELEVANT,none,high,"Dialysis skipping risks, renal",no,False
ca252fa9-7e62-49c1-940d-acef17d84a30,NOT_RELEVANT,none,medium,"Administrative E/M billing codes, no clinical psychiatric content",no,False
2bb9fc35-48a9-4646-bd65-8e058cc61e3b,NOT_RELEVANT,none,high,"Lymphocytic colitis treatment, GI",no,False
f2caf692-1877-4873-9c54-e46c8141f0ba,NOT_RELEVANT,none,high,"Dental abscess, antibiotic request",no,False
448d06aa-055d-4530-bcc3-df72c7fbfff2,NOT_RELEVANT,none,high,"Elective c-section procedure, obstetric",no,False
3b54aaeb-c9f4-4c48-bccd-b4ff5f71c1ae,NOT_RELEVANT,none,high,"Leftover antibiotic reuse, infectious",no,False
192a56f6-d20c-4735-b150-703602ef020b,NOT_RELEVANT,none,high,PVCs palpitations cardiac note,no,False
bb056871-91fb-4b56-bb97-a2c4be1a429a,NOT_RELEVANT,none,high,"Postpartum thyroiditis, endocrine not mood",no,False
0ebc8350-10d2-46ce-86b6-80800253ec76,BORDERLINE,stress_adjustment,low,"Two-week fatigue workup, possible psychological overlay",yes,False
da0e8cc4-5609-4b91-9ae3-6e2f31986c53,NOT_RELEVANT,none,high,"Pneumonia guidelines and treatment, respiratory",no,False
10fe3e57-f768-488d-8e22-69aa723b4401,NOT_RELEVANT,none,high,"Bug bite infection signs, dermatologic",no,False
89ec8790-ac8a-4003-bdb4-21a751dd6df2,NOT_RELEVANT,none,high,"Severe acne isotretinoin access, dermatologic",no,False
c27dc4d5-db58-4a84-9943-24405d2af4d3,NOT_RELEVANT,none,high,Allergy immunotherapy follow-up frequency,no,False
e3c2121a-d110-4812-9410-c7b7573f639d,NOT_RELEVANT,none,high,"Migraine prevention, neurologic somatic",no,False
0ac03af4-04e5-489c-9e2c-00aa04fb5575,NOT_RELEVANT,none,high,"Health app tracking and rotator cuff, no mental health",no,False
aa3eddd7-7e12-4cc2-b840-1e2c0e2e5963,NOT_RELEVANT,none,high,"Gum bump infection, dental",no,False
21a3b439-bbcb-4810-9e83-5382c3ccd3e8,NOT_RELEVANT,none,high,"Trauma rescue scene, physical emergency not psychiatric",no,False
2641bf39-b35c-401a-8776-2e11950e12bc,NOT_RELEVANT,none,medium,Diabetes carb/insulin management; injection fear incidental,no,False
7fca202e-06c3-49b6-be6e-a4e4c858acc5,NOT_RELEVANT,none,high,Mild pneumonia meds and follow-up,no,False
2e99c1c9-acaf-47aa-adeb-5038fdba0bce,NOT_RELEVANT,none,high,Travel vaccine recommendations,no,False
e423552e-3f5d-4827-b93d-0a006626c90b,NOT_RELEVANT,none,medium,"Weight gain, clothes tighter, no mood framing",no,False
de5b2342-a4da-4676-b3d8-e6d0b9f2bf46,NOT_RELEVANT,none,high,"Fever and groin lumps, infectious plague worry",no,False
fcc49a57-5dd7-480e-9a71-23ba653a7232,NOT_RELEVANT,none,high,"Post-meal bloating, IBS, GI",no,False
3c5b2ac5-8c15-4fec-9c25-4237ec8f9f27,NOT_RELEVANT,none,medium,"Vague travel-abroad fragment, no mental-health content",no,False
7b12d9fd-b86b-4355-a960-e4d043cf0f54,NOT_RELEVANT,none,high,"Uncomplicated UTI workup, urologic",no,False
7e576f4a-f8d0-4677-bb29-da0eac9d9747,NOT_RELEVANT,none,high,"Stomach pain after tap water, GI",no,False
4663ac1d-7810-4922-94a0-e8c0e4fbd5ff,NOT_RELEVANT,none,medium,"Codeine cough syrup brand, not addiction concern",no,False
cf2663e2-5b17-4eda-90f2-afd5d6110c82,NOT_RELEVANT,none,high,"Palpitations atrial fibrillation ECG, cardiac",no,False
5aef9fd0-38cb-4428-bbec-bcac4173a652,NOT_RELEVANT,none,high,"Chest tightness post-exercise, musculoskeletal/cardiac",no,False
c8eeeb37-d62a-4e91-b548-5f50639300d8,NOT_RELEVANT,none,low,Shortness of breath; anxiety raised only by assistant,no,False
64ec3853-83ce-4900-883a-7efbf5a5b6f6,NOT_RELEVANT,none,high,"Diabetes insulin pen use, endocrine",no,False
d4bd8a17-735b-4d92-a5c1-c7d57478fa5c,NOT_RELEVANT,none,medium,Glossodynia neuropathic pain; amitriptyline for pain not psychiatric,no,False
05bb23aa-3965-419a-a986-79c301d9270e,NOT_RELEVANT,none,medium,"No-migraine fragment, no mental-health content",no,False
1ba2785a-0759-47c6-aa9f-be9db6cd6844,NOT_RELEVANT,none,high,"Asthma inhaler brands, respiratory",no,False
a3422451-8123-4777-9f67-bc3b3172d4ec,NOT_RELEVANT,none,high,"Allergic rhinitis nasal spray, ENT",no,False
c4eaf0ca-39ca-4272-84e5-8980a1d5a998,BORDERLINE,stress_adjustment,low,"Back pain with anxiety entangled, focus somatic disc concern",yes,False
6ce99297-4494-421d-a70a-47fb77ec8a9d,NOT_RELEVANT,none,high,"Mild cough dryness, respiratory",no,False
e94f86f7-72db-4787-8086-170cec21c93a,NOT_RELEVANT,none,high,"Dark thick skin acanthosis nigricans, dermatologic",no,False
b98f4f99-91c1-4cce-a6ba-efa6c0248899,NOT_RELEVANT,none,high,"Knee cartilage damage, orthopedic",no,False
95a1ea1d-7a8f-4078-bef4-b84fce77300f,NOT_RELEVANT,none,high,"Prediabetes diagnosis, endocrine",no,False
4e07ecfe-2017-4e6f-aa50-21a6dea6bcbd,NOT_RELEVANT,none,low,Fatigue then nosebleeds; user focus somatic,no,False
e8623df1-1b9f-4842-a907-0a4cbceafdc5,NOT_RELEVANT,none,high,"Melanoma skin-check follow-up, dermatologic",no,False
3c29f93a-5bf6-4ec3-aaf5-7ab17c6428a2,RELEVANT,perinatal_mh,high,"Postpartum depression, crying daily, insomnia, seeking therapy/meds",yes,False
3c66d192-f9d9-462d-9f3d-3cb0f9ce4e05,NOT_RELEVANT,none,high,"Type 2 diabetes daily management, purely somatic.",no,False
478b5044-cdbc-4cc7-a126-dc78ac3305f9,NOT_RELEVANT,none,high,"Pediatric ear-pain progress note, no mental health.",no,False
bb6638c3-df00-46d7-8f81-8f60a5f117ac,NOT_RELEVANT,none,high,"Leg bruising, somatic complaint.",yes,False
9cad4963-d886-4145-a2a3-49a93e41140a,NOT_RELEVANT,none,high,"Rash and antibiotic, dermatologic.",no,False
e0c2c923-364b-4344-be6a-cd05705f7108,NOT_RELEVANT,none,high,"Eye strain from screen time, somatic.",no,False
f7ac6b24-48ba-4a07-aa31-e17b25387111,NOT_RELEVANT,none,high,"Muscle soreness after workout, musculoskeletal.",no,False
0375bfcf-77fb-4f5e-9f41-03738343c686,NOT_RELEVANT,none,high,"Newborn vaccination schedule, preventive care.",no,False
6e4f8d8d-ff93-4f78-9553-b15e2cf897e6,NOT_RELEVANT,none,high,"Gene therapy guarantees, no mental health.",no,False
db0e9a38-659c-4fdb-a2a9-3519f417c85d,NOT_RELEVANT,none,high,"Knee arthritis alternative therapy, somatic.",no,False
bfcd9ab7-c12d-4811-b11b-781bc419afa3,NOT_RELEVANT,none,medium,"Emergency contraception access; panic incidental, not focus.",no,False
e009ccf0-9d3e-41bd-a54b-0280b538e58e,NOT_RELEVANT,none,high,"Stroke thrombectomy guidelines, neurology.",no,False
979b0b5e-9259-4518-a54c-20782b8b353c,NOT_RELEVANT,none,high,"Pediatric fever-reducer dosing, somatic.",no,False
08407db0-caa2-4c9c-bfbb-8d4963999740,NOT_RELEVANT,none,high,"Dizziness and blurry vision, somatic.",no,False
89c4385e-86fc-49e6-a3d2-caa13b232ed7,NOT_RELEVANT,none,high,"Arm numbness, neurological/somatic.",yes,False
9d8abc91-bc73-4092-aafa-8e891097d3f5,NOT_RELEVANT,none,high,"High cholesterol, somatic.",no,False
0009fb20-718d-4321-a254-76008362be7b,NOT_RELEVANT,none,high,"Vascular eczema/leg veins, dermatologic.",no,False
8960eebe-a07b-4d49-92af-38f78a898a95,NOT_RELEVANT,none,high,Natural fertility; stress mentioned only incidentally.,no,False
7eb32a7c-f07c-4667-94c5-02b0b73ece1e,NOT_RELEVANT,none,medium,"Hepatic encephalopathy risk; alcoholic cirrhosis somatic, not addiction concern.",no,False
bfb9a07b-7088-4832-bbf1-32b72c308b75,NOT_RELEVANT,none,high,"Prenatal vitamins recommendation, somatic.",no,False
91fd4555-adc1-4ccd-80f0-05f44a8882e9,NOT_RELEVANT,none,high,"Healthy daily meal plan, nutrition.",no,False
dfab28db-5bae-4ce5-995f-5f0f07631855,NOT_RELEVANT,none,high,"Hyperbaric oxygen for gas embolism, somatic.",no,False
a01271e9-40ae-4ed9-89a2-ddf0c9e2ab1d,BORDERLINE,perinatal_mh,low,Postpartum weakness/dizziness; somatic but possible perinatal overlay.,yes,False
70f4cd66-665d-4771-9cce-393b0780017d,NOT_RELEVANT,none,high,"Breathing machine SOAP note, somatic.",no,False
3c8faf32-3ca1-4a67-b2fa-c2a25e3c1854,NOT_RELEVANT,none,medium,"Teen fatigue few days, somatic, no psych framing.",no,False
6200a1cf-c242-4f51-b07c-baee07a91b3c,BORDERLINE,cognitive_neuro,medium,"Memory loss / cognitive decline, neuropsychiatric-adjacent.",yes,False
f05faf6b-e77d-4ea9-8be1-392abab9cb66,NOT_RELEVANT,none,high,"Diabetes symptoms, somatic.",no,False
467cc58f-813d-45cf-8dbc-b222daad0b0c,NOT_RELEVANT,none,high,"Anticoagulation bridging plan, cardiology.",no,False
c4c3607b-3f93-4ebc-94dd-ed9b664647b2,NOT_RELEVANT,none,high,"Walking difficulty/numbness, neurology workup.",no,False
06759252-c705-4f2e-9c35-97ea0fd5f1f2,NOT_RELEVANT,none,high,"ICU desaturation emergency, somatic.",no,False
3aa74a6d-b01d-4110-a43e-d1b72034ac3f,NOT_RELEVANT,none,high,"Back pain relief, musculoskeletal.",no,False
b0c85c27-dea7-45c2-aa50-6811a318da43,NOT_RELEVANT,none,high,"Collagen for knee arthritis, somatic.",no,False
b135b422-f10d-4b6a-847b-0db6b1f48b7b,NOT_RELEVANT,none,high,"Pulled muscle and back soreness, musculoskeletal.",no,False
0b177a81-016a-418b-912e-abb083967a2c,NOT_RELEVANT,none,high,"Booster vaccination inquiry, preventive care.",no,False
634dd1f8-0cd3-41fd-a46c-36e95f244ca9,RELEVANT,mood_depression_bipolar,high,"NAC for mania in bipolar disorder, psychiatric.",yes,False
859abeac-3012-4e82-b2aa-7d695b44706e,NOT_RELEVANT,none,high,"Hyperkalemia in ESRD, emergency medicine.",no,False
71fb7c9c-0eea-4057-8e48-207f5cfe0957,NOT_RELEVANT,none,high,"Asthma and hot yoga safety, somatic.",no,False
21302167-c258-4b49-8ef4-be907774c8c9,NOT_RELEVANT,none,high,"Antibiotic/antiviral interactions, pharmacology.",no,False
b2d534a0-4cc7-4f7e-a195-d7a23c341997,NOT_RELEVANT,none,high,"Sunglasses and cataract prevention, ophthalmology.",no,False
3113d3ca-539d-40c4-b983-6724601fa7ff,NOT_RELEVANT,none,high,"Intragastric balloon for diabetes, endocrinology.",no,False
78c02ee0-52f2-47d2-b5dc-d7c312727448,NOT_RELEVANT,none,high,"Hand-foot-mouth dermatology role, somatic.",no,False
1854ebb0-59f1-442b-bfde-1c82dcb31152,NOT_RELEVANT,none,high,"Skipping breakfast for weight loss, nutrition.",no,False
6314e6ed-65e4-475e-a4ab-fd141de60f5d,RELEVANT,anxiety,high,"GAD / panic disorder clinical note, anxiolytics.",yes,False
76c4d39b-ca22-48c8-a426-8c6437efa76f,NOT_RELEVANT,none,high,"Dizziness/balance H&P, vestibular/somatic.",no,False
50c0b415-11e0-4d43-9e61-c9e57f515a56,NOT_RELEVANT,none,medium,"Fatigue/racing heart; anxiety incidental, somatic focus.",no,False
ab370c9d-e566-4e0d-9db4-533223d46510,NOT_RELEVANT,none,high,"TMJ jaw clicking, dental/somatic.",no,False
15c10604-81eb-4c4b-b626-73ea64f659c1,NOT_RELEVANT,none,high,"Essential oils for bronchiectasis, pulmonary.",no,False
ec232a73-222b-4323-90b0-e545e7d4be8a,NOT_RELEVANT,none,high,"DKA triggers and management, endocrine emergency.",no,False
132af28a-20fa-4aba-80e4-b7a4f946966c,NOT_RELEVANT,none,high,"Post-cardiac-surgery arrhythmia, cardiology emergency.",no,False
65c68ef3-ffb0-4720-9f4c-381842bf4785,NOT_RELEVANT,none,high,"Pregnancy asthma medication safety, pulmonary.",no,False
64fbdbf2-836e-4517-9476-016bb35950dd,NOT_RELEVANT,none,high,"Stapedectomy for otosclerosis, ENT.",no,False
b2da31c9-b1da-4f71-b8ed-02b7c1d7f2b3,NOT_RELEVANT,none,high,Infant vaccination side effects; no mental-health content,no,False
97e16e7c-4952-4d8d-8349-04afda59d8b7,NOT_RELEVANT,none,high,Sore throat after surgery; purely somatic,no,False
8e5c38ba-da60-47b2-9693-8989a4a81b6e,NOT_RELEVANT,none,high,Seat-belt use in pregnancy; somatic,no,False
606eb2da-3198-4d80-a1a0-bc96b654e461,NOT_RELEVANT,none,high,Dehydration headache; somatic,no,False
f9a9e7c8-0f1b-42c0-9df5-53dff77fd2dc,NOT_RELEVANT,none,high,Insulin affordability platform; somatic/admin,no,False
41b23814-4af4-486a-b896-653d4db2673c,NOT_RELEVANT,none,high,Earthing for blood pressure; somatic,no,False
9129eaf0-f76e-4dad-856a-f2ef8421fd59,BORDERLINE,psychiatric_medication,low,Serotonin syndrome toxidrome from SSRIs/SNRIs; medical emergency,yes,False
d0c85e24-2775-4040-9f32-f1acca783725,NOT_RELEVANT,none,high,Stomach cramps after spicy meal; somatic,yes,False
e503b0a5-f853-466b-b405-8771bbec524e,NOT_RELEVANT,none,high,Migraine changed; somatic neuro,no,False
9d4797b3-b8d1-4fc6-8e1e-b98ab5d5e2cb,NOT_RELEVANT,none,high,Asthma inhaler use; somatic,no,False
c150bb8c-1817-4696-a5f5-add186e7d422,NOT_RELEVANT,none,high,Blood pressure pill timing; somatic,no,False
d02648ca-9265-4112-8482-688a8976177f,RELEVANT,suicidality_self_harm,medium,"Friend constantly talks about death; worried, possible suicidality",yes,False
e66aaa62-6a56-457c-bf41-dcc575cc9812,NOT_RELEVANT,none,high,Lab values documentation error; administrative,no,False
681cc590-e662-432a-aa0d-b0e8a1b7b3bc,BORDERLINE,anxiety,low,Chest tightness with freaking-out; somatic with anxiety overlay,yes,False
fb774704-f2a8-4141-86d1-a96a045b30ba,NOT_RELEVANT,none,high,Facial dryness; dermatologic,no,False
4af6ceb2-43fd-450d-83f3-9a1dc2f7c40d,NOT_RELEVANT,none,high,HFMD outbreak management; infectious disease,no,False
dfd8f50f-382c-4258-887b-491117f55593,NOT_RELEVANT,none,medium,Ambiguous 'new therapy' for father; likely medical treatment,no,False
9a999c02-b265-44e9-8de7-5a01bba98dd2,NOT_RELEVANT,none,high,Vitamin D/bone density paraphrasing; somatic,no,False
65932f84-2813-4012-a481-5ad53fdb1d01,NOT_RELEVANT,none,high,Grammar check on vaccine note; somatic/admin,no,False
315825b4-b3ca-4ac6-849b-889553303c5c,BORDERLINE,sleep,low,Exercise timing for sleep; no psychological framing,yes,False
71ffcf30-885e-4ae1-86d2-82406b323054,NOT_RELEVANT,none,high,Dental hygiene / bleeding gums concern; no mental-health component.,no,False
7c3d4014-f843-4436-bd13-9e0df9900e3c,NOT_RELEVANT,none,high,Bleeding gums; dental,no,False
5fe98864-84b5-4f70-9204-2d4ef20b453e,NOT_RELEVANT,none,high,Leg swelling/filariasis; somatic,no,False
81e8b7a2-b474-4e38-af51-03992b9c32e7,NOT_RELEVANT,none,high,Lightheadedness and heart pills; somatic,no,False
b1d6df53-1107-4d32-9f46-1d36c557ab2d,NOT_RELEVANT,none,high,Elder abuse ICD-10 coding; administrative,no,False
83acbe02-5fff-454d-a229-3fb7eebba76f,NOT_RELEVANT,none,high,Osteoporosis exercise regimen; somatic,no,False
13dee5c7-bd21-4aa4-ad9b-c0aee61d1de0,NOT_RELEVANT,none,high,Sore throat antibiotic instructions; somatic,no,False
307daf4c-3433-49b3-bccd-9e67f243c87b,NOT_RELEVANT,none,high,Postoperative pain management; somatic,no,False
c4b45aac-6126-4df0-ae88-5f84686197d3,NOT_RELEVANT,none,high,AKI in cirrhosis/hepatorenal; somatic,no,False
8f6b254c-6cfe-4eec-a680-f4ae06ca19c6,NOT_RELEVANT,none,high,Labor complications in rural setting; obstetric,yes,False
09cf6ebf-ae5d-4e84-9da0-f829df39e8d2,NOT_RELEVANT,none,high,Vitamin A for skin; somatic,no,False
dbfed639-9c3a-403e-973f-41c60f03f6e5,NOT_RELEVANT,none,high,High blood sugar management; somatic,no,False
752a112b-0a49-421e-b445-9f5e56bdbb0c,NOT_RELEVANT,none,high,Hemochromatosis ferritin; somatic,no,False
fad06dc6-c40d-4ef3-bb8b-141d53a12313,NOT_RELEVANT,none,high,Tooth abscess antibiotics; dental,no,False
099e44a2-8dc8-4a09-887c-1a58c4ea71bc,NOT_RELEVANT,none,high,Postpartum hypertension note; somatic,no,False
903cdbb6-ffff-4984-a87f-28d5e9ae5eb1,NOT_RELEVANT,none,high,Child whooping cough; somatic,no,False
9cdbd221-5495-4c79-a10a-f520a5ae970c,NOT_RELEVANT,none,high,Measles outbreak; infectious disease,no,False
20ac4acb-7c39-478a-aaff-2e1701da7bca,NOT_RELEVANT,none,high,Gallstones cause/diet; somatic,no,False
2692fc6b-f70f-4c4a-ba05-70bac039bfe6,BORDERLINE,sleep,low,Single word 'insomnia'; no psychological framing given,yes,False
62ce946c-cb75-4ca2-ae9d-bcbc6f1f2c4e,NOT_RELEVANT,none,high,"Fitness after 60, chest heaviness; somatic",no,False
04368b68-ab6a-424c-bb44-e54457f345e3,NOT_RELEVANT,none,high,Perioperative mortality risk; surgical,no,False
e5fa5c2e-67a4-447f-859b-7ac1888eb070,NOT_RELEVANT,none,high,SOAP note for normal checkup; administrative,no,False
80dbc49c-9ee8-4949-8f90-6bdc49cce536,NOT_RELEVANT,none,medium,Confusion after ladder fall; traumatic head injury,no,False
5256737f-0b8b-4ba3-9abd-74ab00bd117e,NOT_RELEVANT,none,high,Childhood vaccination schedule; somatic,no,False
abf04165-50c9-4916-b095-0ef805e578c3,NOT_RELEVANT,none,high,Tension headache relief tips; somatic,no,False
f99d4d0a-166b-4d36-bd82-775dfebab1eb,BORDERLINE,substance_use,low,Opioid overdose naloxone emergency; behavioral-health adjacent,yes,False
dce02d39-c7a2-49af-a7a6-b45eb67212f9,RELEVANT,perinatal_mh,high,Feeling down after baby; asks about postpartum depression,yes,False
cf6def46-614f-4b86-b453-66e08eeca37e,NOT_RELEVANT,none,high,ASA classification wording; administrative/surgical,no,False
0357e39e-5926-4ff5-af83-e8a80cf1b112,NOT_RELEVANT,none,high,Third-trimester headaches; somatic,yes,False
0cdb219d-8899-4260-a211-9fe0963f3a2d,NOT_RELEVANT,none,high,Blood pressure prevention tips; somatic,no,False
fbe96ec6-3f41-4ad0-850d-f87024a055d7,NOT_RELEVANT,none,high,"Sciatica, leg numbness, foot drop; somatic neuro emergency",no,False
75d2681e-9b3b-4de3-a632-24bc1b2e5643,NOT_RELEVANT,none,high,"Postpartum pain relief, breastfeeding safety; somatic",no,False
82d2bcdf-f013-4d33-97f2-0cb63ff455ac,NOT_RELEVANT,none,high,"Low testosterone labs, fatigue; endocrine, not psychiatric",no,False
450a4f16-6e05-4228-85e7-4a0e5270e628,NOT_RELEVANT,none,high,Vitamin D dosing for falls; geriatric somatic,no,False
47ca0e95-4e86-4f34-8a00-da1177ffdf92,BORDERLINE,substance_use,low,"Opioid escalation/seeking, prescriber avoidance; possible dependence overlay",yes,False
f2671c12-edc2-4920-bc3a-ff7384b2b3d3,NOT_RELEVANT,none,high,Leg cramp in pregnancy; somatic,no,False
46218a68-2315-4167-8a60-a62cb41db772,NOT_RELEVANT,none,high,Shortness of breath on stairs; cardiac/respiratory,no,False
6edff375-f7ec-46c1-a78d-68a1b0f44f0b,NOT_RELEVANT,none,high,"Coffee intake limit; general wellness, anxiety incidental",no,False
3c5bfd15-e535-4cb5-889a-674911b515a6,NOT_RELEVANT,none,high,Handwashing guidelines; hygiene,no,False
40a58786-a732-4a89-b1d6-0f991cece4bb,NOT_RELEVANT,none,high,Toothbrushing frequency; dental,no,False
107d8f98-60cb-4f4b-aa13-4ffe1ec0a8a1,NOT_RELEVANT,none,high,HIV/TB prophylaxis drug interaction; infectious disease,no,False
54b06575-c4f0-466d-9ed8-aca8c90ff848,NOT_RELEVANT,none,high,Blood pressure medication management; cardiovascular,no,False
326118f6-0256-4de2-9273-7502837cd70c,NOT_RELEVANT,none,high,"Heavy legs, walking difficulty; somatic neuro",no,False
3b8c9b82-3a2a-4728-ac8a-62d9e16cc044,NOT_RELEVANT,none,high,"Child fall, unconscious; trauma emergency",no,False
443a237a-5702-45bb-bbc1-554fc4a8062e,BORDERLINE,sleep,low,Insomnia opener without psychological framing; pivots to leg edema,yes,False
295ad10f-3999-495a-871c-d037808d882a,NOT_RELEVANT,none,high,Low carb diet; nutrition/lifestyle,no,False
c6a5edee-e606-44b0-a716-195a389aba6f,NOT_RELEVANT,none,high,Burning stomach after spicy meal; GI,no,False
0f29d376-2c1b-4178-8b0f-f449e718c35e,NOT_RELEVANT,none,high,IVIG Guillain-Barre wording; neurology documentation,no,False
4f1b1972-766a-43c2-8f09-5ee24ef1d963,NOT_RELEVANT,none,high,Infant vaccines; pediatric immunization,no,False
e5c8c163-8005-4dbb-8216-d3b15cdac862,NOT_RELEVANT,none,high,"Headaches/migraines; neurology, not psychiatric",no,False
7e7b0f90-4717-4664-b4ae-34dffe489420,NOT_RELEVANT,none,high,Subcutaneous emphysema decompression; procedural,no,False
bbcca251-520a-42ff-8532-d9b05752fb42,NOT_RELEVANT,none,high,Surgical site infection note; postoperative documentation,no,False
b9a80a1c-d616-49da-8701-0ef589482af4,NOT_RELEVANT,none,high,Dermatology teleconsult note; skin lesions,no,False
dbe26ea6-a37d-4324-80c5-8867e0168611,NOT_RELEVANT,none,high,Knee pain climbing stairs; orthopedic,no,False
539820c9-7dba-4df2-988c-9fc560927c4a,NOT_RELEVANT,none,high,"Random chills, lightheadedness; somatic",no,False
b4c38eb9-efcf-42e3-9429-dcd79c27199e,NOT_RELEVANT,none,high,Insulin overdose; metabolic emergency,no,False
811c70f7-5ce9-4460-9375-2bba198efb74,RELEVANT,perinatal_mh,high,"Asks if postpartum depressed, feeling down after birth",yes,False
34100c07-5755-4df1-988d-5e6451666594,NOT_RELEVANT,none,high,Dialysis Kt/V adequacy; nephrology,no,False
48210c73-501f-4886-ada2-9732fc52f543,NOT_RELEVANT,none,high,Migraine medication availability; neurology,no,False
2d4142f9-ef6f-48a0-852c-f5fce942a535,NOT_RELEVANT,none,high,Chest pain evaluation; cardiac,no,False
9c91f803-ed69-4553-bef7-e03be582142f,NOT_RELEVANT,none,high,Choking on food; airway emergency,no,False
3212fc1e-f488-407e-b349-804b98cb29e7,NOT_RELEVANT,none,high,Breastfeeding laws; administrative/legal,no,False
f7285945-9e39-429d-8314-b8afbd7f931f,NOT_RELEVANT,none,high,Postpartum diastasis recti exercises; physical rehab,no,False
13c9e2c0-26fe-46b5-97c7-aa3473b8f2a2,NOT_RELEVANT,none,high,Stroke rehab duration; neurological recovery,no,False
28f55a3d-f540-48af-b913-fefd5f7670f0,NOT_RELEVANT,none,high,Inguinal hernia surgery details; surgical,no,False
b2256875-a184-4447-a53a-34e8a10fba8b,NOT_RELEVANT,none,medium,Child prolonged fever workup; caretaker anxiety incidental,no,False
93bd38c2-683a-4244-97e9-7accf70e1187,NOT_RELEVANT,none,high,HIV PEP regimen; infectious disease,no,False
3bfe0d9e-d472-4ab1-926c-6f89c8714083,NOT_RELEVANT,none,high,Postpartum mastitis management; somatic,no,False
1b4a129c-12ba-4e73-a810-6933de1cf19c,NOT_RELEVANT,none,high,Flu vaccine timing; immunization,no,False
6889e3f7-6d53-4f3d-afa0-a5896f1b3bb2,NOT_RELEVANT,none,high,Asthma stepwise management; pulmonology,no,False
02b87bcf-82e8-4189-8883-16fb78726418,NOT_RELEVANT,none,high,Postpartum hemorrhage emergency; obstetric,no,False
b24e9dc2-7b4d-442b-b3c7-5191b034150a,NOT_RELEVANT,none,high,"Collapsed child, CPR; emergency resuscitation",no,False
bf872100-18bd-468d-9921-c3793a49b45c,NOT_RELEVANT,none,high,Infant formula for milk allergy; nutrition,no,False
a0ea6d26-adfd-459c-a54e-abfb90a32920,NOT_RELEVANT,none,high,"Headaches, dizziness, nausea; neurology referral",no,False
c9c4a9d4-be45-4801-95f6-ed146862224d,RELEVANT,anxiety,high,"Daily panic attacks, asks about meds for symptoms",yes,False
25582943-694a-4bb5-9f54-2c8ee521c5ff,NOT_RELEVANT,none,high,Male hypogonadism guidelines; endocrine,no,False
dd675c92-fe08-4be7-ab2f-cfdfe1cca263,NOT_RELEVANT,none,high,"Different-looking pills, headache; medication safety somatic",no,False
9754eb24-c742-4bc2-a4e5-5f64c2697376,NOT_RELEVANT,none,medium,"Cannabis creams for neuropathy; topical pain, not behavioral use",no,False
6edbaa56-7283-4827-9d50-ed25ff7dd674,RELEVANT,mood_depression_bipolar,high,"Insomnia, anorexia, breakdown, 'cant keep going'; crisis distress",yes,False
8be09d4c-5dd3-4fd3-8494-0784278af37d,NOT_RELEVANT,none,high,Stent antiplatelet duration; cardiology,no,False
fda06204-3207-4b27-8533-9fe0533576eb,NOT_RELEVANT,none,high,Palliative opioid conversion guidelines; purely somatic pain management,no,False
c5f6bb12-a633-4ee4-b6a8-e6f9539472dc,NOT_RELEVANT,none,high,Chest ache after driving; somatic complaint,no,False
f6d23378-2c31-40c2-875f-910940e3ea26,NOT_RELEVANT,none,high,Diabetic neuropathy SOAP note; somatic,no,False
c75abcbf-bacc-46f8-8cdc-2bebb2083ffe,NOT_RELEVANT,none,high,Warfarin bridging for surgery; somatic anticoagulation,no,False
035d33a6-bc5b-42bc-90f7-9ab9aee8577d,NOT_RELEVANT,none,high,Pneumonia antibiotic de-escalation; infectious disease,no,False
8ab668a9-e020-4732-b51b-7e33701fce24,NOT_RELEVANT,none,high,Fever/chills suspected malaria; infectious somatic,no,False
8c088547-4589-4858-914f-79b07fb31024,NOT_RELEVANT,none,high,Toe symptom; somatic,no,False
b4063150-8150-4a7d-ba7c-d9acba512dc2,NOT_RELEVANT,none,high,Flu vs covid; somatic infection,no,False
82d2db62-c09b-4c78-9e7b-d69e4895e622,NOT_RELEVANT,none,high,Ear wax removal; somatic,no,False
e72e1f67-0c41-4a73-ad31-63b5f28b3bcd,NOT_RELEVANT,none,high,Colitis flare; GI somatic,no,False
169f3f78-dc63-454f-8da8-5f7e560b851b,NOT_RELEVANT,none,high,Blood pressure range question; somatic,no,False
e8511434-5ef0-4d8d-938e-db55d0b8a40c,NOT_RELEVANT,none,high,CPR technique; emergency somatic,no,False
16bd6476-82bc-4241-97a5-e4d1feac23a3,NOT_RELEVANT,none,high,"Alcohol intoxication emergency; acute medical, not addiction concern",no,False
d2472750-060b-46e4-8f84-f5b5267d2078,NOT_RELEVANT,none,high,Joint pain cause; somatic rheumatologic,no,False
f79218c2-8f1f-4661-ba91-797e4dcb264a,NOT_RELEVANT,none,medium,"Cannabis-in-pregnancy fetal data; teratogenicity, not behavioral-health",no,False
3d54ce9f-4430-44ae-b442-f9a938fc33d0,NOT_RELEVANT,none,high,Timolol eye drops side effects; somatic,no,False
5ab31aa2-f307-4822-bc75-75821a27ea78,NOT_RELEVANT,none,high,Viruses vs bacteria education; somatic,no,False
9702f02c-bd4f-4f6b-80ac-b46325c05c31,NOT_RELEVANT,none,high,"Bruising worry, blood disorder; somatic hematologic",no,False
a192c163-380a-4335-9e3d-516b7a23475d,NOT_RELEVANT,none,high,Food poisoning diarrhea; GI somatic,no,False
34730bfe-ec38-41f3-bbeb-ce0284d312c6,NOT_RELEVANT,none,high,Borderline gestational sugar; non-psychiatric trigger word,no,False
3f131632-318c-4575-92b9-aef8c90c9938,NOT_RELEVANT,none,high,Neck/shoulder posture strain; musculoskeletal,no,False
a2662c39-0978-433e-b0af-9f1aeb2ed13f,NOT_RELEVANT,none,high,Spinal injury from fall; trauma emergency,no,False
765ead41-2054-441a-8116-54bedf872c3f,NOT_RELEVANT,none,high,Chest tube procedure; somatic,no,False
366c49f5-f8bc-48e2-8079-74dcdf06955b,BORDERLINE,cognitive_neuro,medium,"Elderly father confused evenings; possible sundowning/delirium, neuropsychiatric",yes,False
a75f81a9-af68-43ad-b51f-3fab85a0f1b3,NOT_RELEVANT,none,high,Adult immunization catch-up; preventive somatic,no,False
b2057b44-bfea-4ace-aa4e-b8a6c357ec84,NOT_RELEVANT,none,high,Dry scaly patch eczema; dermatologic,no,False
2a53d306-0085-45ee-b4e0-8864aa79829a,NOT_RELEVANT,none,high,Headache medication query; somatic,no,False
6d04689e-1c59-41a3-9027-3c47f1218e6e,NOT_RELEVANT,none,high,Post-stroke spasticity management; neuromuscular somatic,no,False
711c4c23-3946-496d-aa83-7d3c2c33526c,NOT_RELEVANT,none,high,Energy drinks in pregnancy; nutrition safety,no,False
5debf5be-9cc5-4891-833e-84c2714a974f,NOT_RELEVANT,none,high,Post-knee-surgery pain meds; somatic,no,False
d1a8300d-5904-496b-9e7a-5d7f7ac3bfb9,NOT_RELEVANT,none,high,Hepatitis B monitoring summary; somatic hepatology,no,False
d4300334-d8ac-4fad-8d74-1aff8dfa7333,NOT_RELEVANT,none,high,Open fracture first aid; trauma emergency,no,False
acff8e32-334f-4b12-b240-e30efd53c503,NOT_RELEVANT,none,high,Biliary colic gallstone; GI somatic,no,False
3ca92a0b-fe3a-4534-9d5a-e0f66df24315,BORDERLINE,anxiety,low,Skin patch with persistent health-worry rumination; possible health anxiety overlay,yes,False
641f9917-d57f-49a2-a6a1-6336c159f434,NOT_RELEVANT,none,high,Yellow fever vaccine requirement; preventive somatic,no,False
54c7d724-270f-4c16-97ca-8bdff911bc3b,NOT_RELEVANT,none,high,Child hand-foot-mouth disease; pediatric infectious,no,False
6c47e98c-eacb-47e3-99ca-449928c511d7,NOT_RELEVANT,none,high,Chest CT MyChart message; somatic documentation,no,False
c5736771-6a29-4161-97c3-00010623507b,NOT_RELEVANT,none,high,Postpartum PE workup imaging; somatic,no,False
ec194264-c591-426a-adbc-847f4ee0904f,NOT_RELEVANT,none,high,Chest pain one hour; somatic cardiac,no,False
ffecc929-428a-4884-b8f3-76bd7147fb15,NOT_RELEVANT,none,high,Wrist pain from tennis; musculoskeletal,no,False
8e46acf1-ab49-480f-80ac-c8ceaf697fb2,NOT_RELEVANT,none,medium,"Cancer prognosis timeline request; somatic, distress not primary ask",no,False
b82e1f7e-a9f8-441d-9fe7-66faa7e0e6e6,NOT_RELEVANT,none,high,Cricothyrotomy evidence review; airway somatic,no,False
135d7e46-3f98-4b99-996a-8639721e540e,NOT_RELEVANT,none,high,"Sleep and seizures; neurology, not psychiatric",no,False
9e1f3e21-8bb7-419b-98c6-00ca93a18a7c,NOT_RELEVANT,none,high,Zika prevention in pregnancy; infectious somatic,no,False
9cac36fc-b940-45e7-966a-2a67dce4daae,NOT_RELEVANT,none,high,TIA stroke staff message; neurologic somatic,no,False
0f6de01c-c6fc-460e-b016-87e3bfd8147f,NOT_RELEVANT,none,high,Chronic heartburn clinic note; GI somatic,no,False
fba2c453-c79e-4d50-9c9a-f884abd7e7e9,NOT_RELEVANT,none,high,Telemedicine training module; administrative,no,False
c409fa6e-7ca4-4738-b2d6-95f0f4db4561,NOT_RELEVANT,none,high,Skin scab anthrax concern; dermatologic infectious,no,False
ed88d8e7-90ab-4e29-bef2-0e9d6e4de8e1,NOT_RELEVANT,none,high,Factor V Leiden contraceptive risk; hematologic somatic,no,False
09e2f95d-8258-4660-ac4c-330821483f78,NOT_RELEVANT,none,high,Breastfeeding cold medication safety; somatic,no,False
24816a86-1ef5-4588-b275-21e675bfd1d5,NOT_RELEVANT,none,high,"Nutrition/portion-control question, no mental-health component",no,False
fde30eb5-eefa-4c17-b372-cb412a6f4304,RELEVANT,anxiety,high,"Generalized anxiety disorder, meds/therapy ineffective, seeking treatment",yes,False
506a265e-3a0a-439d-b7f0-d991e0566732,NOT_RELEVANT,none,high,"Post-stroke swallowing rehab, no psychiatric content",no,False
eed30dea-c57e-427e-a736-486fe85a85eb,NOT_RELEVANT,none,high,Dermatology skin-tag removal question,no,False
f16dc04b-3cf2-43f0-8e65-412424611616,NOT_RELEVANT,none,high,"Heart failure SOAP note, somatic",no,False
43b6ae4e-6258-4ac3-9ce3-2f8ce9c540c3,NOT_RELEVANT,none,high,"Swollen leg bump, somatic concern",no,False
cdc50433-fcc0-4cce-99e3-2b34d7bd7c3e,BORDERLINE,anxiety,low,"Erectile dysfunction with performance anxiety, worthlessness; mood entangled",yes,False
f8be2d21-9748-4b69-a270-eeda5f2d1c7c,NOT_RELEVANT,none,high,"Postpartum infection H&P, somatic",no,False
dd5b0497-5340-44d5-9f1d-ddd0d19e35ca,NOT_RELEVANT,none,high,Dengue fever treatment question,no,False
387ef6e8-ad53-4444-9f4c-73b0771a5853,NOT_RELEVANT,none,high,"Stomach issues, somatic GI",no,False
84b14018-7a99-4aaf-bbea-a1113682c004,NOT_RELEVANT,none,high,"Chest flutter, lightheadedness; cardiac concern",no,False
e54cd105-d54a-43c9-b7b3-303f5a047f99,NOT_RELEVANT,none,medium,"Coffee palpitations; cardiac focus, anxiety only incidental",no,False
44f8bb1d-6bc4-4ca4-a365-d84b54f82384,NOT_RELEVANT,none,high,"Diabetes medication management, somatic",no,False
e6474429-9176-4537-bcad-908513bd8503,NOT_RELEVANT,none,high,"Fleas and bites, infection concern",no,False
77495acd-75a0-4324-b362-707e404f85df,NOT_RELEVANT,none,high,"Postpartum pelvic-floor incontinence message, somatic",no,False
d8c1d24a-959d-4428-97d4-930113e373ff,NOT_RELEVANT,none,high,HIV post-exposure prophylaxis question,no,False
ce551b8e-814f-4b84-ba83-c7f83b465c29,NOT_RELEVANT,none,high,"Vaccine scheduling, no psychiatric content",no,False
06dfd2e1-f38c-4032-8cfd-4365b08fe104,NOT_RELEVANT,none,high,COVID booster timing question,no,False
703e30a3-adcc-4912-a4e1-7de9df90f83a,NOT_RELEVANT,none,high,"Child diarrhea home remedy, somatic",no,False
4c0de6d2-90be-4a30-8c87-40f9fc064377,NOT_RELEVANT,none,high,"Pediatric asthma management, somatic",no,False
4e0f403b-127d-461c-a132-5dd459ee480d,NOT_RELEVANT,none,high,"Growth hormone RCT summary, somatic",no,False
535b9228-30fd-4911-8222-9d6eafb97ec3,NOT_RELEVANT,none,high,Contrast nephropathy in borderline CKD; non-psychiatric,no,False
5b1cdedb-d1ec-4bfb-8aa1-de54dd2bd17e,NOT_RELEVANT,none,high,"RSV palivizumab dosing, somatic",no,False
c48aea1f-c443-4eb9-bf1f-11cb22feef35,NOT_RELEVANT,none,high,"Roflumilast in COPD, somatic",no,False
36e0d4da-8a8a-4e40-b39a-15098b61608e,BORDERLINE,cognitive_neuro,low,"Altered mental status, mania symptom; suspected autoimmune encephalitis",yes,False
4c40de96-90cc-43ac-843f-16fe37f02db9,NOT_RELEVANT,none,high,"Dandruff home remedy, dermatologic",no,False
6ba38bdd-0932-4ffc-b58a-3170196e2ecb,BORDERLINE,sleep,medium,Insomnia without explicit psychological framing,yes,False
92d900cc-935f-4950-b786-9aa5fba9b016,RELEVANT,neurodevelopmental_adhd,high,"Suspected ADHD, stimulant medication, focus difficulties central",yes,False
3013abf6-2e41-40cf-9706-906d974f81f9,NOT_RELEVANT,none,high,"Diabetes meal plan, somatic/nutrition",no,False
fc9635c1-8b62-47a2-ba93-0247ff3dd19b,NOT_RELEVANT,none,high,"Postpartum hemorrhage management, somatic OB",no,False
8c95d176-de06-411f-8df2-f407a990dfca,RELEVANT,psychotherapy_access,high,"Mental-health chatbots as therapy alternative, outcomes",yes,False
057c4f88-d747-4e33-a027-984d2b2afbeb,NOT_RELEVANT,none,high,"Earwax question, somatic ENT",no,False
3fb10f2b-ef22-4b6b-afd0-3ab4f0fe268c,NOT_RELEVANT,none,high,Tdap booster question,no,False
bb786a04-2768-4e7b-b237-4985a6937a4b,NOT_RELEVANT,none,high,"Cough warning signs, somatic respiratory",no,False
8faeed75-9db1-448b-9108-7b67420066a0,NOT_RELEVANT,none,high,"Typhoid fever sign-out summary, somatic",no,False
49511bde-e4d9-4ee8-83fd-74792a62c305,NOT_RELEVANT,none,high,"Recurring forearm rash, dermatologic",no,False
0fd83947-81b1-40c6-a99f-436623d6a72d,NOT_RELEVANT,none,high,"Ibuprofen dosing question, non-psychiatric",no,False
608b25b4-be58-4e13-997a-4b32677c4a88,NOT_RELEVANT,none,high,"Vomiting triage, dehydration; somatic",no,False
7b65e969-5f50-4d1b-b628-a600f4710a30,NOT_RELEVANT,none,high,"Osteosarcoma necrosis grading note, oncology",no,False
baffe0d9-bcef-4be0-a279-96a99b0e7db2,NOT_RELEVANT,none,high,"Pediatric pollen asthma management, somatic",no,False
3e2283a5-81de-4fac-a1d3-60bcc2762eb9,NOT_RELEVANT,none,high,"Twisted ankle painkillers, somatic injury",no,False
c28ac978-31e6-463d-b97b-3dadcf059db4,NOT_RELEVANT,none,high,"Bacterial vaginosis treatment, gynecologic",no,False
02a35818-b22e-4eed-8fc6-c624c0050229,NOT_RELEVANT,none,medium,"HIV in pregnancy, vertical transmission; worry not mood-framed",no,False
8f180002-8b25-4ebc-8b04-5a8b296c6fde,BORDERLINE,anxiety,low,Heart flutters with strong worry/unsettled framing; somatic overlay,yes,False
5368ef0d-c735-4f08-9e4c-a7806afcd276,NOT_RELEVANT,none,high,"Prenatal vitamin brand/dose, nutrition",no,False
2605025c-3620-4778-92e2-6618681b1806,NOT_RELEVANT,none,high,"Back soreness from gaming, posture/musculoskeletal",no,False
ec3451cd-b2f1-424e-a26c-b32bc755a854,NOT_RELEVANT,none,high,"Sugar crash explanation, metabolic",no,False
661999c6-efa9-46e2-9395-7f3afc3d63e6,NOT_RELEVANT,none,high,"Fever, somatic",no,False
fa46afe1-d5ca-4d4e-9de5-b079c4f51a07,NOT_RELEVANT,none,high,Shivering vs chills emergency; somatic,no,False
9867c10e-e3c8-41b3-ac27-6024e003d754,NOT_RELEVANT,none,high,"Herbal tea for cholesterol, somatic",no,False
d539a642-0ab5-4ed2-af54-1ed542320448,NOT_RELEVANT,none,high,"Swollen leg differential, purely somatic",no,False
0f01388b-fa22-40c1-9b05-c8acedebb142,NOT_RELEVANT,none,high,"Pneumonia symptoms, respiratory somatic concern",no,False
f6fa66c6-eca4-427b-99e3-beb3d9e42905,NOT_RELEVANT,none,high,"Fertility supplement question, no mental-health component",no,False
e9a5a4b9-8180-4b31-abe2-641b3a24b2aa,NOT_RELEVANT,none,high,Trigger finger orthopedic question,no,False
224ba527-0e29-4c20-92b5-c6dbd8ac5e27,NOT_RELEVANT,none,high,"ICD-10 billing codes, administrative",no,False
e1873205-8f89-4b8a-93e7-5dc39c36735c,BORDERLINE,sleep,low,"Sleep schedule/circadian rhythm, no psychological framing",yes,False
2371d33f-6922-4fc9-891c-5f40e4d90fd0,NOT_RELEVANT,none,high,"Number of teeth in toddler, dental",no,False
5cd524c3-50ae-4989-8a38-55a0215cc738,NOT_RELEVANT,none,high,"Mole removal procedure, dermatologic",no,False
a9c6de02-881b-4c2b-91e7-1a37433c2636,NOT_RELEVANT,none,high,Cardiac arrhythmia after ablation,no,False
9df4067e-eec9-484d-b747-aba6bebad285,NOT_RELEVANT,none,high,"Flossing technique, dental",no,False
a7d5738b-e518-4dee-9591-75ee1d915f37,NOT_RELEVANT,none,high,"Chest vibrating sensation, cardiac somatic",no,False
c99fa133-c551-4886-a096-30b5e0b72708,NOT_RELEVANT,none,high,"Dizziness on standing, orthostatic somatic",yes,False
18904ff3-7d54-4b79-af90-7c8ebf265d1d,NOT_RELEVANT,none,high,"EMS run sheet for trauma, administrative",no,False
226120a6-f6a7-462b-91dc-130c34cb56da,NOT_RELEVANT,none,high,"Rheumatoid arthritis diagnosis, somatic",no,False
733152c0-0116-492b-9211-8703f9000ccd,NOT_RELEVANT,none,high,"Drug rash, dermatologic/pharmacologic",no,False
6fe7b482-5f48-4c11-a071-a552bbbaec82,NOT_RELEVANT,none,high,"Heparin bridging mechanical valve, cardiac",no,False
fdf214c2-a59d-4256-ada9-7e6e2a571858,NOT_RELEVANT,none,high,"Laceration repair CPT codes, administrative",no,False
f9c9fab3-9214-4835-8c63-b86f313f59d6,NOT_RELEVANT,none,high,"Leukemia herbal cure, oncology",no,False
6fb23359-4443-44b0-aa95-244d23709170,BORDERLINE,cognitive_neuro,medium,"Memory lapses, missed appointments, cognitive decline",yes,False
c5e76d77-a8ed-4293-a984-59736a23ece3,NOT_RELEVANT,none,high,"Dizziness, headache, blurred vision, neurologic somatic",no,False
e22095c9-3c54-4e48-b420-aa0761d231e5,NOT_RELEVANT,none,high,"Heavy chest climbing stairs, cardiac",no,False
00f4630a-9296-42b8-b6d8-e4487255bfd6,NOT_RELEVANT,none,high,"IUD cost and side effects, gynecologic",no,False
988cdc16-c399-4ce5-b217-9f02e14ebeee,NOT_RELEVANT,none,high,"Albuterol inhaler dosing, respiratory",no,False
79acbd4c-1686-4ecf-8a78-8c0b8b99015a,NOT_RELEVANT,none,high,"Migraine SOAP note; topiramate for headache, not psychiatric",no,False
462b1d56-ce9f-4177-b09c-8c70b5f16c0c,NOT_RELEVANT,none,high,"Portion sizes, nutrition wellness",yes,False
6793e3d8-f279-4bb0-946f-5c6e998ea4d8,NOT_RELEVANT,none,high,"Suture removal timing, wound care",no,False
28c7bb3f-16b9-442c-a8fb-72c75bb85fcf,NOT_RELEVANT,none,high,"Pediatric anaphylaxis dosing, emergency somatic",no,False
2b77fd41-55f9-4a4b-869f-79c2a6b042cf,NOT_RELEVANT,none,high,"Lead test result message, administrative",no,False
14399e2b-f6a5-443a-9707-4aeaed8bae8d,NOT_RELEVANT,none,high,"Schistosomiasis testing, infectious disease",no,False
8164a52e-ddb2-4920-b2ea-37cf8f13a008,RELEVANT,psychosis,medium,"Hears noises nobody else hears, possible auditory hallucinations",yes,False
dc7a1810-1c16-441a-a3ed-55751bc9021f,NOT_RELEVANT,none,high,"Suspected appendicitis, surgical abdominal",no,False
13780219-8b8a-44f6-b11b-f2cdafcb6fd6,NOT_RELEVANT,none,high,"MERS exposure, infectious disease",no,False
03de872c-6219-468f-85c0-d679aaf615e6,NOT_RELEVANT,none,high,"Latent TB prophylaxis, infectious disease",no,False
9627cb68-cb9f-4c35-9789-f1172bcc9e76,NOT_RELEVANT,none,high,"Surgical wound follow-up summary, administrative",no,False
0548bd74-5484-484d-8777-d4051ef8ab65,NOT_RELEVANT,none,high,"Shortness of breath, respiratory somatic",no,False
6846c606-7981-4665-86dc-dac94783ae6d,NOT_RELEVANT,none,high,"Food allergy snacks, dietary",yes,False
d49dfee1-d0ef-43b1-94bd-8b0e9724d449,NOT_RELEVANT,none,medium,"Joint pain in knees/elbows, musculoskeletal somatic",no,False
45ab9348-53b4-4f1e-929b-f53cf5eee1ad,NOT_RELEVANT,none,high,"Travel vaccinations, preventive",no,False
496d1380-dbd9-47ff-b27b-848733ee88fc,NOT_RELEVANT,none,high,"Acne home remedies, dermatologic",no,False
b345a907-5980-4e4a-a1cb-a0005ffd5bda,NOT_RELEVANT,none,high,"Facial droop, stroke/neurologic emergency",no,False
85e8b360-d2e7-41cc-8af7-b1d24e953782,NOT_RELEVANT,none,high,"Malaria prophylaxis dosing, infectious disease",no,False
f83d0ead-a24e-4e8c-8bb1-8209463ae99c,NOT_RELEVANT,none,high,"Dizziness/palpitations stroke red flags, cardiac",no,False
9a692845-528a-4c6e-b1f3-62b158a694be,NOT_RELEVANT,none,high,"Grandma vomiting, GI somatic",no,False
df1a2e28-3769-4fdd-81c1-6e6950ffed50,NOT_RELEVANT,none,high,"Headache from new glasses, optometric",no,False
6c1eaabb-908a-4414-8d73-597b5347e73b,NOT_RELEVANT,none,high,"Appendicitis exam note, abdominal",no,False
c4d8b028-f148-47ca-b1bc-c5c4675231b7,NOT_RELEVANT,none,high,"Hereditary colon cancer gene test, oncology screening",no,False
0175eaea-4d14-4932-956b-601951a09b59,NOT_RELEVANT,none,medium,"RASS/SAS palliative sedation scales, end-of-life somatic",no,False
a644d818-6989-42b4-84b7-f87ff18e92fa,NOT_RELEVANT,none,high,"Cholesterol/hypertension in diabetics, cardiovascular",no,False
e1cf80cd-965e-4a64-b2e3-a9549735161a,NOT_RELEVANT,none,high,"Crush hand injury, trauma emergency",no,False
68b20b72-f599-4cd0-a724-097d50ecd1b8,NOT_RELEVANT,none,high,"Breastfeeding during flu outbreak, infant feeding",no,False
